protein_a	protein_b	combined_score
ACKR2	AKT1	0.549
ACKR2	AOC3	0.442
ACKR2	APP	0.416
ACKR2	CCL11	0.795
ACKR2	CCL17	0.99
ACKR2	CCL19	0.965
ACKR2	CCL2	0.985
ACKR2	CCL20	0.814
ACKR2	CCL21	0.992
ACKR2	CCL22	0.977
ACKR2	CCL3	0.982
ACKR2	CCL4	0.93
ACKR2	CCL5	0.985
ACKR2	CCR1	0.824
ACKR2	CCR2	0.803
ACKR2	CCR3	0.551
ACKR2	CCR5	0.668
ACKR2	CCR6	0.615
ACKR2	CCR7	0.833
ACKR2	CCR8	0.58
ACKR2	CCR9	0.406
ACKR2	CCRL2	0.697
ACKR2	CD19	0.53
ACKR2	CD2	0.561
ACKR2	CD27	0.507
ACKR2	CD274	0.445
ACKR2	CD28	0.48
ACKR2	CD38	0.618
ACKR2	CD4	0.734
ACKR2	CD40	0.482
ACKR2	CD40LG	0.432
ACKR2	CD44	0.479
ACKR2	CD69	0.572
ACKR2	CD80	0.537
ACKR2	CD86	0.507
ACKR2	CD8A	0.817
ACKR2	CSF2	0.445
ACKR2	CTLA4	0.514
ACKR2	CX3CL1	0.441
ACKR2	CX3CR1	0.438
ACKR2	CXCL1	0.454
ACKR2	CXCL10	0.723
ACKR2	CXCL11	0.672
ACKR2	CXCL12	0.9
ACKR2	CXCL13	0.685
ACKR2	CXCL8	0.675
ACKR2	CXCL9	0.702
ACKR2	CXCR2	0.451
ACKR2	CXCR3	0.518
ACKR2	CXCR4	0.643
ACKR2	CXCR5	0.489
ACKR2	CXCR6	0.418
ACKR2	FCGR3A	0.446
ACKR2	FCGR3B	0.446
ACKR2	FOXP3	0.666
ACKR2	GZMB	0.482
ACKR2	ICAM1	0.416
ACKR2	ICOS	0.483
ACKR2	IDO1	0.406
ACKR2	IFNA1	0.482
ACKR2	IFNB1	0.496
ACKR2	IFNG	0.623
ACKR2	IL10	0.595
ACKR2	IL13	0.506
ACKR2	IL15	0.481
ACKR2	IL17A	0.609
ACKR2	IL18	0.408
ACKR2	IL1B	0.481
ACKR2	IL2	0.567
ACKR2	IL22	0.591
ACKR2	IL2RA	0.536
ACKR2	IL2RB	0.4
ACKR2	IL33	0.4
ACKR2	IL4	0.545
ACKR2	IL5	0.476
ACKR2	IL6	0.527
ACKR2	IL7	0.476
ACKR2	IL7R	0.58
ACKR2	IRF8	0.514
ACKR2	ITGA4	0.647
ACKR2	ITGAE	0.72
ACKR2	ITGAM	0.571
ACKR2	ITGAX	0.583
ACKR2	ITGB1	0.529
ACKR2	KLRB1	0.479
ACKR2	KLRG1	0.435
ACKR2	LAG3	0.428
ACKR2	LCK	0.461
ACKR2	NCAM1	0.612
ACKR2	PRF1	0.418
ACKR2	PTPRC	0.578
ACKR2	RORC	0.442
ACKR2	S1PR1	0.62
ACKR2	SELE	0.642
ACKR2	SELL	0.753
ACKR2	SELP	0.661
ACKR2	TBX21	0.543
ACKR2	TGFB1	0.576
ACKR2	TNF	0.548
ACKR2	VCAM1	0.785
AICDA	ATP5F1A	0.48
AICDA	BCL2	0.491
AICDA	BCL6	0.898
AICDA	BTK	0.493
AICDA	CD19	0.788
AICDA	CD22	0.482
AICDA	CD27	0.728
AICDA	CD38	0.617
AICDA	CD4	0.566
AICDA	CD40	0.805
AICDA	CD40LG	0.853
AICDA	CD5	0.473
AICDA	CD79A	0.514
AICDA	CD79B	0.571
AICDA	CD80	0.429
AICDA	CD86	0.474
AICDA	CD8A	0.447
AICDA	CR2	0.663
AICDA	CXCL13	0.566
AICDA	CXCR4	0.509
AICDA	CXCR5	0.607
AICDA	FAS	0.596
AICDA	ICOS	0.449
AICDA	IFNG	0.437
AICDA	IL10	0.482
AICDA	IL17A	0.405
AICDA	IL21	0.547
AICDA	IL21R	0.5
AICDA	IL4	0.725
AICDA	IL6	0.432
AICDA	IRF4	0.672
AICDA	IRF8	0.483
AICDA	MYD88	0.449
AICDA	POU2AF1	0.603
AICDA	PRDM1	0.78
AICDA	PTPRC	0.538
AICDA	SDC1	0.588
AICDA	SPN	0.524
AICDA	STAT6	0.402
AICDA	TBX21	0.422
AICDA	TLR7	0.484
AICDA	TLR9	0.502
AICDA	TNF	0.442
AICDA	TNFRSF13B	0.611
AICDA	TNFSF13B	0.653
AIF1	AKT1	0.51
AIF1	ALB	0.729
AIF1	APOE	0.594
AIF1	APP	0.77
AIF1	BCL2	0.467
AIF1	BDNF	0.72
AIF1	BTK	0.431
AIF1	C1QA	0.847
AIF1	C3	0.416
AIF1	CASP1	0.67
AIF1	CASP3	0.698
AIF1	CCL2	0.698
AIF1	CCL3	0.554
AIF1	CCL4	0.65
AIF1	CCL5	0.563
AIF1	CCR1	0.69
AIF1	CCR2	0.648
AIF1	CCR3	0.454
AIF1	CCR5	0.464
AIF1	CCR8	0.4
AIF1	CD163	0.735
AIF1	CD33	0.498
AIF1	CD36	0.416
AIF1	CD4	0.631
AIF1	CD52	0.521
AIF1	CD68	0.871
AIF1	CD69	0.553
AIF1	CD86	0.818
AIF1	CD8A	0.532
AIF1	CLDN5	0.582
AIF1	CNP	0.677
AIF1	CSF1	0.574
AIF1	CSF1R	0.857
AIF1	CSF2	0.436
AIF1	CSPG4	0.542
AIF1	CX3CL1	0.633
AIF1	CX3CR1	0.804
AIF1	CXCL1	0.449
AIF1	CXCL10	0.537
AIF1	CXCL9	0.403
AIF1	CXCR4	0.431
AIF1	CYBB	0.744
AIF1	FCGR1A	0.574
AIF1	FCGR2A	0.635
AIF1	FCGR2B	0.601
AIF1	FCGR3A	0.717
AIF1	FCGR3B	0.681
AIF1	FGF2	0.48
AIF1	FOXP3	0.523
AIF1	GFAP	0.913
AIF1	HMOX1	0.528
AIF1	ICAM1	0.478
AIF1	IFNG	0.626
AIF1	IL10	0.705
AIF1	IL10RA	0.451
AIF1	IL13	0.424
AIF1	IL17A	0.455
AIF1	IL18	0.52
AIF1	IL1A	0.558
AIF1	IL1B	0.851
AIF1	IL1R1	0.404
AIF1	IL2	0.402
AIF1	IL4	0.589
AIF1	IL6	0.777
AIF1	IRF8	0.539
AIF1	ITGAM	0.843
AIF1	ITGAX	0.611
AIF1	ITGB2	0.72
AIF1	LTA	0.466
AIF1	MBP	0.782
AIF1	MMP9	0.535
AIF1	MOG	0.604
AIF1	MPO	0.541
AIF1	MRC1	0.758
AIF1	MYD88	0.471
AIF1	NEFH	0.565
AIF1	NEFL	0.516
AIF1	NFKB1	0.805
AIF1	NLRP3	0.561
AIF1	NOS2	0.501
AIF1	NTRK2	0.454
AIF1	OCLN	0.486
AIF1	OLIG1	0.455
AIF1	OLIG2	0.771
AIF1	PDGFRA	0.49
AIF1	PECAM1	0.724
AIF1	PLP1	0.448
AIF1	PTGS2	0.59
AIF1	PTPRC	0.813
AIF1	PXDNL	0.738
AIF1	SOD1	0.587
AIF1	STAT3	0.453
AIF1	TGFB1	0.485
AIF1	THY1	0.455
AIF1	TJP1	0.479
AIF1	TLR2	0.627
AIF1	TLR4	0.722
AIF1	TLR7	0.42
AIF1	TNF	0.846
AIF1	TREM2	0.752
AIF1	TYROBP	0.943
AIF1	VWF	0.428
AKT1	ALB	0.795
AKT1	ANGPT2	0.653
AKT1	APOE	0.697
AKT1	APP	0.665
AKT1	BAX	0.761
AKT1	BCL2	0.993
AKT1	BCL6	0.522
AKT1	BDNF	0.835
AKT1	BTK	0.61
AKT1	CASP1	0.617
AKT1	CASP3	0.945
AKT1	CCL2	0.72
AKT1	CCL20	0.443
AKT1	CCL21	0.405
AKT1	CCL3	0.677
AKT1	CCL4	0.451
AKT1	CCL5	0.725
AKT1	CCR2	0.514
AKT1	CCR5	0.48
AKT1	CCR7	0.48
AKT1	CD163	0.458
AKT1	CD19	0.675
AKT1	CD27	0.418
AKT1	CD274	0.72
AKT1	CD276	0.483
AKT1	CD28	0.802
AKT1	CD33	0.4
AKT1	CD34	0.661
AKT1	CD36	0.596
AKT1	CD38	0.656
AKT1	CD4	0.839
AKT1	CD40	0.597
AKT1	CD40LG	0.504
AKT1	CD44	0.777
AKT1	CD68	0.537
AKT1	CD69	0.447
AKT1	CD79A	0.4
AKT1	CD80	0.777
AKT1	CD86	0.783
AKT1	CD8A	0.811
AKT1	CLDN5	0.448
AKT1	CRP	0.53
AKT1	CSF1	0.584
AKT1	CSF1R	0.604
AKT1	CSF2	0.608
AKT1	CSF3	0.543
AKT1	CTLA4	0.811
AKT1	CX3CL1	0.451
AKT1	CX3CR1	0.414
AKT1	CXCL1	0.577
AKT1	CXCL10	0.54
AKT1	CXCL11	0.404
AKT1	CXCL12	0.722
AKT1	CXCL13	0.4
AKT1	CXCL2	0.41
AKT1	CXCL8	0.72
AKT1	CXCL9	0.418
AKT1	CXCR2	0.562
AKT1	CXCR3	0.43
AKT1	CXCR4	0.75
AKT1	CYBB	0.994
AKT1	FAS	0.532
AKT1	FASLG	0.667
AKT1	FCGR1A	0.505
AKT1	FCGR2B	0.401
AKT1	FCGR3A	0.474
AKT1	FCGR3B	0.447
AKT1	FGF2	0.926
AKT1	FOXP3	0.623
AKT1	GFAP	0.623
AKT1	GPX5	0.635
AKT1	GPX6	0.635
AKT1	GRIA1	0.48
AKT1	GSR	0.542
AKT1	GZMB	0.512
AKT1	HAVCR2	0.495
AKT1	HIF1A	0.932
AKT1	HMGCR	0.643
AKT1	HMOX1	0.796
AKT1	ICAM1	0.704
AKT1	ICOS	0.42
AKT1	IDO1	0.512
AKT1	IDO2	0.418
AKT1	IFNA1	0.579
AKT1	IFNA2	0.404
AKT1	IFNB1	0.713
AKT1	IFNG	0.817
AKT1	IL10	0.731
AKT1	IL12RB1	0.501
AKT1	IL13	0.58
AKT1	IL15	0.507
AKT1	IL17A	0.623
AKT1	IL18	0.581
AKT1	IL1A	0.666
AKT1	IL1B	0.864
AKT1	IL1R1	0.46
AKT1	IL2	0.692
AKT1	IL22	0.446
AKT1	IL2RA	0.405
AKT1	IL3	0.692
AKT1	IL33	0.43
AKT1	IL4	0.699
AKT1	IL5	0.449
AKT1	IL6	0.872
AKT1	IL6R	0.505
AKT1	IL7	0.525
AKT1	IL7R	0.465
AKT1	IRF4	0.681
AKT1	ITGA4	0.579
AKT1	ITGAM	0.611
AKT1	ITGAX	0.472
AKT1	ITGB1	0.728
AKT1	ITGB2	0.456
AKT1	KLRK1	0.444
AKT1	LAG3	0.458
AKT1	LCK	0.799
AKT1	MBP	0.456
AKT1	MMP9	0.827
AKT1	MPO	0.546
AKT1	MRC1	0.482
AKT1	MTOR	0.999
AKT1	MYD88	0.823
AKT1	NCAM1	0.46
AKT1	NFE2L2	0.923
AKT1	NFKB1	0.896
AKT1	NLRP3	0.569
AKT1	NOS2	0.976
AKT1	NOTCH1	0.887
AKT1	NQO1	0.706
AKT1	OCLN	0.601
AKT1	OLIG2	0.4
AKT1	PDCD1	0.587
AKT1	PDCD1LG2	0.507
AKT1	PDGFRA	0.486
AKT1	PECAM1	0.719
AKT1	PPARGC1A	0.756
AKT1	PRDM1	0.42
AKT1	PRF1	0.469
AKT1	PTGS2	0.775
AKT1	PTPRC	0.676
AKT1	PXDNL	0.875
AKT1	S1PR1	0.561
AKT1	S1PR5	0.403
AKT1	SCARB1	0.613
AKT1	SDC1	0.702
AKT1	SELE	0.538
AKT1	SELL	0.681
AKT1	SELP	0.519
AKT1	SIRT1	0.873
AKT1	SLC2A1	0.708
AKT1	SOD1	0.568
AKT1	SOD2	0.631
AKT1	SOX10	0.41
AKT1	STAT1	0.961
AKT1	STAT3	0.966
AKT1	STAT4	0.421
AKT1	STAT6	0.823
AKT1	TBX21	0.47
AKT1	TFAM	0.57
AKT1	TGFB1	0.868
AKT1	THY1	0.517
AKT1	TJP1	0.797
AKT1	TLR2	0.704
AKT1	TLR4	0.769
AKT1	TLR7	0.505
AKT1	TLR9	0.538
AKT1	TNF	0.907
AKT1	TNFRSF1A	0.817
AKT1	TNFRSF4	0.762
AKT1	TNFRSF9	0.418
AKT1	TNFSF13B	0.453
AKT1	TXN	0.765
AKT1	TYROBP	0.755
AKT1	VCAM1	0.678
AKT1	VWF	0.545
ALB	ANGPT2	0.656
ALB	AOC3	0.506
ALB	APOE	0.953
ALB	APP	0.901
ALB	BAX	0.446
ALB	BCL2	0.748
ALB	BDNF	0.684
ALB	C3	0.959
ALB	C5	0.445
ALB	CASP1	0.611
ALB	CASP3	0.815
ALB	CCL11	0.445
ALB	CCL2	0.739
ALB	CCL20	0.4
ALB	CCL3	0.543
ALB	CCL4	0.51
ALB	CCL5	0.598
ALB	CCR2	0.522
ALB	CCR5	0.497
ALB	CCR7	0.497
ALB	CD163	0.597
ALB	CD19	0.684
ALB	CD27	0.469
ALB	CD274	0.586
ALB	CD28	0.542
ALB	CD33	0.418
ALB	CD34	0.746
ALB	CD36	0.64
ALB	CD38	0.554
ALB	CD3E	0.533
ALB	CD4	0.817
ALB	CD40	0.541
ALB	CD40LG	0.557
ALB	CD44	0.739
ALB	CD5	0.469
ALB	CD68	0.727
ALB	CD69	0.504
ALB	CD80	0.595
ALB	CD86	0.736
ALB	CD8A	0.771
ALB	CFH	0.678
ALB	CLDN5	0.613
ALB	CNP	0.41
ALB	CRP	0.928
ALB	CSF1	0.533
ALB	CSF1R	0.435
ALB	CSF2	0.672
ALB	CSF3	0.75
ALB	CTLA4	0.522
ALB	CX3CL1	0.403
ALB	CX3CR1	0.461
ALB	CXCL1	0.518
ALB	CXCL10	0.583
ALB	CXCL12	0.592
ALB	CXCL8	0.782
ALB	CXCL9	0.647
ALB	CXCR4	0.615
ALB	CYBB	0.553
ALB	FAS	0.438
ALB	FASLG	0.476
ALB	FCGR1A	0.475
ALB	FCGR2A	0.6
ALB	FCGR2B	0.601
ALB	FCGR3A	0.852
ALB	FCGR3B	0.824
ALB	FGF2	0.842
ALB	FOXP3	0.677
ALB	GFAP	0.771
ALB	GPX5	0.713
ALB	GPX6	0.713
ALB	GRIA1	0.424
ALB	GSR	0.589
ALB	GZMB	0.479
ALB	HIF1A	0.642
ALB	HMGCR	0.734
ALB	HMOX1	0.683
ALB	ICAM1	0.709
ALB	ID2	0.497
ALB	IDO1	0.453
ALB	IFNA1	0.758
ALB	IFNA2	0.734
ALB	IFNB1	0.572
ALB	IFNG	0.866
ALB	IL10	0.847
ALB	IL13	0.61
ALB	IL15	0.66
ALB	IL17A	0.8
ALB	IL17F	0.56
ALB	IL18	0.63
ALB	IL1A	0.725
ALB	IL1B	0.836
ALB	IL2	0.718
ALB	IL22	0.436
ALB	IL3	0.591
ALB	IL33	0.438
ALB	IL4	0.725
ALB	IL5	0.619
ALB	IL6	0.926
ALB	IL6R	0.584
ALB	IL7	0.652
ALB	ITGAM	0.727
ALB	ITGAX	0.631
ALB	ITGB1	0.617
ALB	ITGB2	0.684
ALB	LCK	0.417
ALB	MBP	0.649
ALB	MMP9	0.745
ALB	MOG	0.469
ALB	MPO	0.887
ALB	MRC1	0.721
ALB	MTOR	0.628
ALB	MYD88	0.563
ALB	NCAM1	0.591
ALB	NEFH	0.423
ALB	NEFL	0.534
ALB	NFE2L2	0.59
ALB	NFKB1	0.621
ALB	NLRP3	0.481
ALB	NOS2	0.499
ALB	NOTCH1	0.463
ALB	NQO1	0.529
ALB	NTRK2	0.426
ALB	OCLN	0.674
ALB	OLIG2	0.475
ALB	PDCD1	0.475
ALB	PDGFRA	0.496
ALB	PECAM1	0.781
ALB	PLP1	0.607
ALB	PPARGC1A	0.599
ALB	PRF1	0.447
ALB	PTGS2	0.772
ALB	PTPRC	0.773
ALB	PXDNL	0.937
ALB	SCARB1	0.899
ALB	SDC1	0.592
ALB	SELE	0.591
ALB	SELL	0.543
ALB	SELP	0.72
ALB	SIRT1	0.611
ALB	SLC2A1	0.63
ALB	SOD1	0.623
ALB	SOD2	0.521
ALB	SOX10	0.407
ALB	STAT1	0.545
ALB	STAT3	0.694
ALB	TFAM	0.444
ALB	TGFB1	0.784
ALB	THY1	0.699
ALB	TJP1	0.715
ALB	TLR2	0.733
ALB	TLR4	0.821
ALB	TLR7	0.472
ALB	TLR9	0.494
ALB	TNF	0.87
ALB	TNFRSF1A	0.6
ALB	TNFSF13B	0.406
ALB	TXN	0.617
ALB	VCAM1	0.65
ALB	VWF	0.871
ANGPT2	BDNF	0.578
ANGPT2	CCL11	0.511
ANGPT2	CCL2	0.578
ANGPT2	CCL5	0.401
ANGPT2	CD274	0.412
ANGPT2	CD34	0.56
ANGPT2	CLDN5	0.503
ANGPT2	CRP	0.488
ANGPT2	CSF1R	0.806
ANGPT2	CSF2	0.419
ANGPT2	CSF3	0.583
ANGPT2	CXCL10	0.414
ANGPT2	CXCL12	0.602
ANGPT2	CXCL8	0.869
ANGPT2	CXCR4	0.506
ANGPT2	FGF2	0.83
ANGPT2	HIF1A	0.65
ANGPT2	ICAM1	0.6
ANGPT2	IFNG	0.447
ANGPT2	IGHV3-43D	0.905
ANGPT2	IL10	0.485
ANGPT2	IL1B	0.689
ANGPT2	IL6	0.75
ANGPT2	ITGB1	0.796
ANGPT2	ITGB2	0.492
ANGPT2	MMP9	0.629
ANGPT2	NOTCH1	0.402
ANGPT2	NTRK2	0.684
ANGPT2	PDGFRA	0.864
ANGPT2	PECAM1	0.705
ANGPT2	PTGS2	0.462
ANGPT2	SELE	0.598
ANGPT2	SELP	0.849
ANGPT2	TGFB1	0.512
ANGPT2	TNF	0.575
ANGPT2	VCAM1	0.614
ANGPT2	VWF	0.903
AOC3	BCL6	0.417
AOC3	CCL2	0.401
AOC3	CCL21	0.401
AOC3	CCR2	0.457
AOC3	CCR6	0.479
AOC3	CCR7	0.513
AOC3	CCR9	0.418
AOC3	CCRL2	0.478
AOC3	CD19	0.795
AOC3	CD1D	0.522
AOC3	CD27	0.572
AOC3	CD274	0.507
AOC3	CD276	0.412
AOC3	CD28	0.772
AOC3	CD34	0.503
AOC3	CD36	0.463
AOC3	CD3E	0.849
AOC3	CD4	0.877
AOC3	CD40	0.582
AOC3	CD40LG	0.435
AOC3	CD44	0.773
AOC3	CD5	0.648
AOC3	CD69	0.769
AOC3	CD80	0.623
AOC3	CD86	0.666
AOC3	CD8A	0.84
AOC3	CR2	0.545
AOC3	CSF1R	0.521
AOC3	CSF2	0.545
AOC3	CTLA4	0.573
AOC3	CX3CR1	0.4
AOC3	CXCR3	0.54
AOC3	CXCR4	0.408
AOC3	CXCR5	0.57
AOC3	FAS	0.415
AOC3	FCGR1A	0.542
AOC3	FCGR2A	0.725
AOC3	FCGR2B	0.736
AOC3	FCGR3A	0.795
AOC3	FCGR3B	0.794
AOC3	FOXP3	0.783
AOC3	GPR17	0.458
AOC3	GZMB	0.589
AOC3	ICAM1	0.49
AOC3	ICOS	0.58
AOC3	IFNG	0.776
AOC3	IL10	0.609
AOC3	IL13	0.507
AOC3	IL15	0.447
AOC3	IL17A	0.695
AOC3	IL1B	0.516
AOC3	IL2	0.726
AOC3	IL22	0.448
AOC3	IL2RA	0.418
AOC3	IL2RB	0.553
AOC3	IL3	0.408
AOC3	IL4	0.693
AOC3	IL5	0.507
AOC3	IL6	0.603
AOC3	IL7	0.51
AOC3	IL7R	0.697
AOC3	ITGA4	0.416
AOC3	ITGAE	0.647
AOC3	ITGAL	0.837
AOC3	ITGAM	0.854
AOC3	ITGAX	0.841
AOC3	KLRG1	0.642
AOC3	KLRK1	0.447
AOC3	LAG3	0.431
AOC3	LCK	0.583
AOC3	MOG	0.479
AOC3	MRC1	0.457
AOC3	PDCD1	0.445
AOC3	PECAM1	0.57
AOC3	PRF1	0.49
AOC3	PTPRC	0.878
AOC3	PXDNL	0.479
AOC3	RORC	0.404
AOC3	SCARB1	0.425
AOC3	SDC1	0.505
AOC3	SELL	0.791
AOC3	SELP	0.407
AOC3	SPN	0.618
AOC3	TBX21	0.626
AOC3	TGFB1	0.642
AOC3	THY1	0.573
AOC3	TLR4	0.403
AOC3	TNF	0.62
AOC3	TNFRSF18	0.479
AOC3	VCAM1	0.463
APOE	APP	0.999
APOE	BCL2	0.491
APOE	BDNF	0.831
APOE	C1QA	0.546
APOE	C3	0.732
APOE	C5	0.536
APOE	CASP1	0.517
APOE	CASP3	0.614
APOE	CCL2	0.746
APOE	CCL3	0.692
APOE	CCL5	0.693
APOE	CCR2	0.82
APOE	CCR3	0.431
APOE	CCR5	0.783
APOE	CD163	0.493
APOE	CD33	0.813
APOE	CD34	0.447
APOE	CD36	0.795
APOE	CD4	0.701
APOE	CD40	0.44
APOE	CD40LG	0.4
APOE	CD44	0.937
APOE	CD68	0.843
APOE	CD8A	0.51
APOE	CFH	0.958
APOE	CLDN5	0.488
APOE	CRP	0.803
APOE	CSF1	0.495
APOE	CSF1R	0.584
APOE	CSF2	0.513
APOE	CX3CL1	0.641
APOE	CX3CR1	0.764
APOE	CXCL1	0.427
APOE	CXCL10	0.476
APOE	CXCL12	0.5
APOE	CXCL13	0.557
APOE	CXCL2	0.48
APOE	CXCL8	0.683
APOE	CXCR4	0.558
APOE	CYBB	0.594
APOE	FCGR3A	0.436
APOE	FCGR3B	0.421
APOE	FGF2	0.535
APOE	FOXP3	0.471
APOE	GFAP	0.644
APOE	GPX5	0.664
APOE	GPX6	0.663
APOE	HIF1A	0.485
APOE	HLA-DRB1	0.577
APOE	HMGCR	0.806
APOE	HMOX1	0.572
APOE	ICAM1	0.789
APOE	IFNG	0.838
APOE	IL10	0.734
APOE	IL13	0.636
APOE	IL17A	0.686
APOE	IL18	0.549
APOE	IL1A	0.602
APOE	IL1B	0.846
APOE	IL2	0.431
APOE	IL4	0.542
APOE	IL5	0.59
APOE	IL6	0.835
APOE	IL9	0.442
APOE	ITGAM	0.699
APOE	ITGAX	0.529
APOE	ITGB1	0.586
APOE	LDLR	0.839
APOE	MMP9	0.769
APOE	MPO	0.63
APOE	MRC1	0.533
APOE	MTOR	0.447
APOE	MYD88	0.643
APOE	NEFL	0.613
APOE	NFE2L2	0.49
APOE	NFKB1	0.554
APOE	NLRP3	0.505
APOE	NOS2	0.42
APOE	OCLN	0.58
APOE	PECAM1	0.595
APOE	PPARGC1A	0.522
APOE	PTGS2	0.521
APOE	PTPRC	0.58
APOE	PXDNL	0.608
APOE	SCARB1	0.968
APOE	SDC1	0.932
APOE	SELE	0.616
APOE	SELP	0.593
APOE	SIRT1	0.584
APOE	SOD1	0.536
APOE	SOD2	0.448
APOE	STAT1	0.733
APOE	STAT3	0.487
APOE	TGFB1	0.694
APOE	THY1	0.545
APOE	TLR2	0.543
APOE	TLR4	0.777
APOE	TNF	0.806
APOE	TREM2	0.997
APOE	TXN	0.438
APOE	TYROBP	0.652
APOE	VCAM1	0.799
APOE	VWF	0.562
APP	BCL2	0.594
APP	BDNF	0.858
APP	BTK	0.697
APP	C3	0.887
APP	CASP1	0.502
APP	CASP3	0.908
APP	CCL19	0.418
APP	CCL2	0.506
APP	CCL4	0.472
APP	CCR5	0.445
APP	CD33	0.643
APP	CD36	0.635
APP	CD4	0.487
APP	CD44	0.823
APP	CD68	0.533
APP	CLDN5	0.43
APP	CRP	0.68
APP	CSF1R	0.413
APP	CX3CL1	0.457
APP	CX3CR1	0.457
APP	CXCL1	0.457
APP	CXCL8	0.634
APP	CXCR4	0.524
APP	FCGR2B	0.732
APP	FGF2	0.63
APP	GFAP	0.772
APP	GPX5	0.449
APP	GPX6	0.449
APP	GRIA1	0.587
APP	GRIN1	0.776
APP	GZMB	0.55
APP	HIF1A	0.483
APP	HMGCR	0.431
APP	HMOX1	0.512
APP	ICAM1	0.595
APP	IFNA2	0.459
APP	IFNG	0.55
APP	IL10	0.561
APP	IL18	0.416
APP	IL1A	0.507
APP	IL1B	0.828
APP	IL1R1	0.517
APP	IL2	0.588
APP	IL4	0.452
APP	IL6	0.68
APP	ITGAM	0.6
APP	ITGB1	0.761
APP	LDLR	0.58
APP	LINGO1	0.539
APP	MAG	0.491
APP	MBP	0.744
APP	MMP9	0.644
APP	MOG	0.426
APP	MTOR	0.491
APP	NCAM1	0.446
APP	NEFH	0.49
APP	NEFL	0.861
APP	NFE2L2	0.546
APP	NFKB1	0.87
APP	NOTCH1	0.886
APP	NTRK2	0.602
APP	PECAM1	0.402
APP	PLP1	0.571
APP	PPARGC1A	0.493
APP	PTGS2	0.642
APP	PTPRC	0.406
APP	PXDNL	0.658
APP	SCARB1	0.641
APP	SIRT1	0.572
APP	SOD1	0.802
APP	STAT1	0.483
APP	STAT3	0.753
APP	TGFB1	0.895
APP	THY1	0.694
APP	TJP1	0.406
APP	TLR2	0.578
APP	TLR4	0.67
APP	TNF	0.799
APP	TNFRSF1A	0.574
APP	TREM2	0.901
APP	TYROBP	0.507
APP	VCAM1	0.563
ATP5F1A	DHODH	0.454
ATP5F1A	GSR	0.569
ATP5F1A	MTOR	0.433
ATP5F1A	NDUFA1	0.488
ATP5F1A	PPARGC1A	0.437
ATP5F1A	SOD1	0.53
ATP5F1A	SOD2	0.603
ATP5F1A	TFAM	0.525
BAX	BCL2	0.999
BAX	BDNF	0.464
BAX	C5	0.72
BAX	CASP1	0.469
BAX	CASP3	0.884
BAX	CD34	0.766
BAX	FAS	0.64
BAX	FASLG	0.48
BAX	GPX5	0.528
BAX	GPX6	0.523
BAX	HIF1A	0.447
BAX	HMOX1	0.729
BAX	IL1B	0.55
BAX	IL6	0.515
BAX	MMP9	0.448
BAX	MTOR	0.534
BAX	NFE2L2	0.549
BAX	NQO1	0.409
BAX	PTGS2	0.664
BAX	PXDNL	0.578
BAX	SIRT1	0.942
BAX	STAT3	0.47
BAX	TGFB1	0.44
BAX	TNF	0.503
BAX	TNFRSF1A	0.402
BCL2	BCL6	0.906
BCL2	BDNF	0.793
BCL2	BTK	0.665
BCL2	C5	0.742
BCL2	CASP1	0.817
BCL2	CASP3	0.987
BCL2	CCL2	0.607
BCL2	CCL21	0.495
BCL2	CCL3	0.753
BCL2	CCL5	0.46
BCL2	CCR5	0.411
BCL2	CCR7	0.662
BCL2	CD163	0.41
BCL2	CD19	0.681
BCL2	CD1D	0.404
BCL2	CD2	0.467
BCL2	CD22	0.734
BCL2	CD27	0.515
BCL2	CD274	0.59
BCL2	CD28	0.569
BCL2	CD33	0.488
BCL2	CD34	0.945
BCL2	CD36	0.417
BCL2	CD38	0.724
BCL2	CD4	0.837
BCL2	CD40	0.591
BCL2	CD40LG	0.53
BCL2	CD44	0.692
BCL2	CD5	0.847
BCL2	CD68	0.661
BCL2	CD69	0.514
BCL2	CD79A	0.705
BCL2	CD79B	0.583
BCL2	CD80	0.527
BCL2	CD86	0.497
BCL2	CD8A	0.831
BCL2	CR2	0.613
BCL2	CRP	0.431
BCL2	CSF1	0.402
BCL2	CSF2	0.544
BCL2	CSF3	0.513
BCL2	CTLA4	0.554
BCL2	CX3CL1	0.554
BCL2	CXCL1	0.45
BCL2	CXCL10	0.421
BCL2	CXCL12	0.727
BCL2	CXCL13	0.725
BCL2	CXCL8	0.621
BCL2	CXCR4	0.759
BCL2	CXCR5	0.594
BCL2	CYBB	0.706
BCL2	FAS	0.728
BCL2	FASLG	0.811
BCL2	FCGR3A	0.436
BCL2	FCGR3B	0.407
BCL2	FGF2	0.634
BCL2	FOXP3	0.729
BCL2	GFAP	0.538
BCL2	GPX5	0.726
BCL2	GPX6	0.726
BCL2	GSR	0.549
BCL2	GZMB	0.591
BCL2	HAVCR2	0.435
BCL2	HIF1A	0.946
BCL2	HMGCR	0.419
BCL2	HMOX1	0.856
BCL2	ICAM1	0.618
BCL2	ICOS	0.42
BCL2	IDO1	0.418
BCL2	IFNA1	0.529
BCL2	IFNB1	0.482
BCL2	IFNG	0.795
BCL2	IL10	0.718
BCL2	IL13	0.452
BCL2	IL15	0.594
BCL2	IL17A	0.571
BCL2	IL18	0.552
BCL2	IL1A	0.625
BCL2	IL1B	0.808
BCL2	IL2	0.758
BCL2	IL22	0.413
BCL2	IL2RA	0.42
BCL2	IL2RB	0.438
BCL2	IL2RG	0.442
BCL2	IL3	0.679
BCL2	IL4	0.607
BCL2	IL5	0.415
BCL2	IL6	0.868
BCL2	IL6R	0.436
BCL2	IL7	0.72
BCL2	IL7R	0.742
BCL2	IRF4	0.621
BCL2	IRF8	0.416
BCL2	ITGAM	0.524
BCL2	ITGAX	0.421
BCL2	ITGB1	0.659
BCL2	ITGB2	0.589
BCL2	KLRG1	0.452
BCL2	KLRK1	0.403
BCL2	LAG3	0.418
BCL2	LCK	0.691
BCL2	MMP9	0.804
BCL2	MPO	0.583
BCL2	MTOR	0.765
BCL2	MYD88	0.624
BCL2	NCAM1	0.607
BCL2	NFE2L2	0.687
BCL2	NFKB1	0.818
BCL2	NLRP3	0.516
BCL2	NOS2	0.466
BCL2	NOTCH1	0.676
BCL2	NQO1	0.611
BCL2	NTRK2	0.52
BCL2	OCLN	0.453
BCL2	PDCD1	0.478
BCL2	PDCD1LG2	0.401
BCL2	PDGFRA	0.437
BCL2	PECAM1	0.752
BCL2	PPARGC1A	0.744
BCL2	PRDM1	0.515
BCL2	PRF1	0.522
BCL2	PTGS2	0.745
BCL2	PTPRC	0.662
BCL2	PXDNL	0.844
BCL2	SCARB1	0.42
BCL2	SDC1	0.582
BCL2	SELE	0.54
BCL2	SELL	0.497
BCL2	SIRT1	0.744
BCL2	SLC2A1	0.512
BCL2	SOD1	0.998
BCL2	SOD2	0.633
BCL2	SPN	0.702
BCL2	STAT1	0.611
BCL2	STAT3	0.959
BCL2	STAT6	0.766
BCL2	TBX21	0.498
BCL2	TFAM	0.639
BCL2	TGFB1	0.689
BCL2	THY1	0.452
BCL2	TJP1	0.481
BCL2	TLR2	0.632
BCL2	TLR4	0.724
BCL2	TLR7	0.402
BCL2	TLR9	0.46
BCL2	TNF	0.885
BCL2	TNFRSF1A	0.661
BCL2	TNFRSF4	0.412
BCL2	TNFRSF9	0.455
BCL2	TNFSF13B	0.673
BCL2	TXN	0.618
BCL2	VCAM1	0.589
BCL6	BTK	0.522
BCL6	BTLA	0.623
BCL6	CCL3	0.697
BCL6	CCL4	0.446
BCL6	CCR5	0.418
BCL6	CCR6	0.625
BCL6	CCR7	0.655
BCL6	CCRL2	0.536
BCL6	CD163	0.4
BCL6	CD19	0.826
BCL6	CD1D	0.424
BCL6	CD2	0.577
BCL6	CD22	0.601
BCL6	CD27	0.628
BCL6	CD274	0.521
BCL6	CD276	0.418
BCL6	CD28	0.59
BCL6	CD34	0.504
BCL6	CD38	0.695
BCL6	CD4	0.799
BCL6	CD40	0.741
BCL6	CD40LG	0.775
BCL6	CD44	0.638
BCL6	CD5	0.863
BCL6	CD68	0.459
BCL6	CD69	0.548
BCL6	CD79A	0.876
BCL6	CD79B	0.728
BCL6	CD80	0.653
BCL6	CD83	0.417
BCL6	CD86	0.674
BCL6	CD8A	0.702
BCL6	CR2	0.726
BCL6	CTLA4	0.619
BCL6	CXCL13	0.714
BCL6	CXCR3	0.586
BCL6	CXCR4	0.709
BCL6	CXCR5	0.894
BCL6	FAS	0.721
BCL6	FCGR2B	0.404
BCL6	FCGR3A	0.478
BCL6	FCGR3B	0.44
BCL6	FOXP3	0.8
BCL6	GZMA	0.566
BCL6	GZMB	0.608
BCL6	HAVCR2	0.422
BCL6	HIF1A	0.626
BCL6	ICOS	0.82
BCL6	ID2	0.601
BCL6	IFNG	0.647
BCL6	IL10	0.597
BCL6	IL12RB1	0.451
BCL6	IL13	0.474
BCL6	IL15	0.452
BCL6	IL17A	0.603
BCL6	IL1B	0.439
BCL6	IL2	0.628
BCL6	IL21	0.814
BCL6	IL21R	0.774
BCL6	IL22	0.446
BCL6	IL2RA	0.486
BCL6	IL2RB	0.532
BCL6	IL4	0.757
BCL6	IL4R	0.425
BCL6	IL5	0.478
BCL6	IL6	0.609
BCL6	IL6R	0.504
BCL6	IL7	0.482
BCL6	IL7R	0.586
BCL6	IL9	0.401
BCL6	IRF4	0.942
BCL6	IRF8	0.63
BCL6	ITGAE	0.442
BCL6	ITGAM	0.5
BCL6	ITGAX	0.55
BCL6	KLRG1	0.527
BCL6	LAG3	0.446
BCL6	LCK	0.43
BCL6	LOC102723996	0.638
BCL6	MS4A1	0.484
BCL6	MYD88	0.591
BCL6	NCAM1	0.53
BCL6	NFKB1	0.69
BCL6	NOTCH1	0.525
BCL6	PDCD1	0.595
BCL6	PDCD1LG2	0.45
BCL6	POU2AF1	0.583
BCL6	PRDM1	0.558
BCL6	PRF1	0.459
BCL6	PTGS2	0.536
BCL6	PTPRC	0.694
BCL6	RORC	0.698
BCL6	S1PR1	0.459
BCL6	SDC1	0.82
BCL6	SELL	0.635
BCL6	SIRT1	0.83
BCL6	SPN	0.706
BCL6	STAT1	0.732
BCL6	STAT3	0.903
BCL6	STAT4	0.6
BCL6	STAT6	0.87
BCL6	TBX21	0.915
BCL6	TLR2	0.451
BCL6	TLR4	0.48
BCL6	TLR7	0.441
BCL6	TLR9	0.402
BCL6	TNF	0.549
BCL6	TNFRSF4	0.488
BCL6	TNFSF13B	0.58
BDNF	CASP1	0.457
BDNF	CASP3	0.72
BDNF	CCL11	0.569
BDNF	CCL2	0.597
BDNF	CCL3	0.432
BDNF	CCL5	0.448
BDNF	CD34	0.446
BDNF	CD4	0.446
BDNF	CD40	0.428
BDNF	CD44	0.429
BDNF	CD68	0.434
BDNF	CLDN5	0.406
BDNF	CNP	0.442
BDNF	CRP	0.72
BDNF	CSF1R	0.76
BDNF	CSF2	0.506
BDNF	CSF3	0.464
BDNF	CX3CL1	0.628
BDNF	CX3CR1	0.517
BDNF	CXCL12	0.699
BDNF	CXCL8	0.713
BDNF	CXCR4	0.492
BDNF	FGF2	0.84
BDNF	GFAP	0.804
BDNF	GPX5	0.532
BDNF	GPX6	0.531
BDNF	GRIA1	0.828
BDNF	GRIN1	0.745
BDNF	GSR	0.418
BDNF	HIF1A	0.521
BDNF	HMOX1	0.627
BDNF	ICAM1	0.621
BDNF	IDO1	0.447
BDNF	IDO2	0.403
BDNF	IFNG	0.604
BDNF	IL10	0.695
BDNF	IL10RA	0.456
BDNF	IL13	0.448
BDNF	IL15	0.413
BDNF	IL17A	0.474
BDNF	IL18	0.482
BDNF	IL1A	0.645
BDNF	IL1B	0.844
BDNF	IL1R1	0.468
BDNF	IL2	0.479
BDNF	IL4	0.589
BDNF	IL6	0.846
BDNF	IL6R	0.41
BDNF	ITGAM	0.476
BDNF	LINGO1	0.488
BDNF	MAG	0.681
BDNF	MBP	0.683
BDNF	MMP9	0.74
BDNF	MOG	0.463
BDNF	MPO	0.473
BDNF	MTOR	0.652
BDNF	NCAM1	0.767
BDNF	NEFH	0.474
BDNF	NEFL	0.535
BDNF	NFE2L2	0.494
BDNF	NFKB1	0.54
BDNF	NTRK2	0.999
BDNF	OLIG1	0.465
BDNF	OLIG2	0.635
BDNF	PDGFRA	0.86
BDNF	PECAM1	0.554
BDNF	PPARGC1A	0.589
BDNF	PTGS2	0.654
BDNF	PTPRC	0.424
BDNF	PXDNL	0.766
BDNF	SELE	0.434
BDNF	SIRT1	0.652
BDNF	SLC2A1	0.601
BDNF	SOD1	0.587
BDNF	SOX10	0.474
BDNF	STAT3	0.685
BDNF	TFAM	0.411
BDNF	TGFB1	0.57
BDNF	THY1	0.648
BDNF	TLR2	0.615
BDNF	TLR4	0.593
BDNF	TNF	0.739
BDNF	TNFRSF1B	0.513
BDNF	TREM2	0.471
BDNF	TXN	0.576
BDNF	VCAM1	0.553
BTK	CASP1	0.703
BTK	CASP3	0.439
BTK	CCL3	0.463
BTK	CCL4	0.419
BTK	CCR1	0.423
BTK	CCR2	0.544
BTK	CCR7	0.402
BTK	CD19	0.887
BTK	CD22	0.709
BTK	CD27	0.501
BTK	CD274	0.515
BTK	CD28	0.444
BTK	CD33	0.471
BTK	CD38	0.592
BTK	CD3E	0.434
BTK	CD4	0.657
BTK	CD40	0.66
BTK	CD40LG	0.637
BTK	CD5	0.737
BTK	CD52	0.612
BTK	CD69	0.517
BTK	CD79A	0.955
BTK	CD79B	0.965
BTK	CD80	0.518
BTK	CD86	0.616
BTK	CD8A	0.557
BTK	CR2	0.541
BTK	CTLA4	0.483
BTK	CXCL12	0.505
BTK	CXCL13	0.484
BTK	CXCR4	0.609
BTK	CXCR5	0.436
BTK	CYBB	0.633
BTK	FCGR2A	0.508
BTK	FCGR2B	0.596
BTK	FCGR3A	0.484
BTK	FCGR3B	0.452
BTK	GPR17	0.513
BTK	ICOS	0.425
BTK	IFNA2	0.512
BTK	IFNB1	0.593
BTK	IFNG	0.669
BTK	IL10	0.488
BTK	IL10RA	0.427
BTK	IL1B	0.533
BTK	IL2	0.477
BTK	IL2RG	0.559
BTK	IL4	0.449
BTK	IL6	0.568
BTK	IL7R	0.422
BTK	IRF4	0.571
BTK	IRF8	0.587
BTK	ITGA4	0.423
BTK	ITGAM	0.521
BTK	ITGAX	0.42
BTK	ITGB2	0.558
BTK	KLRK1	0.613
BTK	LCK	0.752
BTK	MS4A1	0.554
BTK	MTOR	0.541
BTK	MYD88	0.984
BTK	NFKB1	0.759
BTK	NLRP3	0.876
BTK	NOTCH1	0.468
BTK	PDCD1	0.423
BTK	PRDM1	0.421
BTK	PTPRC	0.685
BTK	SELL	0.436
BTK	SPN	0.535
BTK	STAT1	0.473
BTK	STAT3	0.589
BTK	STAT6	0.642
BTK	TLR2	0.606
BTK	TLR4	0.831
BTK	TLR7	0.772
BTK	TLR9	0.911
BTK	TNF	0.593
BTK	TNFRSF13B	0.575
BTK	TNFSF13B	0.778
BTK	TREM2	0.605
BTK	TYROBP	0.768
BTK	VWF	0.479
BTLA	CCL5	0.4
BTLA	CCR6	0.634
BTLA	CCR7	0.695
BTLA	CCRL2	0.561
BTLA	CD163	0.599
BTLA	CD19	0.703
BTLA	CD1C	0.459
BTLA	CD2	0.651
BTLA	CD22	0.746
BTLA	CD27	0.836
BTLA	CD274	0.943
BTLA	CD276	0.77
BTLA	CD28	0.747
BTLA	CD38	0.466
BTLA	CD3E	0.405
BTLA	CD4	0.677
BTLA	CD40	0.636
BTLA	CD40LG	0.774
BTLA	CD5	0.769
BTLA	CD69	0.759
BTLA	CD79A	0.675
BTLA	CD79B	0.435
BTLA	CD80	0.788
BTLA	CD86	0.772
BTLA	CD8A	0.725
BTLA	CR2	0.578
BTLA	CTLA4	0.898
BTLA	CXCL13	0.447
BTLA	CXCR3	0.44
BTLA	CXCR5	0.751
BTLA	CXCR6	0.411
BTLA	FASLG	0.434
BTLA	FCGR2B	0.543
BTLA	FCGR3A	0.42
BTLA	FCGR3B	0.423
BTLA	FOXP3	0.586
BTLA	GZMA	0.468
BTLA	GZMB	0.56
BTLA	HAVCR2	0.816
BTLA	ICOS	0.847
BTLA	IDO1	0.619
BTLA	IDO2	0.437
BTLA	IFNG	0.621
BTLA	IL10	0.511
BTLA	IL15	0.415
BTLA	IL17A	0.455
BTLA	IL2	0.7
BTLA	IL21R	0.575
BTLA	IL2RA	0.443
BTLA	IL2RB	0.434
BTLA	IL4	0.424
BTLA	IL6	0.428
BTLA	IL7	0.434
BTLA	IL7R	0.506
BTLA	IRF4	0.543
BTLA	IRF8	0.468
BTLA	ITGA4	0.547
BTLA	ITGAE	0.403
BTLA	ITGAL	0.534
BTLA	ITGAM	0.439
BTLA	ITGAX	0.457
BTLA	KLRG1	0.527
BTLA	KLRK1	0.493
BTLA	LAG3	0.887
BTLA	LCK	0.467
BTLA	LOC102723996	0.702
BTLA	LTA	0.574
BTLA	MS4A1	0.761
BTLA	PDCD1	0.895
BTLA	PDCD1LG2	0.749
BTLA	PECAM1	0.4
BTLA	POU2AF1	0.621
BTLA	PRDM1	0.458
BTLA	PRF1	0.495
BTLA	PTPRC	0.717
BTLA	SELL	0.589
BTLA	SPN	0.499
BTLA	TBX21	0.585
BTLA	TNF	0.708
BTLA	TNFRSF13B	0.402
BTLA	TNFRSF18	0.63
BTLA	TNFRSF1A	0.439
BTLA	TNFRSF4	0.674
BTLA	TNFRSF9	0.691
BTLA	TNFSF4	0.537
C1QA	C3	0.605
C1QA	CCL19	0.468
C1QA	CCL2	0.47
C1QA	CCL3	0.466
C1QA	CCL4	0.661
C1QA	CCL5	0.617
C1QA	CCR1	0.595
C1QA	CCR2	0.499
C1QA	CCR5	0.574
C1QA	CD163	0.727
C1QA	CD33	0.555
C1QA	CD36	0.604
C1QA	CD4	0.498
C1QA	CD52	0.43
C1QA	CD68	0.746
C1QA	CD86	0.491
C1QA	CFH	0.502
C1QA	CLDN5	0.489
C1QA	CRP	0.698
C1QA	CSF1	0.4
C1QA	CSF1R	0.906
C1QA	CSF3	0.445
C1QA	CSPG4	0.437
C1QA	CX3CR1	0.611
C1QA	CXCL10	0.479
C1QA	CXCL9	0.519
C1QA	CYBB	0.697
C1QA	FASLG	0.415
C1QA	FCGR1A	0.554
C1QA	FCGR2A	0.403
C1QA	FCGR2B	0.506
C1QA	FCGR3A	0.702
C1QA	FCGR3B	0.479
C1QA	GFAP	0.454
C1QA	GZMA	0.434
C1QA	GZMB	0.519
C1QA	HLA-DRB1	0.499
C1QA	IL10RA	0.433
C1QA	IL1B	0.474
C1QA	IL6	0.608
C1QA	IRF8	0.496
C1QA	ITGAM	0.703
C1QA	ITGAX	0.494
C1QA	ITGB2	0.736
C1QA	MRC1	0.703
C1QA	PECAM1	0.449
C1QA	PTPRC	0.522
C1QA	SCARB1	0.527
C1QA	TLR2	0.506
C1QA	TLR4	0.457
C1QA	TLR7	0.428
C1QA	TLR9	0.495
C1QA	TNF	0.452
C1QA	TREM2	0.854
C1QA	TYROBP	0.89
C1QA	VWF	0.487
C3	C5	0.974
C3	CCL2	0.737
C3	CCL3	0.401
C3	CCL5	0.426
C3	CD19	0.706
C3	CD36	0.545
C3	CD4	0.59
C3	CD40	0.402
C3	CD40LG	0.554
C3	CD68	0.426
C3	CD86	0.559
C3	CD8A	0.548
C3	CFH	0.999
C3	CR2	0.999
C3	CRP	0.985
C3	CSF2	0.446
C3	CXCL1	0.413
C3	CXCL10	0.46
C3	CXCL8	0.783
C3	FCGR1A	0.436
C3	FCGR2A	0.459
C3	FCGR2B	0.428
C3	FCGR3A	0.653
C3	FCGR3B	0.646
C3	ICAM1	0.705
C3	IFNA1	0.418
C3	IFNG	0.603
C3	IL10	0.729
C3	IL13	0.404
C3	IL17A	0.447
C3	IL18	0.43
C3	IL1A	0.53
C3	IL1B	0.664
C3	IL2	0.684
C3	IL4	0.493
C3	IL6	0.666
C3	ITGAL	0.57
C3	ITGAM	0.999
C3	ITGAX	0.969
C3	ITGB1	0.436
C3	ITGB2	0.998
C3	MMP9	0.609
C3	MPO	0.786
C3	MRC1	0.52
C3	MYD88	0.419
C3	PTPRC	0.419
C3	PXDNL	0.457
C3	SCARB1	0.562
C3	SELE	0.421
C3	SELP	0.991
C3	TLR2	0.533
C3	TLR4	0.51
C3	TLR9	0.613
C3	TNF	0.621
C3	TREM2	0.413
C3	VCAM1	0.453
C3	VWF	0.574
C5	CD34	0.776
C5	CFH	0.824
C5	CRP	0.439
C5	CXCL8	0.754
C5	IL1B	0.411
C5	IL6	0.427
C5	TNF	0.417
CASP1	CASP3	0.709
CASP1	CCL2	0.707
CASP1	CCL20	0.433
CASP1	CCL3	0.57
CASP1	CCL4	0.486
CASP1	CCL5	0.64
CASP1	CCR1	0.4
CASP1	CCR2	0.515
CASP1	CCR5	0.503
CASP1	CCRL2	0.409
CASP1	CD163	0.473
CASP1	CD274	0.446
CASP1	CD36	0.553
CASP1	CD4	0.715
CASP1	CD40	0.487
CASP1	CD40LG	0.423
CASP1	CD44	0.456
CASP1	CD68	0.615
CASP1	CD80	0.485
CASP1	CD86	0.586
CASP1	CD8A	0.644
CASP1	CRP	0.507
CASP1	CSF1	0.529
CASP1	CSF1R	0.435
CASP1	CSF2	0.589
CASP1	CSF3	0.436
CASP1	CX3CR1	0.448
CASP1	CXCL1	0.578
CASP1	CXCL10	0.657
CASP1	CXCL11	0.412
CASP1	CXCL12	0.406
CASP1	CXCL2	0.457
CASP1	CXCL8	0.668
CASP1	CXCL9	0.674
CASP1	CXCR2	0.448
CASP1	CXCR4	0.435
CASP1	CYBB	0.651
CASP1	FAS	0.838
CASP1	FASLG	0.597
CASP1	FCGR1A	0.402
CASP1	FCGR2A	0.457
CASP1	FCGR2B	0.401
CASP1	FCGR3A	0.556
CASP1	FCGR3B	0.545
CASP1	FGF2	0.522
CASP1	FOXP3	0.438
CASP1	GFAP	0.483
CASP1	GPX5	0.41
CASP1	GPX6	0.41
CASP1	GZMA	0.498
CASP1	GZMB	0.661
CASP1	HIF1A	0.506
CASP1	HMOX1	0.598
CASP1	ICAM1	0.65
CASP1	IDO1	0.436
CASP1	IFNA1	0.579
CASP1	IFNB1	0.791
CASP1	IFNG	0.893
CASP1	IL10	0.724
CASP1	IL10RA	0.427
CASP1	IL12RB1	0.541
CASP1	IL13	0.547
CASP1	IL15	0.563
CASP1	IL17A	0.635
CASP1	IL18	0.998
CASP1	IL1A	0.968
CASP1	IL1B	0.999
CASP1	IL1R1	0.876
CASP1	IL2	0.529
CASP1	IL22	0.51
CASP1	IL33	0.987
CASP1	IL4	0.616
CASP1	IL4R	0.484
CASP1	IL5	0.453
CASP1	IL6	0.881
CASP1	IL7	0.42
CASP1	IRF8	0.463
CASP1	ITGAM	0.661
CASP1	ITGAX	0.582
CASP1	ITGB2	0.507
CASP1	MMP9	0.568
CASP1	MPO	0.581
CASP1	MRC1	0.474
CASP1	MTOR	0.453
CASP1	MYD88	0.921
CASP1	NFE2L2	0.644
CASP1	NFKB1	0.826
CASP1	NLRP3	0.999
CASP1	NOS2	0.428
CASP1	NQO1	0.433
CASP1	OCLN	0.428
CASP1	PECAM1	0.434
CASP1	PRF1	0.487
CASP1	PTGS2	0.631
CASP1	PTPRC	0.614
CASP1	PXDNL	0.627
CASP1	SCARB1	0.489
CASP1	SELE	0.44
CASP1	SELL	0.459
CASP1	SELP	0.431
CASP1	SIRT1	0.544
CASP1	SOD1	0.419
CASP1	SOD2	0.452
CASP1	STAT1	0.702
CASP1	STAT3	0.609
CASP1	STAT6	0.447
CASP1	TGFB1	0.57
CASP1	TJP1	0.416
CASP1	TLR2	0.809
CASP1	TLR4	0.916
CASP1	TLR7	0.67
CASP1	TLR9	0.771
CASP1	TNF	0.904
CASP1	TNFRSF1A	0.74
CASP1	TNFRSF1B	0.439
CASP1	TNFSF13B	0.506
CASP1	TXN	0.575
CASP1	TYROBP	0.437
CASP1	VCAM1	0.506
CASP3	CCL2	0.654
CASP3	CCL3	0.446
CASP3	CCL5	0.495
CASP3	CCR2	0.598
CASP3	CCR3	0.463
CASP3	CCR5	0.58
CASP3	CD19	0.523
CASP3	CD274	0.524
CASP3	CD28	0.432
CASP3	CD34	0.624
CASP3	CD36	0.475
CASP3	CD38	0.421
CASP3	CD4	0.772
CASP3	CD40	0.515
CASP3	CD40LG	0.421
CASP3	CD44	0.653
CASP3	CD68	0.632
CASP3	CD69	0.427
CASP3	CD80	0.462
CASP3	CD86	0.492
CASP3	CD8A	0.671
CASP3	CLDN5	0.499
CASP3	CNP	0.487
CASP3	CRP	0.418
CASP3	CSF1	0.442
CASP3	CSF1R	0.426
CASP3	CSF2	0.525
CASP3	CSF3	0.443
CASP3	CTLA4	0.416
CASP3	CXCL1	0.471
CASP3	CXCL10	0.56
CASP3	CXCL12	0.543
CASP3	CXCL8	0.752
CASP3	CXCL9	0.605
CASP3	CXCR4	0.601
CASP3	CYBB	0.62
CASP3	FAS	0.911
CASP3	FASLG	0.892
CASP3	FCGR2A	0.584
CASP3	FCGR2B	0.568
CASP3	FCGR3A	0.455
CASP3	FCGR3B	0.455
CASP3	FGF2	0.671
CASP3	FOXP3	0.522
CASP3	GFAP	0.808
CASP3	GPX5	0.766
CASP3	GPX6	0.766
CASP3	GSR	0.593
CASP3	GZMA	0.418
CASP3	GZMB	0.986
CASP3	HIF1A	0.766
CASP3	HMGCR	0.507
CASP3	HMOX1	0.806
CASP3	ICAM1	0.635
CASP3	IFNA1	0.506
CASP3	IFNB1	0.516
CASP3	IFNG	0.825
CASP3	IL10	0.786
CASP3	IL12RB1	0.456
CASP3	IL13	0.441
CASP3	IL15	0.439
CASP3	IL17A	0.554
CASP3	IL18	0.639
CASP3	IL1A	0.725
CASP3	IL1B	0.899
CASP3	IL2	0.596
CASP3	IL3	0.429
CASP3	IL4	0.599
CASP3	IL6	0.881
CASP3	IL7	0.412
CASP3	ITGAM	0.608
CASP3	ITGAX	0.45
CASP3	ITGB1	0.508
CASP3	LCK	0.443
CASP3	MBP	0.601
CASP3	MMP9	0.806
CASP3	MPO	0.68
CASP3	MRC1	0.437
CASP3	MTOR	0.723
CASP3	MYD88	0.637
CASP3	NFE2L2	0.717
CASP3	NFKB1	0.821
CASP3	NLRP3	0.6
CASP3	NOS2	0.537
CASP3	NOTCH1	0.576
CASP3	NQO1	0.645
CASP3	NTRK2	0.53
CASP3	OCLN	0.901
CASP3	OLIG1	0.433
CASP3	OLIG2	0.642
CASP3	PDGFRA	0.475
CASP3	PECAM1	0.705
CASP3	PPARGC1A	0.613
CASP3	PRF1	0.527
CASP3	PTGS2	0.865
CASP3	PTPRC	0.649
CASP3	PXDNL	0.918
CASP3	SCARB1	0.459
CASP3	SDC1	0.43
CASP3	SELE	0.46
CASP3	SELL	0.429
CASP3	SELP	0.439
CASP3	SIRT1	0.725
CASP3	SLC2A1	0.456
CASP3	SOD1	0.624
CASP3	SOD2	0.653
CASP3	STAT1	0.78
CASP3	STAT3	0.804
CASP3	TFAM	0.532
CASP3	TGFB1	0.706
CASP3	THY1	0.499
CASP3	TJP1	0.897
CASP3	TLR2	0.594
CASP3	TLR4	0.74
CASP3	TLR7	0.447
CASP3	TLR9	0.413
CASP3	TNF	0.939
CASP3	TNFRSF1A	0.853
CASP3	TXN	0.857
CASP3	VCAM1	0.593
CASP3	VWF	0.472
CAT	GPX5	0.562
CAT	GPX6	0.562
CAT	GSR	0.646
CAT	SOD1	0.92
CAT	SOD2	0.908
CCL11	CCL17	0.616
CCL11	CCL19	0.634
CCL11	CCL2	0.998
CCL11	CCL20	0.686
CCL11	CCL21	0.661
CCL11	CCL22	0.866
CCL11	CCL3	0.507
CCL11	CCL5	0.995
CCL11	CCR1	0.996
CCL11	CCR2	0.998
CCL11	CCR3	0.999
CCL11	CCR5	0.998
CCL11	CCR6	0.78
CCL11	CCR7	0.806
CCL11	CCR8	0.896
CCL11	CCR9	0.836
CCL11	CCRL2	0.455
CCL11	CD163	0.444
CCL11	CD4	0.674
CCL11	CD40	0.451
CCL11	CD40LG	0.731
CCL11	CD68	0.453
CCL11	CD69	0.652
CCL11	CD80	0.423
CCL11	CD86	0.482
CCL11	CD8A	0.603
CCL11	CRP	0.523
CCL11	CSF1	0.62
CCL11	CSF2	0.996
CCL11	CSF3	0.995
CCL11	CX3CL1	0.992
CCL11	CX3CR1	0.874
CCL11	CXCL1	0.999
CCL11	CXCL10	0.999
CCL11	CXCL11	0.998
CCL11	CXCL12	0.998
CCL11	CXCL13	0.767
CCL11	CXCL2	0.997
CCL11	CXCL8	0.929
CCL11	CXCL9	0.999
CCL11	CXCR2	0.907
CCL11	CXCR3	0.989
CCL11	CXCR4	0.876
CCL11	CXCR5	0.753
CCL11	CXCR6	0.752
CCL11	FASLG	0.412
CCL11	FCGR3A	0.569
CCL11	FCGR3B	0.475
CCL11	FGF2	0.968
CCL11	FOXP3	0.448
CCL11	ICAM1	0.618
CCL11	IFNA1	0.697
CCL11	IFNA2	0.758
CCL11	IFNB1	0.641
CCL11	IFNG	0.979
CCL11	IL10	0.843
CCL11	IL13	0.944
CCL11	IL15	0.806
CCL11	IL17A	0.818
CCL11	IL17F	0.686
CCL11	IL18	0.664
CCL11	IL1A	0.974
CCL11	IL1B	0.957
CCL11	IL1R1	0.674
CCL11	IL2	0.861
CCL11	IL22	0.587
CCL11	IL2RA	0.586
CCL11	IL3	0.788
CCL11	IL33	0.844
CCL11	IL4	0.955
CCL11	IL4R	0.726
CCL11	IL5	0.934
CCL11	IL6	0.814
CCL11	IL7	0.812
CCL11	IL7R	0.634
CCL11	IL9	0.902
CCL11	ITGAM	0.54
CCL11	ITGAX	0.488
CCL11	LTA	0.716
CCL11	MMP9	0.485
CCL11	PTGS2	0.612
CCL11	PTPRC	0.487
CCL11	SDC1	0.684
CCL11	SELE	0.674
CCL11	SELL	0.411
CCL11	STAT1	0.401
CCL11	STAT3	0.695
CCL11	STAT6	0.895
CCL11	TGFB1	0.55
CCL11	TLR2	0.466
CCL11	TLR4	0.499
CCL11	TNF	0.861
CCL11	TNFRSF1B	0.402
CCL11	TNFSF13B	0.408
CCL11	VCAM1	0.723
CCL11	VWF	0.531
CCL17	CCL19	0.854
CCL17	CCL2	0.75
CCL17	CCL20	0.741
CCL17	CCL21	0.998
CCL17	CCL22	0.964
CCL17	CCL3	0.51
CCL17	CCL4	0.943
CCL17	CCL5	0.999
CCL17	CCR1	0.942
CCL17	CCR2	0.946
CCL17	CCR3	0.986
CCL17	CCR5	0.981
CCL17	CCR6	0.964
CCL17	CCR7	0.932
CCL17	CCR8	0.998
CCL17	CCR9	0.849
CCL17	CCRL2	0.901
CCL17	CD163	0.634
CCL17	CD1C	0.503
CCL17	CD1D	0.427
CCL17	CD274	0.527
CCL17	CD276	0.434
CCL17	CD28	0.402
CCL17	CD4	0.718
CCL17	CD40	0.561
CCL17	CD40LG	0.524
CCL17	CD68	0.455
CCL17	CD80	0.587
CCL17	CD86	0.627
CCL17	CD8A	0.742
CCL17	CSF1	0.57
CCL17	CSF1R	0.418
CCL17	CSF2	0.698
CCL17	CSF3	0.516
CCL17	CTLA4	0.499
CCL17	CX3CL1	0.856
CCL17	CX3CR1	0.799
CCL17	CXCL1	0.812
CCL17	CXCL10	0.883
CCL17	CXCL11	0.758
CCL17	CXCL12	0.632
CCL17	CXCL13	0.797
CCL17	CXCL2	0.743
CCL17	CXCL8	0.857
CCL17	CXCL9	0.791
CCL17	CXCR2	0.821
CCL17	CXCR3	0.956
CCL17	CXCR4	0.912
CCL17	CXCR5	0.873
CCL17	CXCR6	0.828
CCL17	FCGR1A	0.407
CCL17	FCGR3A	0.446
CCL17	FCGR3B	0.433
CCL17	FOXP3	0.753
CCL17	GZMB	0.415
CCL17	HAVCR2	0.512
CCL17	ICAM1	0.524
CCL17	ICOS	0.4
CCL17	IDO1	0.47
CCL17	IFNA1	0.434
CCL17	IFNB1	0.412
CCL17	IFNG	0.764
CCL17	IL10	0.768
CCL17	IL13	0.913
CCL17	IL15	0.722
CCL17	IL17A	0.682
CCL17	IL17F	0.438
CCL17	IL18	0.53
CCL17	IL1A	0.633
CCL17	IL1B	0.684
CCL17	IL2	0.741
CCL17	IL21R	0.463
CCL17	IL22	0.59
CCL17	IL2RA	0.415
CCL17	IL3	0.552
CCL17	IL33	0.779
CCL17	IL3RA	0.543
CCL17	IL4	0.794
CCL17	IL4R	0.533
CCL17	IL5	0.776
CCL17	IL6	0.806
CCL17	IL7	0.766
CCL17	IL7R	0.641
CCL17	IL9	0.757
CCL17	IRF4	0.461
CCL17	ITGA4	0.512
CCL17	ITGAE	0.453
CCL17	ITGAM	0.555
CCL17	ITGAX	0.542
CCL17	KLRK1	0.536
CCL17	LTA	0.562
CCL17	MMP9	0.455
CCL17	MRC1	0.62
CCL17	PDCD1	0.588
CCL17	PDCD1LG2	0.426
CCL17	PTPRC	0.428
CCL17	SDC1	0.703
CCL17	SELE	0.45
CCL17	SELL	0.449
CCL17	STAT1	0.448
CCL17	STAT3	0.445
CCL17	STAT6	0.573
CCL17	TBX21	0.412
CCL17	TGFB1	0.472
CCL17	TLR2	0.454
CCL17	TLR4	0.454
CCL17	TNF	0.709
CCL17	TNFRSF18	0.4
CCL17	TNFRSF4	0.467
CCL17	TNFSF13B	0.411
CCL17	TNFSF4	0.546
CCL17	VCAM1	0.623
CCL19	CCL2	0.892
CCL19	CCL20	0.961
CCL19	CCL21	0.997
CCL19	CCL22	0.947
CCL19	CCL3	0.831
CCL19	CCL4	0.782
CCL19	CCL5	0.756
CCL19	CCR1	0.912
CCL19	CCR2	0.974
CCL19	CCR3	0.909
CCL19	CCR5	0.994
CCL19	CCR6	0.989
CCL19	CCR7	0.999
CCL19	CCR8	0.924
CCL19	CCR9	0.964
CCL19	CCRL2	0.998
CCL19	CD163	0.465
CCL19	CD19	0.732
CCL19	CD1C	0.512
CCL19	CD1D	0.441
CCL19	CD2	0.441
CCL19	CD22	0.557
CCL19	CD27	0.558
CCL19	CD274	0.525
CCL19	CD276	0.42
CCL19	CD28	0.464
CCL19	CD34	0.427
CCL19	CD38	0.419
CCL19	CD4	0.888
CCL19	CD40	0.648
CCL19	CD40LG	0.617
CCL19	CD44	0.587
CCL19	CD68	0.409
CCL19	CD69	0.549
CCL19	CD79A	0.594
CCL19	CD80	0.671
CCL19	CD83	0.606
CCL19	CD86	0.657
CCL19	CD8A	0.865
CCL19	CR2	0.485
CCL19	CSF1	0.415
CCL19	CSF1R	0.422
CCL19	CSF2	0.743
CCL19	CSF3	0.632
CCL19	CTLA4	0.481
CCL19	CX3CL1	0.801
CCL19	CX3CR1	0.969
CCL19	CXCL1	0.888
CCL19	CXCL10	0.935
CCL19	CXCL11	0.928
CCL19	CXCL12	0.966
CCL19	CXCL13	0.998
CCL19	CXCL2	0.863
CCL19	CXCL8	0.925
CCL19	CXCL9	0.962
CCL19	CXCR2	0.939
CCL19	CXCR3	0.987
CCL19	CXCR4	0.998
CCL19	CXCR5	0.999
CCL19	CXCR6	0.904
CCL19	FCGR3A	0.493
CCL19	FCGR3B	0.45
CCL19	FOXP3	0.51
CCL19	GZMB	0.474
CCL19	ICAM1	0.597
CCL19	ICOS	0.495
CCL19	IDO1	0.47
CCL19	IFNA1	0.479
CCL19	IFNG	0.797
CCL19	IL10	0.853
CCL19	IL12A	0.4
CCL19	IL12B	0.442
CCL19	IL13	0.502
CCL19	IL15	0.571
CCL19	IL17A	0.587
CCL19	IL18	0.839
CCL19	IL1A	0.688
CCL19	IL1B	0.756
CCL19	IL2	0.586
CCL19	IL21R	0.479
CCL19	IL22	0.444
CCL19	IL33	0.521
CCL19	IL4	0.582
CCL19	IL5	0.476
CCL19	IL6	0.84
CCL19	IL7	0.784
CCL19	IL7R	0.731
CCL19	ITGAE	0.469
CCL19	ITGAM	0.525
CCL19	ITGAX	0.614
CCL19	ITGB2	0.643
CCL19	LAG3	0.417
CCL19	LTA	0.588
CCL19	MMP9	0.477
CCL19	MS4A1	0.446
CCL19	NFKB1	0.521
CCL19	NTRK2	0.45
CCL19	PDCD1	0.553
CCL19	PECAM1	0.685
CCL19	PTPRC	0.603
CCL19	S1PR1	0.639
CCL19	SDC1	0.45
CCL19	SELE	0.455
CCL19	SELL	0.937
CCL19	SELP	0.463
CCL19	STAT3	0.673
CCL19	TBX21	0.452
CCL19	TLR2	0.438
CCL19	TLR4	0.446
CCL19	TLR7	0.455
CCL19	TLR9	0.523
CCL19	TNF	0.836
CCL19	TNFRSF9	0.413
CCL19	TNFSF13B	0.617
CCL19	VCAM1	0.778
CCL2	CCL20	0.979
CCL2	CCL22	0.914
CCL2	CCL3	0.576
CCL2	CCL4	0.787
CCL2	CCL5	0.999
CCL2	CCR1	0.999
CCL2	CCR2	0.999
CCL2	CCR3	0.998
CCL2	CCR5	0.999
CCL2	CCR6	0.996
CCL2	CCR7	0.965
CCL2	CCR8	0.925
CCL2	CCR9	0.862
CCL2	CCRL2	0.99
CCL2	CD163	0.784
CCL2	CD19	0.594
CCL2	CD1C	0.487
CCL2	CD1D	0.46
CCL2	CD27	0.4
CCL2	CD274	0.69
CCL2	CD276	0.523
CCL2	CD28	0.547
CCL2	CD33	0.466
CCL2	CD34	0.614
CCL2	CD36	0.67
CCL2	CD38	0.486
CCL2	CD3E	0.402
CCL2	CD4	0.839
CCL2	CD40	0.811
CCL2	CD40LG	0.714
CCL2	CD44	0.815
CCL2	CD68	0.815
CCL2	CD69	0.565
CCL2	CD80	0.7
CCL2	CD83	0.533
CCL2	CD86	0.737
CCL2	CD8A	0.8
CCL2	CFH	0.606
CCL2	CLDN5	0.458
CCL2	CRP	0.816
CCL2	CSF1	0.833
CCL2	CSF1R	0.86
CCL2	CSF2	0.931
CCL2	CSF3	0.93
CCL2	CSPG4	0.427
CCL2	CTLA4	0.609
CCL2	CX3CL1	0.831
CCL2	CX3CR1	0.998
CCL2	CXCL1	0.98
CCL2	CXCL10	0.965
CCL2	CXCL11	0.796
CCL2	CXCL12	0.841
CCL2	CXCL13	0.998
CCL2	CXCL2	0.929
CCL2	CXCL8	0.999
CCL2	CXCL9	0.999
CCL2	CXCR2	0.997
CCL2	CXCR3	0.998
CCL2	CXCR4	0.998
CCL2	CXCR5	0.872
CCL2	CXCR6	0.885
CCL2	CYBB	0.639
CCL2	FAS	0.45
CCL2	FASLG	0.737
CCL2	FCGR1A	0.588
CCL2	FCGR2A	0.682
CCL2	FCGR2B	0.693
CCL2	FCGR3A	0.725
CCL2	FCGR3B	0.725
CCL2	FGF2	0.732
CCL2	FOXP3	0.669
CCL2	GFAP	0.584
CCL2	GPX5	0.52
CCL2	GPX6	0.522
CCL2	GZMA	0.42
CCL2	GZMB	0.599
CCL2	HAVCR2	0.56
CCL2	HIF1A	0.692
CCL2	HMGCR	0.47
CCL2	HMOX1	0.697
CCL2	ICAM1	0.928
CCL2	ICOS	0.413
CCL2	IDO1	0.689
CCL2	IDO2	0.566
CCL2	IFNA1	0.766
CCL2	IFNA2	0.723
CCL2	IFNB1	0.729
CCL2	IFNG	0.938
CCL2	IL10	0.963
CCL2	IL10RA	0.468
CCL2	IL12A	0.498
CCL2	IL12B	0.6
CCL2	IL13	0.932
CCL2	IL15	0.796
CCL2	IL17A	0.874
CCL2	IL17F	0.602
CCL2	IL18	0.881
CCL2	IL1A	0.934
CCL2	IL1B	0.97
CCL2	IL1R1	0.682
CCL2	IL2	0.853
CCL2	IL21	0.45
CCL2	IL22	0.652
CCL2	IL2RA	0.585
CCL2	IL2RB	0.6
CCL2	IL2RG	0.489
CCL2	IL3	0.686
CCL2	IL33	0.706
CCL2	IL4	0.921
CCL2	IL4R	0.665
CCL2	IL5	0.862
CCL2	IL6	0.985
CCL2	IL6R	0.732
CCL2	IL7	0.813
CCL2	IL7R	0.492
CCL2	IL9	0.761
CCL2	IRF8	0.428
CCL2	ITGA4	0.407
CCL2	ITGAE	0.472
CCL2	ITGAL	0.663
CCL2	ITGAM	0.796
CCL2	ITGAX	0.724
CCL2	ITGB1	0.459
CCL2	ITGB2	0.786
CCL2	KLRK1	0.489
CCL2	LAG3	0.492
CCL2	LTA	0.668
CCL2	MBP	0.403
CCL2	MMP9	0.809
CCL2	MOG	0.486
CCL2	MPO	0.692
CCL2	MRC1	0.827
CCL2	MTOR	0.511
CCL2	MYD88	0.728
CCL2	NCAM1	0.518
CCL2	NEFL	0.419
CCL2	NFE2L2	0.581
CCL2	NFKB1	0.982
CCL2	NLRP3	0.664
CCL2	NOS2	0.633
CCL2	NOTCH1	0.418
CCL2	NQO1	0.432
CCL2	OCLN	0.546
CCL2	PDCD1	0.509
CCL2	PDCD1LG2	0.566
CCL2	PDGFRA	0.645
CCL2	PECAM1	0.67
CCL2	PPARGC1A	0.511
CCL2	PRF1	0.58
CCL2	PTGS2	0.867
CCL2	PTPRC	0.735
CCL2	PXDNL	0.65
CCL2	SCARB1	0.675
CCL2	SELE	0.81
CCL2	SELL	0.598
CCL2	SELP	0.71
CCL2	SIRT1	0.575
CCL2	SOD1	0.433
CCL2	SOD2	0.526
CCL2	STAT1	0.831
CCL2	STAT3	0.867
CCL2	STAT6	0.709
CCL2	TBX21	0.488
CCL2	TGFB1	0.851
CCL2	THY1	0.69
CCL2	TJP1	0.531
CCL2	TLR2	0.79
CCL2	TLR4	0.847
CCL2	TLR7	0.681
CCL2	TLR9	0.654
CCL2	TNF	0.978
CCL2	TNFRSF1A	0.768
CCL2	TNFRSF1B	0.609
CCL2	TNFRSF4	0.42
CCL2	TNFRSF9	0.458
CCL2	TNFSF13B	0.57
CCL2	TREM2	0.526
CCL2	TXN	0.422
CCL2	TYROBP	0.436
CCL2	VCAM1	0.907
CCL2	VWF	0.593
CCL20	CCL21	0.728
CCL20	CCL22	0.831
CCL20	CCL3	0.97
CCL20	CCL4	0.94
CCL20	CCL5	0.999
CCL20	CCR1	0.973
CCL20	CCR2	0.995
CCL20	CCR3	0.912
CCL20	CCR5	0.994
CCL20	CCR6	0.999
CCL20	CCR7	0.994
CCL20	CCR8	0.949
CCL20	CCR9	0.866
CCL20	CCRL2	0.999
CCL20	CD163	0.463
CCL20	CD1C	0.456
CCL20	CD1D	0.44
CCL20	CD274	0.502
CCL20	CD28	0.449
CCL20	CD4	0.731
CCL20	CD40	0.52
CCL20	CD40LG	0.654
CCL20	CD5	0.459
CCL20	CD68	0.439
CCL20	CD69	0.457
CCL20	CD80	0.5
CCL20	CD83	0.494
CCL20	CD86	0.531
CCL20	CD8A	0.658
CCL20	CRP	0.635
CCL20	CSF1	0.529
CCL20	CSF2	0.869
CCL20	CSF3	0.799
CCL20	CTLA4	0.471
CCL20	CX3CL1	0.92
CCL20	CX3CR1	0.933
CCL20	CXCL1	0.981
CCL20	CXCL10	0.936
CCL20	CXCL11	0.999
CCL20	CXCL12	0.999
CCL20	CXCL13	0.9
CCL20	CXCL2	0.951
CCL20	CXCL8	0.941
CCL20	CXCL9	0.866
CCL20	CXCR2	0.949
CCL20	CXCR3	0.993
CCL20	CXCR4	0.958
CCL20	CXCR5	0.903
CCL20	CXCR6	0.956
CCL20	FCGR1A	0.511
CCL20	FCGR3A	0.418
CCL20	FCGR3B	0.42
CCL20	FOXP3	0.604
CCL20	GFAP	0.427
CCL20	GZMB	0.503
CCL20	ICAM1	0.674
CCL20	ICOS	0.407
CCL20	IDO1	0.483
CCL20	IFNA1	0.51
CCL20	IFNB1	0.522
CCL20	IFNG	0.82
CCL20	IL10	0.835
CCL20	IL12A	0.463
CCL20	IL12B	0.521
CCL20	IL13	0.689
CCL20	IL15	0.589
CCL20	IL17A	0.806
CCL20	IL17F	0.715
CCL20	IL18	0.752
CCL20	IL1A	0.895
CCL20	IL1B	0.958
CCL20	IL1R1	0.54
CCL20	IL2	0.648
CCL20	IL21R	0.566
CCL20	IL22	0.755
CCL20	IL23A	0.6
CCL20	IL23R	0.564
CCL20	IL2RA	0.615
CCL20	IL3	0.466
CCL20	IL33	0.619
CCL20	IL4	0.689
CCL20	IL5	0.639
CCL20	IL6	0.935
CCL20	IL7	0.587
CCL20	IL7R	0.637
CCL20	IL9	0.601
CCL20	ITGAE	0.467
CCL20	ITGAL	0.526
CCL20	ITGAM	0.519
CCL20	ITGAX	0.532
CCL20	ITGB2	0.546
CCL20	KLRB1	0.433
CCL20	LTA	0.515
CCL20	MMP9	0.553
CCL20	MYD88	0.639
CCL20	NFKB1	0.729
CCL20	NLRP3	0.43
CCL20	PECAM1	0.582
CCL20	PRF1	0.408
CCL20	PTGS2	0.601
CCL20	PTPRC	0.481
CCL20	RORC	0.506
CCL20	SELE	0.481
CCL20	SELL	0.465
CCL20	SELP	0.526
CCL20	SOD2	0.413
CCL20	STAT1	0.504
CCL20	STAT3	0.782
CCL20	TBX21	0.482
CCL20	TGFB1	0.691
CCL20	TLR2	0.608
CCL20	TLR4	0.602
CCL20	TLR7	0.502
CCL20	TLR9	0.477
CCL20	TNF	0.931
CCL20	TNFRSF1A	0.406
CCL20	TNFSF13B	0.435
CCL20	VCAM1	0.687
CCL21	CCL22	0.807
CCL21	CCL4	0.574
CCL21	CCL5	0.999
CCL21	CCR1	0.945
CCL21	CCR2	0.944
CCL21	CCR3	0.864
CCL21	CCR5	0.981
CCL21	CCR6	0.945
CCL21	CCR7	0.999
CCL21	CCR8	0.907
CCL21	CCR9	0.984
CCL21	CCRL2	0.891
CCL21	CD19	0.553
CCL21	CD1C	0.464
CCL21	CD1D	0.429
CCL21	CD27	0.438
CCL21	CD274	0.494
CCL21	CD276	0.401
CCL21	CD28	0.46
CCL21	CD34	0.438
CCL21	CD38	0.561
CCL21	CD4	0.881
CCL21	CD40	0.61
CCL21	CD40LG	0.548
CCL21	CD44	0.466
CCL21	CD68	0.403
CCL21	CD69	0.478
CCL21	CD80	0.625
CCL21	CD83	0.541
CCL21	CD86	0.632
CCL21	CD8A	0.862
CCL21	CR2	0.494
CCL21	CSF2	0.798
CCL21	CSF3	0.699
CCL21	CTLA4	0.599
CCL21	CX3CL1	0.931
CCL21	CX3CR1	0.982
CCL21	CXCL1	0.831
CCL21	CXCL10	0.999
CCL21	CXCL11	0.999
CCL21	CXCL12	0.999
CCL21	CXCL13	0.991
CCL21	CXCL2	0.999
CCL21	CXCL8	0.879
CCL21	CXCL9	0.999
CCL21	CXCR2	0.939
CCL21	CXCR3	0.997
CCL21	CXCR4	0.999
CCL21	CXCR5	0.997
CCL21	CXCR6	0.894
CCL21	FCGR3A	0.428
CCL21	FCGR3B	0.409
CCL21	FOXP3	0.53
CCL21	HLA-DRB1	0.483
CCL21	ICAM1	0.616
CCL21	ICOS	0.421
CCL21	IDO1	0.416
CCL21	IFNA1	0.445
CCL21	IFNB1	0.683
CCL21	IFNG	0.898
CCL21	IL10	0.651
CCL21	IL10RA	0.445
CCL21	IL13	0.471
CCL21	IL15	0.497
CCL21	IL17A	0.533
CCL21	IL18	0.435
CCL21	IL1A	0.655
CCL21	IL1B	0.593
CCL21	IL2	0.57
CCL21	IL21R	0.473
CCL21	IL22	0.408
CCL21	IL33	0.494
CCL21	IL4	0.571
CCL21	IL5	0.445
CCL21	IL6	0.606
CCL21	IL7	0.64
CCL21	IL7R	0.464
CCL21	ITGA4	0.487
CCL21	ITGAE	0.447
CCL21	ITGAM	0.514
CCL21	ITGAX	0.599
CCL21	LAG3	0.606
CCL21	LTA	0.621
CCL21	MMP9	0.639
CCL21	NOTCH1	0.477
CCL21	PDCD1	0.579
CCL21	PECAM1	0.532
CCL21	PTPRC	0.615
CCL21	S1PR1	0.461
CCL21	SELE	0.482
CCL21	SELL	0.932
CCL21	SELP	0.482
CCL21	TBX21	0.44
CCL21	TLR4	0.463
CCL21	TLR7	0.428
CCL21	TNF	0.623
CCL21	TNFSF13B	0.593
CCL21	TYROBP	0.436
CCL21	VCAM1	0.653
CCL22	CCL3	0.524
CCL22	CCL4	0.772
CCL22	CCL5	0.926
CCL22	CCR1	0.95
CCL22	CCR2	0.986
CCL22	CCR3	0.995
CCL22	CCR5	0.972
CCL22	CCR6	0.937
CCL22	CCR7	0.984
CCL22	CCR8	0.995
CCL22	CCR9	0.836
CCL22	CCRL2	0.835
CCL22	CD163	0.677
CCL22	CD19	0.614
CCL22	CD1C	0.457
CCL22	CD22	0.507
CCL22	CD274	0.602
CCL22	CD276	0.422
CCL22	CD28	0.426
CCL22	CD4	0.72
CCL22	CD40	0.611
CCL22	CD40LG	0.74
CCL22	CD68	0.539
CCL22	CD79A	0.415
CCL22	CD80	0.67
CCL22	CD83	0.469
CCL22	CD86	0.64
CCL22	CD8A	0.768
CCL22	CSF1	0.608
CCL22	CSF1R	0.484
CCL22	CSF2	0.8
CCL22	CSF3	0.733
CCL22	CTLA4	0.705
CCL22	CX3CL1	0.878
CCL22	CX3CR1	0.877
CCL22	CXCL1	0.92
CCL22	CXCL10	0.959
CCL22	CXCL11	0.735
CCL22	CXCL12	0.683
CCL22	CXCL13	0.778
CCL22	CXCL2	0.849
CCL22	CXCL8	0.901
CCL22	CXCL9	0.843
CCL22	CXCR2	0.833
CCL22	CXCR3	0.941
CCL22	CXCR4	0.973
CCL22	CXCR5	0.866
CCL22	CXCR6	0.84
CCL22	FCGR3A	0.496
CCL22	FCGR3B	0.494
CCL22	FGF2	0.649
CCL22	FOXP3	0.872
CCL22	GZMB	0.448
CCL22	HAVCR2	0.49
CCL22	ICAM1	0.507
CCL22	ICOS	0.404
CCL22	IDO1	0.611
CCL22	IDO2	0.488
CCL22	IFNA1	0.448
CCL22	IFNA2	0.477
CCL22	IFNB1	0.436
CCL22	IFNG	0.765
CCL22	IL10	0.912
CCL22	IL12A	0.433
CCL22	IL12B	0.551
CCL22	IL13	0.835
CCL22	IL15	0.641
CCL22	IL17A	0.653
CCL22	IL17F	0.445
CCL22	IL18	0.706
CCL22	IL1A	0.771
CCL22	IL1B	0.816
CCL22	IL1R1	0.429
CCL22	IL2	0.736
CCL22	IL21R	0.525
CCL22	IL22	0.523
CCL22	IL3	0.544
CCL22	IL33	0.571
CCL22	IL4	0.832
CCL22	IL4R	0.462
CCL22	IL5	0.691
CCL22	IL6	0.825
CCL22	IL7	0.768
CCL22	IL7R	0.652
CCL22	IL9	0.591
CCL22	IRF4	0.454
CCL22	ITGA4	0.517
CCL22	ITGAE	0.427
CCL22	ITGAM	0.576
CCL22	ITGAX	0.548
CCL22	ITGB1	0.421
CCL22	LAG3	0.474
CCL22	LTA	0.604
CCL22	MMP9	0.674
CCL22	MRC1	0.636
CCL22	MYD88	0.401
CCL22	NFKB1	0.409
CCL22	PDCD1	0.637
CCL22	PDCD1LG2	0.454
CCL22	PRF1	0.412
CCL22	PTPRC	0.477
CCL22	SELL	0.423
CCL22	STAT1	0.666
CCL22	STAT3	0.744
CCL22	STAT6	0.527
CCL22	TGFB1	0.5
CCL22	TLR2	0.472
CCL22	TLR4	0.507
CCL22	TLR7	0.414
CCL22	TLR9	0.412
CCL22	TNF	0.811
CCL22	TNFRSF18	0.591
CCL22	TNFRSF4	0.419
CCL22	TNFRSF9	0.408
CCL22	TNFSF4	0.475
CCL22	VCAM1	0.597
CCL3	CCL4	0.997
CCL3	CCL5	0.913
CCL3	CCR1	0.999
CCL3	CCR2	0.999
CCL3	CCR3	0.998
CCL3	CCR5	0.999
CCL3	CCR6	0.973
CCL3	CCR7	0.953
CCL3	CCR8	0.897
CCL3	CCR9	0.946
CCL3	CCRL2	0.951
CCL3	CD163	0.643
CCL3	CD19	0.584
CCL3	CD1C	0.47
CCL3	CD1D	0.429
CCL3	CD27	0.469
CCL3	CD274	0.605
CCL3	CD276	0.46
CCL3	CD28	0.517
CCL3	CD33	0.427
CCL3	CD34	0.632
CCL3	CD36	0.451
CCL3	CD38	0.66
CCL3	CD4	0.88
CCL3	CD40	0.842
CCL3	CD40LG	0.799
CCL3	CD44	0.669
CCL3	CD68	0.653
CCL3	CD69	0.698
CCL3	CD80	0.706
CCL3	CD83	0.823
CCL3	CD86	0.748
CCL3	CD8A	0.873
CCL3	CRP	0.759
CCL3	CSF1	0.728
CCL3	CSF1R	0.712
CCL3	CSF2	0.935
CCL3	CSF3	0.929
CCL3	CTLA4	0.547
CCL3	CX3CL1	0.733
CCL3	CX3CR1	0.97
CCL3	CXCL1	0.948
CCL3	CXCL10	0.951
CCL3	CXCL11	0.851
CCL3	CXCL12	0.823
CCL3	CXCL13	0.864
CCL3	CXCL2	0.939
CCL3	CXCL8	0.977
CCL3	CXCL9	0.884
CCL3	CXCR2	0.984
CCL3	CXCR3	0.997
CCL3	CXCR4	0.993
CCL3	CXCR5	0.906
CCL3	CXCR6	0.934
CCL3	CYBB	0.453
CCL3	FAS	0.404
CCL3	FASLG	0.561
CCL3	FCGR1A	0.516
CCL3	FCGR2A	0.496
CCL3	FCGR2B	0.526
CCL3	FCGR3A	0.684
CCL3	FCGR3B	0.662
CCL3	FGF2	0.628
CCL3	FOXP3	0.582
CCL3	GFAP	0.402
CCL3	GZMA	0.509
CCL3	GZMB	0.669
CCL3	HAVCR2	0.553
CCL3	HIF1A	0.44
CCL3	HLA-DRB1	0.585
CCL3	HMOX1	0.407
CCL3	ICAM1	0.74
CCL3	ICOS	0.435
CCL3	IDO1	0.537
CCL3	IDO2	0.427
CCL3	IFNA1	0.727
CCL3	IFNA2	0.651
CCL3	IFNB1	0.686
CCL3	IFNG	0.947
CCL3	IL10	0.972
CCL3	IL10RA	0.506
CCL3	IL12A	0.46
CCL3	IL12B	0.527
CCL3	IL13	0.895
CCL3	IL15	0.809
CCL3	IL17A	0.847
CCL3	IL17F	0.547
CCL3	IL18	0.86
CCL3	IL1A	0.923
CCL3	IL1B	0.972
CCL3	IL1R1	0.702
CCL3	IL2	0.876
CCL3	IL21R	0.599
CCL3	IL22	0.632
CCL3	IL2RA	0.765
CCL3	IL2RB	0.418
CCL3	IL3	0.754
CCL3	IL33	0.618
CCL3	IL3RA	0.43
CCL3	IL4	0.827
CCL3	IL4R	0.419
CCL3	IL5	0.833
CCL3	IL6	0.962
CCL3	IL6R	0.488
CCL3	IL7	0.856
CCL3	IL7R	0.685
CCL3	IL9	0.798
CCL3	IRF4	0.424
CCL3	IRF8	0.473
CCL3	ITGA4	0.435
CCL3	ITGAE	0.453
CCL3	ITGAL	0.439
CCL3	ITGAM	0.711
CCL3	ITGAX	0.662
CCL3	ITGB2	0.525
CCL3	KLRK1	0.501
CCL3	LAG3	0.506
CCL3	LTA	0.737
CCL3	MMP9	0.664
CCL3	MPO	0.587
CCL3	MRC1	0.602
CCL3	MYD88	0.635
CCL3	NCAM1	0.519
CCL3	NFKB1	0.749
CCL3	NLRP3	0.596
CCL3	NOS2	0.457
CCL3	PDCD1	0.471
CCL3	PECAM1	0.528
CCL3	PRF1	0.628
CCL3	PTGS2	0.781
CCL3	PTPRC	0.668
CCL3	PXDNL	0.43
CCL3	SCARB1	0.433
CCL3	SELE	0.591
CCL3	SELL	0.576
CCL3	SELP	0.54
CCL3	STAT1	0.593
CCL3	STAT3	0.858
CCL3	STAT6	0.413
CCL3	TBX21	0.533
CCL3	TGFB1	0.633
CCL3	TLR2	0.787
CCL3	TLR4	0.815
CCL3	TLR7	0.634
CCL3	TLR9	0.591
CCL3	TNF	0.988
CCL3	TNFRSF18	0.615
CCL3	TNFRSF1A	0.691
CCL3	TNFRSF1B	0.541
CCL3	TNFRSF4	0.438
CCL3	TNFRSF9	0.476
CCL3	TNFSF13B	0.541
CCL3	TREM2	0.443
CCL3	TYROBP	0.511
CCL3	VCAM1	0.673
CCL4	CCL5	0.953
CCL4	CCR1	0.999
CCL4	CCR2	0.999
CCL4	CCR3	0.998
CCL4	CCR5	0.999
CCL4	CCR6	0.965
CCL4	CCR7	0.996
CCL4	CCR8	0.983
CCL4	CCR9	0.861
CCL4	CCRL2	0.925
CCL4	CD163	0.632
CCL4	CD19	0.563
CCL4	CD1C	0.472
CCL4	CD1D	0.408
CCL4	CD2	0.443
CCL4	CD27	0.552
CCL4	CD274	0.613
CCL4	CD276	0.421
CCL4	CD28	0.576
CCL4	CD34	0.441
CCL4	CD38	0.511
CCL4	CD3E	0.415
CCL4	CD4	0.939
CCL4	CD40	0.739
CCL4	CD40LG	0.852
CCL4	CD44	0.446
CCL4	CD68	0.548
CCL4	CD69	0.689
CCL4	CD80	0.662
CCL4	CD83	0.632
CCL4	CD86	0.727
CCL4	CD8A	0.889
CCL4	CRP	0.582
CCL4	CSF1	0.683
CCL4	CSF1R	0.711
CCL4	CSF2	0.924
CCL4	CSF3	0.909
CCL4	CTLA4	0.603
CCL4	CX3CL1	0.904
CCL4	CX3CR1	0.852
CCL4	CXCL1	0.941
CCL4	CXCL10	0.959
CCL4	CXCL11	0.917
CCL4	CXCL12	0.948
CCL4	CXCL13	0.949
CCL4	CXCL2	0.874
CCL4	CXCL8	0.988
CCL4	CXCL9	0.959
CCL4	CXCR2	0.977
CCL4	CXCR3	0.995
CCL4	CXCR4	0.995
CCL4	CXCR5	0.86
CCL4	CXCR6	0.881
CCL4	FAS	0.409
CCL4	FASLG	0.552
CCL4	FCGR1A	0.474
CCL4	FCGR2A	0.461
CCL4	FCGR2B	0.529
CCL4	FCGR3A	0.698
CCL4	FCGR3B	0.653
CCL4	FGF2	0.608
CCL4	FOXP3	0.586
CCL4	GZMA	0.628
CCL4	GZMB	0.748
CCL4	HAVCR2	0.577
CCL4	HLA-DRB1	0.67
CCL4	ICAM1	0.763
CCL4	ICOS	0.469
CCL4	IDO1	0.532
CCL4	IFNA1	0.721
CCL4	IFNA2	0.658
CCL4	IFNB1	0.635
CCL4	IFNG	0.942
CCL4	IL10	0.936
CCL4	IL10RA	0.7
CCL4	IL12A	0.4
CCL4	IL12B	0.54
CCL4	IL13	0.83
CCL4	IL15	0.808
CCL4	IL17A	0.822
CCL4	IL17F	0.488
CCL4	IL18	0.829
CCL4	IL1A	0.921
CCL4	IL1B	0.94
CCL4	IL1R1	0.587
CCL4	IL2	0.824
CCL4	IL21R	0.604
CCL4	IL22	0.606
CCL4	IL2RA	0.643
CCL4	IL2RB	0.661
CCL4	IL2RG	0.596
CCL4	IL3	0.738
CCL4	IL33	0.548
CCL4	IL3RA	0.425
CCL4	IL4	0.805
CCL4	IL5	0.826
CCL4	IL6	0.933
CCL4	IL6R	0.455
CCL4	IL7	0.832
CCL4	IL7R	0.53
CCL4	IL9	0.799
CCL4	IRF8	0.502
CCL4	ITGA4	0.434
CCL4	ITGAE	0.507
CCL4	ITGAM	0.676
CCL4	ITGAX	0.647
CCL4	ITGB2	0.675
CCL4	KLRB1	0.455
CCL4	KLRK1	0.561
CCL4	LAG3	0.735
CCL4	LTA	0.736
CCL4	MMP9	0.618
CCL4	MPO	0.466
CCL4	MRC1	0.534
CCL4	MYD88	0.553
CCL4	NCAM1	0.577
CCL4	NFKB1	0.677
CCL4	NLRP3	0.524
CCL4	NOS2	0.542
CCL4	NOTCH1	0.475
CCL4	PDCD1	0.502
CCL4	PDCD1LG2	0.406
CCL4	PECAM1	0.506
CCL4	PRF1	0.693
CCL4	PTGS2	0.673
CCL4	PTPRC	0.654
CCL4	SELE	0.54
CCL4	SELL	0.551
CCL4	SELP	0.459
CCL4	STAT1	0.561
CCL4	STAT3	0.746
CCL4	TBX21	0.634
CCL4	TGFB1	0.587
CCL4	TLR2	0.763
CCL4	TLR4	0.749
CCL4	TLR7	0.579
CCL4	TLR9	0.709
CCL4	TNF	0.967
CCL4	TNFRSF18	0.425
CCL4	TNFRSF1A	0.492
CCL4	TNFRSF1B	0.555
CCL4	TNFRSF4	0.443
CCL4	TNFRSF9	0.472
CCL4	TNFSF13B	0.52
CCL4	TREM2	0.402
CCL4	TYROBP	0.533
CCL4	VCAM1	0.625
CCL5	CCR1	0.999
CCL5	CCR2	0.999
CCL5	CCR3	0.999
CCL5	CCR5	0.999
CCL5	CCR6	0.965
CCL5	CCR7	0.994
CCL5	CCR8	0.934
CCL5	CCR9	0.895
CCL5	CCRL2	0.963
CCL5	CD163	0.773
CCL5	CD19	0.576
CCL5	CD1C	0.501
CCL5	CD1D	0.445
CCL5	CD2	0.808
CCL5	CD27	0.571
CCL5	CD274	0.676
CCL5	CD276	0.513
CCL5	CD28	0.618
CCL5	CD33	0.415
CCL5	CD34	0.53
CCL5	CD36	0.482
CCL5	CD38	0.491
CCL5	CD3E	0.558
CCL5	CD4	0.887
CCL5	CD40	0.689
CCL5	CD40LG	0.731
CCL5	CD44	0.818
CCL5	CD52	0.434
CCL5	CD68	0.647
CCL5	CD69	0.647
CCL5	CD80	0.696
CCL5	CD83	0.516
CCL5	CD86	0.715
CCL5	CD8A	0.959
CCL5	CRP	0.707
CCL5	CSF1	0.732
CCL5	CSF1R	0.844
CCL5	CSF2	0.922
CCL5	CSF3	0.934
CCL5	CTLA4	0.636
CCL5	CX3CL1	0.971
CCL5	CX3CR1	0.993
CCL5	CXCL1	0.958
CCL5	CXCL10	0.999
CCL5	CXCL11	0.999
CCL5	CXCL12	0.999
CCL5	CXCL13	0.956
CCL5	CXCL2	0.999
CCL5	CXCL8	0.98
CCL5	CXCL9	0.999
CCL5	CXCR2	0.997
CCL5	CXCR3	0.999
CCL5	CXCR4	0.998
CCL5	CXCR5	0.962
CCL5	CXCR6	0.955
CCL5	CYBB	0.63
CCL5	FASLG	0.79
CCL5	FCGR1A	0.466
CCL5	FCGR2A	0.673
CCL5	FCGR2B	0.67
CCL5	FCGR3A	0.703
CCL5	FCGR3B	0.677
CCL5	FGF2	0.627
CCL5	FOXP3	0.651
CCL5	GZMA	0.9
CCL5	GZMB	0.865
CCL5	HAVCR2	0.596
CCL5	HIF1A	0.507
CCL5	HLA-DRB1	0.568
CCL5	HMOX1	0.433
CCL5	ICAM1	0.805
CCL5	ICOS	0.515
CCL5	IDO1	0.658
CCL5	IDO2	0.523
CCL5	IFNA1	0.769
CCL5	IFNA2	0.607
CCL5	IFNB1	0.78
CCL5	IFNG	0.921
CCL5	IL10	0.945
CCL5	IL10RA	0.712
CCL5	IL12A	0.478
CCL5	IL12B	0.591
CCL5	IL12RB1	0.438
CCL5	IL13	0.834
CCL5	IL15	0.812
CCL5	IL17A	0.849
CCL5	IL17F	0.487
CCL5	IL18	0.858
CCL5	IL1A	0.9
CCL5	IL1B	0.938
CCL5	IL1R1	0.582
CCL5	IL2	0.813
CCL5	IL21R	0.542
CCL5	IL22	0.604
CCL5	IL2RA	0.628
CCL5	IL2RB	0.737
CCL5	IL2RG	0.658
CCL5	IL3	0.734
CCL5	IL33	0.649
CCL5	IL3RA	0.408
CCL5	IL4	0.828
CCL5	IL4R	0.473
CCL5	IL5	0.836
CCL5	IL6	0.95
CCL5	IL6R	0.503
CCL5	IL7	0.805
CCL5	IL7R	0.65
CCL5	IL9	0.783
CCL5	IRF4	0.454
CCL5	IRF8	0.506
CCL5	ITGA4	0.426
CCL5	ITGAE	0.537
CCL5	ITGAL	0.59
CCL5	ITGAM	0.833
CCL5	ITGAX	0.689
CCL5	ITGB2	0.747
CCL5	KLRB1	0.578
CCL5	KLRG1	0.472
CCL5	KLRK1	0.674
CCL5	LAG3	0.669
CCL5	LCK	0.46
CCL5	LTA	0.663
CCL5	MMP9	0.813
CCL5	MPO	0.56
CCL5	MRC1	0.6
CCL5	MYD88	0.671
CCL5	NCAM1	0.518
CCL5	NFKB1	0.975
CCL5	NLRP3	0.527
CCL5	NOS2	0.678
CCL5	PDCD1	0.538
CCL5	PDCD1LG2	0.514
CCL5	PECAM1	0.594
CCL5	PRF1	0.805
CCL5	PTGS2	0.823
CCL5	PTPRC	0.721
CCL5	PXDNL	0.549
CCL5	SCARB1	0.454
CCL5	SDC1	0.708
CCL5	SELE	0.752
CCL5	SELL	0.637
CCL5	SELP	0.775
CCL5	SOD2	0.536
CCL5	STAT1	0.817
CCL5	STAT3	0.836
CCL5	STAT4	0.506
CCL5	STAT6	0.486
CCL5	TBX21	0.679
CCL5	TGFB1	0.694
CCL5	THY1	0.477
CCL5	TLR2	0.739
CCL5	TLR4	0.82
CCL5	TLR7	0.675
CCL5	TLR9	0.61
CCL5	TNF	0.96
CCL5	TNFRSF18	0.41
CCL5	TNFRSF1A	0.718
CCL5	TNFRSF1B	0.527
CCL5	TNFRSF4	0.628
CCL5	TNFRSF9	0.499
CCL5	TNFSF13B	0.566
CCL5	TYROBP	0.653
CCL5	VCAM1	0.739
CCL5	VWF	0.501
CCR1	CCR2	0.992
CCR1	CCR3	0.997
CCR1	CCR5	0.998
CCR1	CCR6	0.927
CCR1	CCR7	0.947
CCR1	CCR8	0.845
CCR1	CCR9	0.866
CCR1	CCRL2	0.896
CCR1	CD163	0.579
CCR1	CD19	0.48
CCR1	CD1C	0.427
CCR1	CD274	0.401
CCR1	CD33	0.439
CCR1	CD34	0.435
CCR1	CD3E	0.484
CCR1	CD4	0.708
CCR1	CD40	0.498
CCR1	CD40LG	0.445
CCR1	CD44	0.639
CCR1	CD52	0.453
CCR1	CD68	0.698
CCR1	CD69	0.438
CCR1	CD80	0.566
CCR1	CD83	0.43
CCR1	CD86	0.699
CCR1	CD8A	0.599
CCR1	CSF1	0.651
CCR1	CSF1R	0.711
CCR1	CSF2	0.668
CCR1	CTLA4	0.419
CCR1	CX3CL1	0.905
CCR1	CX3CR1	0.77
CCR1	CXCL1	0.98
CCR1	CXCL10	0.994
CCR1	CXCL11	0.919
CCR1	CXCL12	0.946
CCR1	CXCL13	0.929
CCR1	CXCL2	0.936
CCR1	CXCL8	0.997
CCR1	CXCL9	0.957
CCR1	CXCR2	0.866
CCR1	CXCR3	0.966
CCR1	CXCR4	0.939
CCR1	CXCR5	0.757
CCR1	CXCR6	0.771
CCR1	CYBB	0.579
CCR1	FCGR1A	0.574
CCR1	FCGR2A	0.536
CCR1	FCGR2B	0.616
CCR1	FCGR3A	0.589
CCR1	FCGR3B	0.584
CCR1	FOXP3	0.475
CCR1	GZMB	0.448
CCR1	HAVCR2	0.462
CCR1	ICAM1	0.532
CCR1	IFNG	0.646
CCR1	IL10	0.781
CCR1	IL10RA	0.708
CCR1	IL12RB1	0.53
CCR1	IL13	0.484
CCR1	IL15	0.415
CCR1	IL17A	0.467
CCR1	IL18	0.437
CCR1	IL1A	0.51
CCR1	IL1B	0.764
CCR1	IL1R1	0.415
CCR1	IL2	0.467
CCR1	IL23R	0.574
CCR1	IL4	0.688
CCR1	IL4R	0.518
CCR1	IL5	0.723
CCR1	IL6	0.753
CCR1	IL6R	0.577
CCR1	IL7R	0.532
CCR1	IL9	0.424
CCR1	IRF8	0.469
CCR1	ITGA4	0.419
CCR1	ITGAL	0.459
CCR1	ITGAM	0.711
CCR1	ITGAX	0.607
CCR1	ITGB2	0.743
CCR1	MBP	0.434
CCR1	MMP9	0.571
CCR1	MRC1	0.42
CCR1	MYD88	0.475
CCR1	NFKB1	0.614
CCR1	PDGFRA	0.464
CCR1	PECAM1	0.423
CCR1	PRF1	0.404
CCR1	PTGS2	0.418
CCR1	PTPRC	0.602
CCR1	SELE	0.53
CCR1	SELL	0.508
CCR1	SELP	0.57
CCR1	STAT1	0.415
CCR1	STAT3	0.716
CCR1	STAT4	0.4
CCR1	TGFB1	0.472
CCR1	TLR2	0.59
CCR1	TLR4	0.725
CCR1	TLR7	0.517
CCR1	TNF	0.644
CCR1	TNFRSF1A	0.609
CCR1	TNFRSF1B	0.864
CCR1	TNFSF13B	0.556
CCR1	TYROBP	0.731
CCR1	VCAM1	0.507
CCR2	CCR3	0.98
CCR2	CCR5	0.993
CCR2	CCR6	0.986
CCR2	CCR7	0.918
CCR2	CCR8	0.915
CCR2	CCR9	0.808
CCR2	CCRL2	0.972
CCR2	CD163	0.83
CCR2	CD19	0.635
CCR2	CD1C	0.569
CCR2	CD1D	0.524
CCR2	CD2	0.422
CCR2	CD27	0.511
CCR2	CD274	0.621
CCR2	CD276	0.435
CCR2	CD28	0.565
CCR2	CD33	0.544
CCR2	CD34	0.507
CCR2	CD36	0.752
CCR2	CD38	0.515
CCR2	CD3E	0.517
CCR2	CD4	0.909
CCR2	CD40	0.61
CCR2	CD40LG	0.544
CCR2	CD44	0.691
CCR2	CD52	0.637
CCR2	CD68	0.788
CCR2	CD69	0.612
CCR2	CD80	0.679
CCR2	CD83	0.428
CCR2	CD86	0.76
CCR2	CD8A	0.84
CCR2	CRP	0.447
CCR2	CSF1	0.837
CCR2	CSF1R	0.778
CCR2	CSF2	0.664
CCR2	CSF3	0.69
CCR2	CTLA4	0.725
CCR2	CX3CL1	0.997
CCR2	CX3CR1	0.835
CCR2	CXCL1	0.995
CCR2	CXCL10	0.998
CCR2	CXCL11	0.948
CCR2	CXCL12	0.998
CCR2	CXCL13	0.901
CCR2	CXCL2	0.949
CCR2	CXCL8	0.998
CCR2	CXCL9	0.993
CCR2	CXCR2	0.929
CCR2	CXCR3	0.97
CCR2	CXCR4	0.989
CCR2	CXCR5	0.736
CCR2	CXCR6	0.828
CCR2	CYBB	0.604
CCR2	FASLG	0.509
CCR2	FCGR1A	0.821
CCR2	FCGR2A	0.555
CCR2	FCGR2B	0.705
CCR2	FCGR3A	0.761
CCR2	FCGR3B	0.764
CCR2	FGF2	0.4
CCR2	FOXP3	0.653
CCR2	GFAP	0.453
CCR2	GZMA	0.468
CCR2	GZMB	0.581
CCR2	HAVCR2	0.526
CCR2	HIF1A	0.475
CCR2	HLA-DRB1	0.505
CCR2	ICAM1	0.822
CCR2	ICOS	0.689
CCR2	IDO1	0.551
CCR2	IDO2	0.425
CCR2	IFNA1	0.506
CCR2	IFNB1	0.667
CCR2	IFNG	0.837
CCR2	IL10	0.878
CCR2	IL10RA	0.667
CCR2	IL13	0.687
CCR2	IL15	0.569
CCR2	IL17A	0.751
CCR2	IL18	0.582
CCR2	IL1A	0.704
CCR2	IL1B	0.867
CCR2	IL1R1	0.545
CCR2	IL2	0.751
CCR2	IL22	0.479
CCR2	IL23R	0.663
CCR2	IL2RA	0.633
CCR2	IL2RB	0.417
CCR2	IL2RG	0.456
CCR2	IL3	0.428
CCR2	IL33	0.52
CCR2	IL3RA	0.423
CCR2	IL4	0.677
CCR2	IL4R	0.493
CCR2	IL5	0.55
CCR2	IL6	0.879
CCR2	IL6R	0.457
CCR2	IL7	0.462
CCR2	IL7R	0.699
CCR2	IL9	0.515
CCR2	IRF4	0.544
CCR2	IRF8	0.527
CCR2	ITGA4	0.542
CCR2	ITGAE	0.596
CCR2	ITGAL	0.549
CCR2	ITGAM	0.826
CCR2	ITGAX	0.754
CCR2	ITGB1	0.402
CCR2	ITGB2	0.6
CCR2	KLRB1	0.404
CCR2	KLRG1	0.449
CCR2	KLRK1	0.484
CCR2	LAG3	0.495
CCR2	MMP9	0.62
CCR2	MOG	0.456
CCR2	MPO	0.507
CCR2	MRC1	0.739
CCR2	MYD88	0.556
CCR2	NCAM1	0.475
CCR2	NFKB1	0.513
CCR2	NLRP3	0.447
CCR2	NOS2	0.519
CCR2	PDCD1	0.486
CCR2	PDCD1LG2	0.452
CCR2	PECAM1	0.56
CCR2	PRF1	0.529
CCR2	PTGS2	0.472
CCR2	PTPRC	0.794
CCR2	PXDNL	0.41
CCR2	SCARB1	0.738
CCR2	SELE	0.696
CCR2	SELL	0.678
CCR2	SELP	0.568
CCR2	SPN	0.434
CCR2	STAT1	0.552
CCR2	STAT3	0.791
CCR2	STAT6	0.469
CCR2	TBX21	0.544
CCR2	TGFB1	0.68
CCR2	THY1	0.433
CCR2	TLR2	0.764
CCR2	TLR4	0.738
CCR2	TLR7	0.761
CCR2	TLR9	0.532
CCR2	TNF	0.771
CCR2	TNFRSF1A	0.622
CCR2	TNFRSF1B	0.638
CCR2	TNFRSF4	0.403
CCR2	TNFRSF9	0.405
CCR2	TNFSF13B	0.56
CCR2	TREM2	0.561
CCR2	TYROBP	0.417
CCR2	VCAM1	0.771
CCR3	CCR5	0.998
CCR3	CCR6	0.921
CCR3	CCR7	0.946
CCR3	CCR8	0.908
CCR3	CCR9	0.787
CCR3	CCRL2	0.862
CCR3	CD19	0.492
CCR3	CD34	0.496
CCR3	CD4	0.832
CCR3	CD40	0.431
CCR3	CD40LG	0.445
CCR3	CD44	0.435
CCR3	CD68	0.548
CCR3	CD69	0.436
CCR3	CD80	0.534
CCR3	CD86	0.586
CCR3	CD8A	0.763
CCR3	CSF1	0.517
CCR3	CSF1R	0.418
CCR3	CSF2	0.545
CCR3	CX3CL1	0.93
CCR3	CX3CR1	0.762
CCR3	CXCL1	0.938
CCR3	CXCL10	0.993
CCR3	CXCL11	0.952
CCR3	CXCL12	0.931
CCR3	CXCL13	0.802
CCR3	CXCL2	0.875
CCR3	CXCL8	0.986
CCR3	CXCL9	0.957
CCR3	CXCR2	0.776
CCR3	CXCR3	0.963
CCR3	CXCR4	0.864
CCR3	CXCR5	0.734
CCR3	CXCR6	0.768
CCR3	FCGR2A	0.415
CCR3	FCGR2B	0.627
CCR3	FCGR3A	0.559
CCR3	FCGR3B	0.602
CCR3	FOXP3	0.535
CCR3	ICAM1	0.531
CCR3	ICOS	0.439
CCR3	IFNG	0.791
CCR3	IL10	0.662
CCR3	IL10RA	0.554
CCR3	IL13	0.758
CCR3	IL15	0.458
CCR3	IL17A	0.525
CCR3	IL18	0.59
CCR3	IL1A	0.639
CCR3	IL1B	0.796
CCR3	IL2	0.524
CCR3	IL23R	0.554
CCR3	IL3	0.711
CCR3	IL33	0.479
CCR3	IL3RA	0.454
CCR3	IL4	0.829
CCR3	IL4R	0.418
CCR3	IL5	0.775
CCR3	IL6	0.777
CCR3	IL9	0.594
CCR3	ITGAM	0.618
CCR3	ITGAX	0.552
CCR3	ITGB2	0.407
CCR3	MMP9	0.635
CCR3	PTPRC	0.584
CCR3	SELL	0.487
CCR3	STAT3	0.412
CCR3	STAT6	0.408
CCR3	TBX21	0.401
CCR3	TGFB1	0.423
CCR3	TLR2	0.466
CCR3	TLR4	0.502
CCR3	TNF	0.674
CCR3	TNFRSF1A	0.522
CCR3	TYROBP	0.432
CCR3	VCAM1	0.542
CCR5	CCR6	0.864
CCR5	CCR7	0.956
CCR5	CCR8	0.848
CCR5	CCR9	0.87
CCR5	CCRL2	0.785
CCR5	CD163	0.711
CCR5	CD19	0.627
CCR5	CD1C	0.68
CCR5	CD1D	0.535
CCR5	CD2	0.81
CCR5	CD27	0.797
CCR5	CD274	0.618
CCR5	CD276	0.478
CCR5	CD28	0.717
CCR5	CD33	0.464
CCR5	CD34	0.639
CCR5	CD36	0.47
CCR5	CD38	0.693
CCR5	CD3E	0.45
CCR5	CD4	0.999
CCR5	CD40	0.751
CCR5	CD40LG	0.771
CCR5	CD44	0.704
CCR5	CD52	0.464
CCR5	CD68	0.806
CCR5	CD69	0.754
CCR5	CD80	0.787
CCR5	CD83	0.556
CCR5	CD86	0.778
CCR5	CD8A	0.941
CCR5	CRP	0.416
CCR5	CSF1	0.689
CCR5	CSF1R	0.788
CCR5	CSF2	0.754
CCR5	CSF3	0.472
CCR5	CTLA4	0.663
CCR5	CX3CL1	0.977
CCR5	CX3CR1	0.823
CCR5	CXCL1	0.974
CCR5	CXCL10	0.999
CCR5	CXCL11	0.99
CCR5	CXCL12	0.998
CCR5	CXCL13	0.917
CCR5	CXCL2	0.957
CCR5	CXCL8	0.971
CCR5	CXCL9	0.998
CCR5	CXCR2	0.925
CCR5	CXCR3	0.983
CCR5	CXCR4	0.996
CCR5	CXCR5	0.771
CCR5	CXCR6	0.931
CCR5	CYBB	0.477
CCR5	FAS	0.555
CCR5	FASLG	0.637
CCR5	FCGR1A	0.579
CCR5	FCGR2A	0.682
CCR5	FCGR2B	0.716
CCR5	FCGR3A	0.792
CCR5	FCGR3B	0.735
CCR5	FOXP3	0.701
CCR5	GZMA	0.667
CCR5	GZMB	0.809
CCR5	HAVCR2	0.605
CCR5	HLA-DRB1	0.505
CCR5	ICAM1	0.629
CCR5	ICOS	0.643
CCR5	IDO1	0.557
CCR5	IDO2	0.427
CCR5	IFNA1	0.608
CCR5	IFNA2	0.757
CCR5	IFNB1	0.709
CCR5	IFNG	0.92
CCR5	IL10	0.878
CCR5	IL10RA	0.778
CCR5	IL12RB1	0.465
CCR5	IL12RB2	0.413
CCR5	IL13	0.654
CCR5	IL15	0.654
CCR5	IL17A	0.76
CCR5	IL18	0.726
CCR5	IL1A	0.583
CCR5	IL1B	0.826
CCR5	IL1R1	0.436
CCR5	IL2	0.758
CCR5	IL21R	0.453
CCR5	IL22	0.513
CCR5	IL23R	0.59
CCR5	IL2RA	0.563
CCR5	IL2RB	0.56
CCR5	IL2RG	0.532
CCR5	IL3	0.429
CCR5	IL33	0.419
CCR5	IL3RA	0.522
CCR5	IL4	0.781
CCR5	IL5	0.703
CCR5	IL6	0.831
CCR5	IL6R	0.438
CCR5	IL7	0.583
CCR5	IL7R	0.736
CCR5	IRF4	0.438
CCR5	IRF8	0.502
CCR5	ITGA4	0.677
CCR5	ITGAE	0.58
CCR5	ITGAL	0.566
CCR5	ITGAM	0.84
CCR5	ITGAX	0.78
CCR5	ITGB1	0.601
CCR5	ITGB2	0.659
CCR5	KLRB1	0.621
CCR5	KLRG1	0.501
CCR5	KLRK1	0.589
CCR5	LAG3	0.736
CCR5	LCK	0.638
CCR5	LTA	0.428
CCR5	MMP9	0.587
CCR5	MOG	0.415
CCR5	MPO	0.42
CCR5	MRC1	0.594
CCR5	MYD88	0.611
CCR5	NCAM1	0.592
CCR5	NFKB1	0.53
CCR5	NLRP3	0.443
CCR5	PDCD1	0.575
CCR5	PDCD1LG2	0.406
CCR5	PECAM1	0.544
CCR5	PRDM1	0.43
CCR5	PRF1	0.667
CCR5	PTPRC	0.806
CCR5	PXDNL	0.423
CCR5	S1PR1	0.477
CCR5	SCARB1	0.434
CCR5	SELE	0.664
CCR5	SELL	0.82
CCR5	SELP	0.545
CCR5	STAT1	0.71
CCR5	STAT3	0.82
CCR5	STAT4	0.476
CCR5	TBX21	0.722
CCR5	TGFB1	0.528
CCR5	TLR2	0.679
CCR5	TLR4	0.788
CCR5	TLR7	0.65
CCR5	TLR9	0.527
CCR5	TNF	0.88
CCR5	TNFRSF18	0.436
CCR5	TNFRSF1A	0.62
CCR5	TNFRSF1B	0.646
CCR5	TNFRSF4	0.534
CCR5	TNFRSF9	0.446
CCR5	TNFSF13B	0.516
CCR5	TREM2	0.456
CCR5	TYROBP	0.682
CCR5	VCAM1	0.594
CCR6	CCR7	0.825
CCR6	CCR8	0.872
CCR6	CCR9	0.766
CCR6	CD163	0.403
CCR6	CD19	0.801
CCR6	CD1C	0.725
CCR6	CD1D	0.706
CCR6	CD22	0.631
CCR6	CD27	0.721
CCR6	CD274	0.477
CCR6	CD276	0.418
CCR6	CD28	0.678
CCR6	CD38	0.669
CCR6	CD4	0.88
CCR6	CD40	0.59
CCR6	CD40LG	0.714
CCR6	CD44	0.593
CCR6	CD5	0.52
CCR6	CD69	0.788
CCR6	CD80	0.612
CCR6	CD83	0.472
CCR6	CD86	0.603
CCR6	CD8A	0.77
CCR6	CR2	0.678
CCR6	CSF2	0.604
CCR6	CTLA4	0.62
CCR6	CX3CL1	0.885
CCR6	CX3CR1	0.709
CCR6	CXCL1	0.822
CCR6	CXCL10	0.946
CCR6	CXCL11	0.892
CCR6	CXCL12	0.957
CCR6	CXCL13	0.958
CCR6	CXCL2	0.795
CCR6	CXCL8	0.9
CCR6	CXCL9	0.98
CCR6	CXCR2	0.701
CCR6	CXCR3	0.814
CCR6	CXCR4	0.729
CCR6	CXCR5	0.801
CCR6	CXCR6	0.716
CCR6	FAS	0.448
CCR6	FASLG	0.407
CCR6	FCGR3A	0.584
CCR6	FCGR3B	0.584
CCR6	FOXP3	0.767
CCR6	GZMA	0.417
CCR6	GZMB	0.593
CCR6	HAVCR2	0.467
CCR6	ICAM1	0.657
CCR6	ICOS	0.778
CCR6	IDO1	0.585
CCR6	IDO2	0.536
CCR6	IFNA1	0.42
CCR6	IFNG	0.85
CCR6	IL10	0.766
CCR6	IL12RB1	0.643
CCR6	IL12RB2	0.477
CCR6	IL13	0.601
CCR6	IL15	0.516
CCR6	IL17A	0.889
CCR6	IL17F	0.714
CCR6	IL18	0.511
CCR6	IL1A	0.507
CCR6	IL1B	0.741
CCR6	IL1R1	0.681
CCR6	IL2	0.751
CCR6	IL21R	0.567
CCR6	IL22	0.785
CCR6	IL23A	0.517
CCR6	IL23R	0.802
CCR6	IL2RA	0.691
CCR6	IL2RB	0.488
CCR6	IL33	0.489
CCR6	IL3RA	0.643
CCR6	IL4	0.79
CCR6	IL5	0.698
CCR6	IL6	0.651
CCR6	IL6R	0.434
CCR6	IL7	0.597
CCR6	IL7R	0.826
CCR6	IL9	0.544
CCR6	IRF4	0.529
CCR6	ITGA4	0.486
CCR6	ITGAE	0.643
CCR6	ITGAL	0.619
CCR6	ITGAM	0.594
CCR6	ITGAX	0.623
CCR6	ITGB2	0.549
CCR6	KLRB1	0.899
CCR6	KLRG1	0.56
CCR6	KLRK1	0.434
CCR6	LAG3	0.48
CCR6	LOC102723996	0.456
CCR6	LTA	0.431
CCR6	MMP9	0.562
CCR6	MOG	0.566
CCR6	MS4A1	0.659
CCR6	MYD88	0.569
CCR6	NCAM1	0.747
CCR6	PDCD1	0.483
CCR6	POU2AF1	0.547
CCR6	PRDM1	0.56
CCR6	PRF1	0.575
CCR6	PTPRC	0.638
CCR6	RORC	0.726
CCR6	S1PR1	0.61
CCR6	SELL	0.681
CCR6	SELP	0.506
CCR6	STAT1	0.418
CCR6	STAT3	0.582
CCR6	STAT4	0.479
CCR6	TBX21	0.728
CCR6	TGFB1	0.462
CCR6	TLR2	0.451
CCR6	TLR4	0.644
CCR6	TNF	0.658
CCR6	TNFRSF18	0.488
CCR6	TNFRSF4	0.516
CCR6	TNFRSF9	0.614
CCR6	TNFSF13B	0.401
CCR6	TNFSF4	0.408
CCR6	VCAM1	0.623
CCR7	CCR8	0.835
CCR7	CCR9	0.806
CCR7	CCRL2	0.784
CCR7	CD163	0.775
CCR7	CD19	0.88
CCR7	CD1C	0.729
CCR7	CD1D	0.626
CCR7	CD2	0.822
CCR7	CD22	0.507
CCR7	CD27	0.923
CCR7	CD274	0.684
CCR7	CD276	0.622
CCR7	CD28	0.857
CCR7	CD33	0.541
CCR7	CD34	0.625
CCR7	CD36	0.406
CCR7	CD38	0.884
CCR7	CD3E	0.744
CCR7	CD4	0.947
CCR7	CD40	0.801
CCR7	CD40LG	0.78
CCR7	CD44	0.718
CCR7	CD5	0.89
CCR7	CD52	0.562
CCR7	CD68	0.703
CCR7	CD69	0.905
CCR7	CD79A	0.631
CCR7	CD79B	0.448
CCR7	CD80	0.894
CCR7	CD83	0.876
CCR7	CD86	0.895
CCR7	CD8A	0.941
CCR7	CR2	0.62
CCR7	CSF1	0.435
CCR7	CSF1R	0.526
CCR7	CSF2	0.69
CCR7	CSF3	0.405
CCR7	CTLA4	0.798
CCR7	CX3CL1	0.915
CCR7	CX3CR1	0.762
CCR7	CXCL1	0.893
CCR7	CXCL10	0.968
CCR7	CXCL11	0.93
CCR7	CXCL12	0.999
CCR7	CXCL13	0.999
CCR7	CXCL2	0.898
CCR7	CXCL8	0.9
CCR7	CXCL9	0.961
CCR7	CXCR2	0.782
CCR7	CXCR3	0.763
CCR7	CXCR4	0.959
CCR7	CXCR5	0.962
CCR7	CXCR6	0.863
CCR7	FAS	0.721
CCR7	FASLG	0.561
CCR7	FCGR1A	0.547
CCR7	FCGR2A	0.545
CCR7	FCGR2B	0.666
CCR7	FCGR3A	0.851
CCR7	FCGR3B	0.834
CCR7	FOXP3	0.802
CCR7	GZMA	0.69
CCR7	GZMB	0.803
CCR7	HAVCR2	0.711
CCR7	HLA-DRB1	0.436
CCR7	ICAM1	0.736
CCR7	ICOS	0.838
CCR7	ID2	0.422
CCR7	IDO1	0.587
CCR7	IDO2	0.456
CCR7	IFNA1	0.591
CCR7	IFNB1	0.487
CCR7	IFNG	0.841
CCR7	IL10	0.761
CCR7	IL10RA	0.591
CCR7	IL12RB1	0.637
CCR7	IL13	0.609
CCR7	IL15	0.69
CCR7	IL17A	0.704
CCR7	IL17F	0.419
CCR7	IL18	0.53
CCR7	IL1A	0.54
CCR7	IL1B	0.804
CCR7	IL2	0.785
CCR7	IL21	0.43
CCR7	IL21R	0.62
CCR7	IL22	0.571
CCR7	IL23A	0.416
CCR7	IL2RA	0.777
CCR7	IL2RB	0.728
CCR7	IL2RG	0.606
CCR7	IL33	0.427
CCR7	IL3RA	0.727
CCR7	IL4	0.735
CCR7	IL4R	0.478
CCR7	IL5	0.574
CCR7	IL6	0.824
CCR7	IL6R	0.414
CCR7	IL7	0.715
CCR7	IL7R	0.922
CCR7	IL9	0.418
CCR7	IRF4	0.641
CCR7	IRF8	0.588
CCR7	ITGA4	0.828
CCR7	ITGAE	0.773
CCR7	ITGAL	0.764
CCR7	ITGAM	0.741
CCR7	ITGAX	0.795
CCR7	ITGB2	0.731
CCR7	KLRB1	0.805
CCR7	KLRG1	0.727
CCR7	KLRK1	0.601
CCR7	LAG3	0.707
CCR7	LCK	0.526
CCR7	LOC102723996	0.555
CCR7	LTA	0.803
CCR7	MMP9	0.706
CCR7	MRC1	0.739
CCR7	MS4A1	0.626
CCR7	MYD88	0.474
CCR7	NCAM1	0.732
CCR7	NFKB1	0.564
CCR7	NOS2	0.543
CCR7	PDCD1	0.689
CCR7	PDCD1LG2	0.575
CCR7	PECAM1	0.609
CCR7	PRDM1	0.614
CCR7	PRF1	0.762
CCR7	PTGS2	0.581
CCR7	PTPRC	0.877
CCR7	RORC	0.477
CCR7	S1PR1	0.739
CCR7	S1PR5	0.472
CCR7	SDC1	0.43
CCR7	SELE	0.645
CCR7	SELL	0.942
CCR7	SELP	0.509
CCR7	SPN	0.452
CCR7	STAT1	0.533
CCR7	STAT3	0.552
CCR7	STAT4	0.624
CCR7	STAT6	0.448
CCR7	TBX21	0.823
CCR7	TGFB1	0.565
CCR7	THY1	0.401
CCR7	TLR2	0.564
CCR7	TLR4	0.618
CCR7	TLR7	0.591
CCR7	TLR9	0.701
CCR7	TNF	0.783
CCR7	TNFRSF18	0.612
CCR7	TNFRSF1B	0.617
CCR7	TNFRSF4	0.77
CCR7	TNFRSF9	0.782
CCR7	TNFSF13B	0.53
CCR7	TNFSF4	0.534
CCR7	TREM2	0.555
CCR7	TYROBP	0.412
CCR7	VCAM1	0.58
CCR8	CCR9	0.743
CCR8	CCRL2	0.809
CCR8	CD163	0.481
CCR8	CD19	0.405
CCR8	CD2	0.4
CCR8	CD28	0.417
CCR8	CD3E	0.447
CCR8	CD4	0.734
CCR8	CD40LG	0.417
CCR8	CD68	0.57
CCR8	CD69	0.435
CCR8	CD80	0.498
CCR8	CD86	0.597
CCR8	CD8A	0.622
CCR8	CSF1	0.429
CCR8	CSF1R	0.5
CCR8	CSF2	0.644
CCR8	CTLA4	0.596
CCR8	CX3CL1	0.846
CCR8	CX3CR1	0.709
CCR8	CXCL1	0.866
CCR8	CXCL10	0.818
CCR8	CXCL11	0.813
CCR8	CXCL12	0.858
CCR8	CXCL13	0.905
CCR8	CXCL2	0.773
CCR8	CXCL8	0.86
CCR8	CXCL9	0.827
CCR8	CXCR2	0.704
CCR8	CXCR3	0.736
CCR8	CXCR4	0.729
CCR8	CXCR5	0.715
CCR8	CXCR6	0.725
CCR8	FOXP3	0.682
CCR8	GZMB	0.458
CCR8	HAVCR2	0.504
CCR8	ICOS	0.562
CCR8	IFNG	0.647
CCR8	IL10	0.728
CCR8	IL12RB2	0.532
CCR8	IL13	0.488
CCR8	IL15	0.42
CCR8	IL17A	0.482
CCR8	IL1B	0.561
CCR8	IL2	0.512
CCR8	IL22	0.413
CCR8	IL2RA	0.475
CCR8	IL4	0.535
CCR8	IL5	0.453
CCR8	IL6	0.538
CCR8	IL7R	0.436
CCR8	IRF4	0.433
CCR8	ITGAE	0.509
CCR8	ITGAM	0.474
CCR8	ITGAX	0.446
CCR8	KLRK1	0.684
CCR8	LAG3	0.54
CCR8	LTA	0.635
CCR8	MMP9	0.401
CCR8	PDCD1	0.445
CCR8	PTPRC	0.457
CCR8	SELL	0.636
CCR8	STAT4	0.435
CCR8	STAT6	0.402
CCR8	TBX21	0.501
CCR8	TGFB1	0.44
CCR8	TNF	0.555
CCR8	TNFRSF18	0.463
CCR8	TNFRSF4	0.455
CCR8	TNFRSF9	0.416
CCR8	VCAM1	0.42
CCR9	CCRL2	0.592
CCR9	CD19	0.635
CCR9	CD2	0.627
CCR9	CD27	0.451
CCR9	CD28	0.468
CCR9	CD3E	0.522
CCR9	CD4	0.817
CCR9	CD40	0.425
CCR9	CD40LG	0.502
CCR9	CD44	0.46
CCR9	CD5	0.432
CCR9	CD69	0.588
CCR9	CD80	0.559
CCR9	CD86	0.562
CCR9	CD8A	0.859
CCR9	CTLA4	0.471
CCR9	CX3CL1	0.832
CCR9	CX3CR1	0.703
CCR9	CXCL1	0.75
CCR9	CXCL10	0.869
CCR9	CXCL11	0.793
CCR9	CXCL12	0.916
CCR9	CXCL13	0.793
CCR9	CXCL2	0.747
CCR9	CXCL8	0.851
CCR9	CXCL9	0.797
CCR9	CXCR2	0.693
CCR9	CXCR3	0.734
CCR9	CXCR4	0.721
CCR9	CXCR5	0.72
CCR9	CXCR6	0.694
CCR9	FCGR3A	0.434
CCR9	FCGR3B	0.436
CCR9	FOXP3	0.708
CCR9	GZMB	0.407
CCR9	ICAM1	0.472
CCR9	ICOS	0.502
CCR9	IFNG	0.596
CCR9	IL10	0.597
CCR9	IL13	0.4
CCR9	IL15	0.418
CCR9	IL17A	0.57
CCR9	IL1B	0.418
CCR9	IL2	0.483
CCR9	IL22	0.457
CCR9	IL2RB	0.43
CCR9	IL4	0.495
CCR9	IL6	0.471
CCR9	IL7	0.461
CCR9	IL7R	0.546
CCR9	IRF4	0.445
CCR9	IRF8	0.554
CCR9	ITGA4	0.742
CCR9	ITGAE	0.718
CCR9	ITGAM	0.545
CCR9	ITGAX	0.581
CCR9	ITGB1	0.543
CCR9	ITGB2	0.501
CCR9	KLRB1	0.437
CCR9	KLRG1	0.404
CCR9	LAG3	0.4
CCR9	LCK	0.543
CCR9	NCAM1	0.571
CCR9	PRF1	0.422
CCR9	PTPRC	0.591
CCR9	S1PR1	0.575
CCR9	SELL	0.631
CCR9	SELP	0.64
CCR9	TBX21	0.512
CCR9	TLR2	0.418
CCR9	TLR9	0.413
CCR9	TNF	0.476
CCR9	VCAM1	0.61
CCRL2	CD163	0.478
CCRL2	CD19	0.63
CCRL2	CD1C	0.537
CCRL2	CD1D	0.53
CCRL2	CD2	0.432
CCRL2	CD22	0.546
CCRL2	CD27	0.678
CCRL2	CD274	0.559
CCRL2	CD276	0.418
CCRL2	CD28	0.626
CCRL2	CD33	0.479
CCRL2	CD34	0.42
CCRL2	CD38	0.619
CCRL2	CD4	0.878
CCRL2	CD40	0.599
CCRL2	CD40LG	0.578
CCRL2	CD44	0.548
CCRL2	CD5	0.403
CCRL2	CD68	0.463
CCRL2	CD69	0.777
CCRL2	CD80	0.626
CCRL2	CD83	0.504
CCRL2	CD86	0.63
CCRL2	CD8A	0.753
CCRL2	CR2	0.587
CCRL2	CSF1R	0.548
CCRL2	CSF2	0.614
CCRL2	CSF3	0.416
CCRL2	CTLA4	0.604
CCRL2	CX3CL1	0.672
CCRL2	CX3CR1	0.472
CCRL2	CXCL1	0.579
CCRL2	CXCL10	0.881
CCRL2	CXCL11	0.756
CCRL2	CXCL12	0.886
CCRL2	CXCL13	0.883
CCRL2	CXCL2	0.505
CCRL2	CXCL8	0.762
CCRL2	CXCL9	0.952
CCRL2	CXCR2	0.578
CCRL2	CXCR3	0.701
CCRL2	CXCR4	0.564
CCRL2	CXCR5	0.452
CCRL2	CXCR6	0.526
CCRL2	FAS	0.493
CCRL2	FASLG	0.422
CCRL2	FCGR1A	0.442
CCRL2	FCGR2A	0.453
CCRL2	FCGR2B	0.459
CCRL2	FCGR3A	0.64
CCRL2	FCGR3B	0.632
CCRL2	FOXP3	0.727
CCRL2	GZMA	0.463
CCRL2	GZMB	0.614
CCRL2	HAVCR2	0.505
CCRL2	HLA-DRB1	0.426
CCRL2	ICAM1	0.704
CCRL2	ICOS	0.755
CCRL2	IDO1	0.619
CCRL2	IDO2	0.533
CCRL2	IFNA1	0.439
CCRL2	IFNB1	0.434
CCRL2	IFNG	0.853
CCRL2	IL10	0.781
CCRL2	IL10RA	0.485
CCRL2	IL12RB1	0.667
CCRL2	IL12RB2	0.478
CCRL2	IL13	0.594
CCRL2	IL15	0.571
CCRL2	IL17A	0.873
CCRL2	IL17F	0.697
CCRL2	IL18	0.526
CCRL2	IL1A	0.569
CCRL2	IL1B	0.744
CCRL2	IL1R1	0.708
CCRL2	IL2	0.644
CCRL2	IL21R	0.449
CCRL2	IL22	0.773
CCRL2	IL23A	0.521
CCRL2	IL23R	0.801
CCRL2	IL2RA	0.529
CCRL2	IL2RB	0.464
CCRL2	IL2RG	0.401
CCRL2	IL33	0.471
CCRL2	IL3RA	0.644
CCRL2	IL4	0.788
CCRL2	IL5	0.58
CCRL2	IL6	0.849
CCRL2	IL6R	0.476
CCRL2	IL7	0.556
CCRL2	IL7R	0.83
CCRL2	IL9	0.52
CCRL2	IRF4	0.527
CCRL2	IRF8	0.44
CCRL2	ITGA4	0.493
CCRL2	ITGAE	0.634
CCRL2	ITGAL	0.63
CCRL2	ITGAM	0.653
CCRL2	ITGAX	0.671
CCRL2	ITGB2	0.585
CCRL2	KLRB1	0.881
CCRL2	KLRG1	0.52
CCRL2	KLRK1	0.417
CCRL2	LAG3	0.484
CCRL2	LOC102723996	0.435
CCRL2	MMP9	0.626
CCRL2	MOG	0.479
CCRL2	MS4A1	0.509
CCRL2	MYD88	0.614
CCRL2	NCAM1	0.717
CCRL2	PDCD1	0.472
CCRL2	PECAM1	0.47
CCRL2	POU2AF1	0.441
CCRL2	PRDM1	0.592
CCRL2	PRF1	0.589
CCRL2	PTGS2	0.551
CCRL2	PTPRC	0.67
CCRL2	RORC	0.72
CCRL2	S1PR1	0.629
CCRL2	SELE	0.437
CCRL2	SELL	0.692
CCRL2	SELP	0.583
CCRL2	STAT1	0.481
CCRL2	STAT3	0.602
CCRL2	STAT4	0.514
CCRL2	STAT6	0.415
CCRL2	TBX21	0.737
CCRL2	TGFB1	0.514
CCRL2	TLR2	0.565
CCRL2	TLR4	0.689
CCRL2	TLR7	0.431
CCRL2	TLR9	0.404
CCRL2	TNF	0.745
CCRL2	TNFRSF18	0.502
CCRL2	TNFRSF1B	0.608
CCRL2	TNFRSF4	0.512
CCRL2	TNFRSF9	0.617
CCRL2	TNFSF13B	0.47
CCRL2	VCAM1	0.638
CD163	CD19	0.595
CD163	CD1C	0.735
CD163	CD1D	0.688
CD163	CD2	0.727
CD163	CD22	0.62
CD163	CD27	0.453
CD163	CD274	0.718
CD163	CD276	0.475
CD163	CD28	0.495
CD163	CD33	0.685
CD163	CD34	0.64
CD163	CD36	0.981
CD163	CD38	0.568
CD163	CD3E	0.496
CD163	CD4	0.806
CD163	CD40	0.59
CD163	CD40LG	0.681
CD163	CD44	0.447
CD163	CD5	0.647
CD163	CD52	0.478
CD163	CD68	0.919
CD163	CD69	0.663
CD163	CD79A	0.569
CD163	CD80	0.788
CD163	CD83	0.668
CD163	CD86	0.832
CD163	CD8A	0.797
CD163	CR2	0.514
CD163	CRP	0.604
CD163	CSF1	0.734
CD163	CSF1R	0.929
CD163	CSF2	0.647
CD163	CSF3	0.42
CD163	CTLA4	0.618
CD163	CX3CL1	0.654
CD163	CX3CR1	0.79
CD163	CXCL1	0.502
CD163	CXCL10	0.691
CD163	CXCL11	0.672
CD163	CXCL12	0.603
CD163	CXCL13	0.499
CD163	CXCL2	0.45
CD163	CXCL8	0.627
CD163	CXCL9	0.781
CD163	CXCR2	0.467
CD163	CXCR3	0.472
CD163	CXCR4	0.675
CD163	CXCR6	0.421
CD163	CYBB	0.565
CD163	FCGR1A	0.792
CD163	FCGR2A	0.704
CD163	FCGR2B	0.752
CD163	FCGR3A	0.871
CD163	FCGR3B	0.814
CD163	FOXP3	0.79
CD163	GFAP	0.456
CD163	GZMA	0.529
CD163	GZMB	0.652
CD163	HAVCR2	0.647
CD163	HIF1A	0.465
CD163	HLA-DRB1	0.451
CD163	HMOX1	0.631
CD163	ICAM1	0.54
CD163	IDO1	0.613
CD163	IDO2	0.454
CD163	IFNA1	0.479
CD163	IFNB1	0.455
CD163	IFNG	0.751
CD163	IL10	0.955
CD163	IL10RA	0.535
CD163	IL13	0.71
CD163	IL15	0.495
CD163	IL17A	0.592
CD163	IL18	0.537
CD163	IL1A	0.59
CD163	IL1B	0.84
CD163	IL1R1	0.443
CD163	IL2	0.532
CD163	IL2RA	0.485
CD163	IL33	0.435
CD163	IL3RA	0.543
CD163	IL4	0.746
CD163	IL4R	0.481
CD163	IL6	0.964
CD163	IL7R	0.453
CD163	IRF4	0.443
CD163	IRF8	0.48
CD163	ITGA4	0.584
CD163	ITGAE	0.62
CD163	ITGAM	0.819
CD163	ITGAX	0.763
CD163	ITGB2	0.567
CD163	KLRB1	0.528
CD163	LAG3	0.531
CD163	MMP9	0.666
CD163	MPO	0.554
CD163	MRC1	0.93
CD163	MS4A1	0.453
CD163	MYD88	0.469
CD163	NCAM1	0.585
CD163	NFKB1	0.513
CD163	NLRP3	0.499
CD163	NOS2	0.518
CD163	PDCD1	0.675
CD163	PDCD1LG2	0.547
CD163	PECAM1	0.708
CD163	PRF1	0.602
CD163	PTGS2	0.49
CD163	PTPRC	0.841
CD163	PXDNL	0.548
CD163	S1PR1	0.469
CD163	SCARB1	0.602
CD163	SDC1	0.422
CD163	SELE	0.443
CD163	SELL	0.481
CD163	SELP	0.439
CD163	SPN	0.424
CD163	STAT1	0.591
CD163	STAT3	0.637
CD163	STAT6	0.587
CD163	TBX21	0.459
CD163	TGFB1	0.6
CD163	TLR2	0.835
CD163	TLR4	0.814
CD163	TLR7	0.684
CD163	TLR9	0.433
CD163	TNF	0.75
CD163	TNFRSF1A	0.409
CD163	TNFRSF1B	0.447
CD163	TNFSF13B	0.55
CD163	TREM2	0.581
CD163	TYROBP	0.652
CD163	VCAM1	0.583
CD163	VWF	0.534
CD19	CD1C	0.78
CD19	CD1D	0.762
CD19	CD2	0.942
CD19	CD22	0.992
CD19	CD27	0.955
CD19	CD274	0.816
CD19	CD276	0.656
CD19	CD28	0.842
CD19	CD33	0.881
CD19	CD34	0.9
CD19	CD36	0.888
CD19	CD38	0.946
CD19	CD3E	0.809
CD19	CD4	0.936
CD19	CD40	0.88
CD19	CD40LG	0.801
CD19	CD44	0.851
CD19	CD5	0.941
CD19	CD52	0.733
CD19	CD68	0.65
CD19	CD69	0.859
CD19	CD79A	0.998
CD19	CD79B	0.991
CD19	CD80	0.819
CD19	CD83	0.793
CD19	CD86	0.833
CD19	CD8A	0.913
CD19	CR2	0.999
CD19	CRP	0.581
CD19	CSF1	0.532
CD19	CSF1R	0.639
CD19	CSF2	0.741
CD19	CSF3	0.621
CD19	CSPG4	0.554
CD19	CTLA4	0.766
CD19	CX3CR1	0.58
CD19	CXCL1	0.475
CD19	CXCL10	0.682
CD19	CXCL11	0.404
CD19	CXCL12	0.6
CD19	CXCL13	0.785
CD19	CXCL8	0.581
CD19	CXCL9	0.716
CD19	CXCR2	0.415
CD19	CXCR3	0.715
CD19	CXCR4	0.818
CD19	CXCR5	0.895
CD19	CXCR6	0.529
CD19	FAS	0.702
CD19	FASLG	0.588
CD19	FCGR1A	0.821
CD19	FCGR2A	0.768
CD19	FCGR2B	0.933
CD19	FCGR3A	0.997
CD19	FCGR3B	0.997
CD19	FGF2	0.417
CD19	FOXP3	0.839
CD19	GZMA	0.516
CD19	GZMB	0.805
CD19	HAVCR2	0.664
CD19	HIF1A	0.547
CD19	HLA-DRB1	0.477
CD19	ICAM1	0.598
CD19	ICOS	0.779
CD19	IDO1	0.594
CD19	IDO2	0.507
CD19	IFNA1	0.642
CD19	IFNA2	0.447
CD19	IFNB1	0.543
CD19	IFNG	0.858
CD19	IL10	0.806
CD19	IL10RA	0.492
CD19	IL13	0.663
CD19	IL15	0.819
CD19	IL17A	0.732
CD19	IL18	0.588
CD19	IL1A	0.579
CD19	IL1B	0.686
CD19	IL1R1	0.409
CD19	IL2	0.824
CD19	IL21	0.679
CD19	IL21R	0.823
CD19	IL22	0.583
CD19	IL2RA	0.614
CD19	IL2RB	0.619
CD19	IL2RG	0.631
CD19	IL3	0.617
CD19	IL33	0.505
CD19	IL3RA	0.892
CD19	IL4	0.879
CD19	IL4R	0.461
CD19	IL5	0.67
CD19	IL6	0.836
CD19	IL6R	0.483
CD19	IL7	0.82
CD19	IL7R	0.808
CD19	IL9	0.472
CD19	IRF4	0.677
CD19	IRF8	0.607
CD19	ITGA4	0.772
CD19	ITGAE	0.749
CD19	ITGAL	0.681
CD19	ITGAM	0.912
CD19	ITGAX	0.909
CD19	ITGB1	0.61
CD19	ITGB2	0.541
CD19	KLRB1	0.747
CD19	KLRG1	0.704
CD19	KLRK1	0.693
CD19	LAG3	0.662
CD19	LCK	0.693
CD19	LOC102723996	0.545
CD19	LTA	0.548
CD19	MMP9	0.425
CD19	MOG	0.558
CD19	MPO	0.616
CD19	MRC1	0.581
CD19	MS4A1	0.976
CD19	MYD88	0.589
CD19	NCAM1	0.972
CD19	NFKB1	0.505
CD19	NOTCH1	0.447
CD19	PDCD1	0.817
CD19	PDCD1LG2	0.613
CD19	PECAM1	0.669
CD19	POU2AF1	0.806
CD19	PRDM1	0.726
CD19	PRF1	0.687
CD19	PTPRC	0.921
CD19	PXDNL	0.61
CD19	RORC	0.411
CD19	SCARB1	0.881
CD19	SDC1	0.856
CD19	SELL	0.838
CD19	SELP	0.433
CD19	SPN	0.929
CD19	STAT1	0.531
CD19	STAT3	0.726
CD19	STAT6	0.464
CD19	TBX21	0.714
CD19	TGFB1	0.564
CD19	THY1	0.836
CD19	TLR2	0.576
CD19	TLR4	0.614
CD19	TLR7	0.645
CD19	TLR9	0.71
CD19	TNF	0.788
CD19	TNFRSF13B	0.809
CD19	TNFRSF18	0.551
CD19	TNFRSF4	0.642
CD19	TNFRSF9	0.896
CD19	TNFSF13B	0.726
CD19	TNFSF4	0.435
CD19	TYROBP	0.425
CD19	VCAM1	0.534
CD1C	CD1D	0.64
CD1C	CD2	0.838
CD1C	CD22	0.554
CD1C	CD27	0.597
CD1C	CD274	0.584
CD1C	CD276	0.559
CD1C	CD28	0.56
CD1C	CD33	0.684
CD1C	CD34	0.726
CD1C	CD36	0.462
CD1C	CD38	0.641
CD1C	CD3E	0.76
CD1C	CD4	0.889
CD1C	CD40	0.751
CD1C	CD40LG	0.808
CD1C	CD44	0.635
CD1C	CD5	0.794
CD1C	CD52	0.501
CD1C	CD68	0.888
CD1C	CD69	0.63
CD1C	CD79A	0.662
CD1C	CD80	0.814
CD1C	CD83	0.942
CD1C	CD86	0.856
CD1C	CD8A	0.856
CD1C	CR2	0.689
CD1C	CSF1	0.434
CD1C	CSF1R	0.623
CD1C	CSF2	0.746
CD1C	CTLA4	0.539
CD1C	CX3CR1	0.482
CD1C	CXCL10	0.5
CD1C	CXCL11	0.593
CD1C	CXCL8	0.514
CD1C	CXCL9	0.433
CD1C	CXCR3	0.481
CD1C	CXCR4	0.489
CD1C	CXCR5	0.458
CD1C	FCGR1A	0.605
CD1C	FCGR2A	0.505
CD1C	FCGR2B	0.556
CD1C	FCGR3A	0.746
CD1C	FCGR3B	0.745
CD1C	FOXP3	0.64
CD1C	GZMB	0.541
CD1C	HAVCR2	0.426
CD1C	ICAM1	0.559
CD1C	ICOS	0.457
CD1C	IDO1	0.525
CD1C	IDO2	0.409
CD1C	IFNA1	0.605
CD1C	IFNB1	0.409
CD1C	IFNG	0.81
CD1C	IL10	0.816
CD1C	IL13	0.517
CD1C	IL15	0.502
CD1C	IL17A	0.594
CD1C	IL18	0.433
CD1C	IL1A	0.438
CD1C	IL1B	0.627
CD1C	IL2	0.605
CD1C	IL22	0.488
CD1C	IL3	0.427
CD1C	IL3RA	0.874
CD1C	IL4	0.743
CD1C	IL5	0.456
CD1C	IL6	0.618
CD1C	IL7	0.486
CD1C	IL7R	0.649
CD1C	IRF4	0.553
CD1C	IRF8	0.615
CD1C	ITGAE	0.632
CD1C	ITGAL	0.513
CD1C	ITGAM	0.705
CD1C	ITGAX	0.887
CD1C	ITGB2	0.492
CD1C	KLRB1	0.545
CD1C	KLRK1	0.507
CD1C	LOC102723996	0.402
CD1C	MPO	0.522
CD1C	MRC1	0.603
CD1C	MS4A1	0.589
CD1C	MYD88	0.47
CD1C	NCAM1	0.727
CD1C	PDCD1	0.449
CD1C	PDCD1LG2	0.408
CD1C	PECAM1	0.457
CD1C	PRF1	0.497
CD1C	PTPRC	0.741
CD1C	SCARB1	0.424
CD1C	SDC1	0.462
CD1C	SELL	0.528
CD1C	SPN	0.479
CD1C	TBX21	0.509
CD1C	TGFB1	0.435
CD1C	TLR2	0.543
CD1C	TLR4	0.558
CD1C	TLR7	0.614
CD1C	TLR9	0.573
CD1C	TNF	0.697
CD1C	TNFSF4	0.407
CD1D	CD2	0.65
CD1D	CD22	0.517
CD1D	CD27	0.604
CD1D	CD274	0.583
CD1D	CD276	0.559
CD1D	CD28	0.589
CD1D	CD33	0.621
CD1D	CD34	0.701
CD1D	CD36	0.419
CD1D	CD38	0.629
CD1D	CD3E	0.714
CD1D	CD4	0.911
CD1D	CD40	0.84
CD1D	CD40LG	0.877
CD1D	CD44	0.75
CD1D	CD5	0.84
CD1D	CD68	0.875
CD1D	CD69	0.712
CD1D	CD79A	0.544
CD1D	CD80	0.794
CD1D	CD83	0.914
CD1D	CD86	0.829
CD1D	CD8A	0.891
CD1D	CR2	0.739
CD1D	CSF2	0.739
CD1D	CTLA4	0.502
CD1D	CXCL10	0.438
CD1D	CXCL8	0.456
CD1D	CXCR3	0.495
CD1D	CXCR4	0.461
CD1D	CXCR5	0.501
CD1D	CXCR6	0.481
CD1D	FAS	0.419
CD1D	FASLG	0.516
CD1D	FCGR1A	0.512
CD1D	FCGR2A	0.547
CD1D	FCGR2B	0.58
CD1D	FCGR3A	0.696
CD1D	FCGR3B	0.699
CD1D	FOXP3	0.722
CD1D	GZMB	0.593
CD1D	HAVCR2	0.542
CD1D	ICAM1	0.573
CD1D	ICOS	0.487
CD1D	ID2	0.493
CD1D	IDO1	0.486
CD1D	IDO2	0.4
CD1D	IFNA1	0.541
CD1D	IFNG	0.884
CD1D	IL10	0.847
CD1D	IL13	0.759
CD1D	IL15	0.608
CD1D	IL17A	0.693
CD1D	IL18	0.562
CD1D	IL1A	0.465
CD1D	IL1B	0.626
CD1D	IL2	0.693
CD1D	IL22	0.581
CD1D	IL2RA	0.413
CD1D	IL2RB	0.554
CD1D	IL33	0.443
CD1D	IL3RA	0.621
CD1D	IL4	0.871
CD1D	IL4R	0.428
CD1D	IL5	0.56
CD1D	IL6	0.622
CD1D	IL7	0.528
CD1D	IL7R	0.651
CD1D	ITGAE	0.53
CD1D	ITGAL	0.479
CD1D	ITGAM	0.695
CD1D	ITGAX	0.74
CD1D	ITGB2	0.451
CD1D	KLRB1	0.852
CD1D	KLRK1	0.761
CD1D	LCK	0.457
CD1D	MPO	0.526
CD1D	MRC1	0.49
CD1D	MYD88	0.537
CD1D	NCAM1	0.705
CD1D	PDCD1	0.42
CD1D	PDCD1LG2	0.404
CD1D	PECAM1	0.423
CD1D	PRF1	0.627
CD1D	PTPRC	0.82
CD1D	SDC1	0.588
CD1D	SELL	0.624
CD1D	SPN	0.589
CD1D	TBX21	0.626
CD1D	TGFB1	0.416
CD1D	TLR2	0.534
CD1D	TLR4	0.562
CD1D	TLR7	0.491
CD1D	TLR9	0.528
CD1D	TNF	0.695
CD1D	TNFSF13B	0.438
CD2	CD22	0.833
CD2	CD27	0.887
CD2	CD274	0.455
CD2	CD276	0.658
CD2	CD28	0.985
CD2	CD33	0.77
CD2	CD34	0.783
CD2	CD36	0.697
CD2	CD38	0.826
CD2	CD3E	0.959
CD2	CD4	0.996
CD2	CD40	0.517
CD2	CD40LG	0.877
CD2	CD44	0.71
CD2	CD5	0.994
CD2	CD52	0.871
CD2	CD68	0.53
CD2	CD69	0.891
CD2	CD79A	0.744
CD2	CD79B	0.56
CD2	CD80	0.903
CD2	CD83	0.558
CD2	CD86	0.832
CD2	CD8A	0.998
CD2	CR2	0.678
CD2	CSF1R	0.521
CD2	CSF2	0.445
CD2	CTLA4	0.825
CD2	CXCL10	0.4
CD2	CXCL13	0.696
CD2	CXCL9	0.703
CD2	CXCR3	0.693
CD2	CXCR4	0.673
CD2	CXCR5	0.485
CD2	CXCR6	0.613
CD2	FAS	0.591
CD2	FASLG	0.616
CD2	FCGR1A	0.638
CD2	FCGR2A	0.445
CD2	FCGR2B	0.478
CD2	FCGR3A	0.922
CD2	FCGR3B	0.902
CD2	FOXP3	0.613
CD2	GZMA	0.923
CD2	GZMB	0.874
CD2	HAVCR2	0.554
CD2	ICAM1	0.992
CD2	ICOS	0.88
CD2	IFNA1	0.431
CD2	IFNG	0.723
CD2	IL10	0.535
CD2	IL10RA	0.563
CD2	IL15	0.518
CD2	IL17A	0.434
CD2	IL1B	0.45
CD2	IL2	0.729
CD2	IL2RA	0.769
CD2	IL2RB	0.824
CD2	IL2RG	0.789
CD2	IL3RA	0.767
CD2	IL4	0.553
CD2	IL4R	0.433
CD2	IL6	0.602
CD2	IL7	0.487
CD2	IL7R	0.775
CD2	IRF4	0.489
CD2	IRF8	0.412
CD2	ITGA4	0.675
CD2	ITGAE	0.4
CD2	ITGAL	0.925
CD2	ITGAM	0.666
CD2	ITGAX	0.778
CD2	ITGB1	0.609
CD2	ITGB2	0.836
CD2	KLRB1	0.918
CD2	KLRG1	0.489
CD2	KLRK1	0.682
CD2	LAG3	0.624
CD2	LCK	0.986
CD2	MPO	0.604
CD2	MS4A1	0.525
CD2	NCAM1	0.921
CD2	PDCD1	0.515
CD2	PECAM1	0.508
CD2	POU2AF1	0.424
CD2	PRF1	0.838
CD2	PTPRC	0.872
CD2	SCARB1	0.653
CD2	SDC1	0.48
CD2	SELL	0.801
CD2	SELP	0.413
CD2	SPN	0.817
CD2	STAT1	0.413
CD2	STAT4	0.637
CD2	TBX21	0.725
CD2	TLR2	0.447
CD2	TNF	0.582
CD2	TNFRSF18	0.58
CD2	TNFRSF4	0.464
CD2	TNFRSF9	0.441
CD2	TNFSF13B	0.431
CD2	TYROBP	0.505
CD2	VCAM1	0.613
CD22	CD27	0.678
CD22	CD274	0.468
CD22	CD276	0.44
CD22	CD28	0.612
CD22	CD33	0.437
CD22	CD34	0.675
CD22	CD38	0.787
CD22	CD4	0.836
CD22	CD40	0.652
CD22	CD40LG	0.727
CD22	CD44	0.578
CD22	CD5	0.903
CD22	CD52	0.698
CD22	CD68	0.413
CD22	CD69	0.726
CD22	CD79A	0.985
CD22	CD79B	0.96
CD22	CD80	0.69
CD22	CD83	0.42
CD22	CD86	0.653
CD22	CD8A	0.659
CD22	CR2	0.894
CD22	CSF1R	0.407
CD22	CTLA4	0.688
CD22	CX3CR1	0.575
CD22	CXCL13	0.592
CD22	CXCL9	0.671
CD22	CXCR4	0.499
CD22	CXCR5	0.717
CD22	FAS	0.416
CD22	FCGR2A	0.607
CD22	FCGR2B	0.511
CD22	FCGR3A	0.726
CD22	FCGR3B	0.714
CD22	GZMB	0.416
CD22	HAVCR2	0.441
CD22	ICAM1	0.419
CD22	ICOS	0.429
CD22	IFNG	0.497
CD22	IL10	0.488
CD22	IL15	0.448
CD22	IL2	0.524
CD22	IL21R	0.461
CD22	IL3RA	0.679
CD22	IL4	0.423
CD22	IL6	0.488
CD22	IL7	0.406
CD22	IRF4	0.473
CD22	ITGA4	0.567
CD22	ITGAE	0.607
CD22	ITGAL	0.613
CD22	ITGAM	0.743
CD22	ITGAX	0.762
CD22	KLRK1	0.409
CD22	LAG3	0.428
CD22	LCK	0.464
CD22	MPO	0.541
CD22	MS4A1	0.928
CD22	PDCD1	0.405
CD22	POU2AF1	0.691
CD22	PRDM1	0.544
CD22	PTPRC	0.999
CD22	SDC1	0.62
CD22	SELL	0.511
CD22	SPN	0.704
CD22	TLR7	0.422
CD22	TLR9	0.44
CD22	TNF	0.598
CD22	TNFRSF13B	0.57
CD22	TNFRSF4	0.43
CD22	TNFRSF9	0.628
CD22	TNFSF13B	0.624
CD22	TREM2	0.528
CD22	TYROBP	0.432
CD27	CD274	0.676
CD27	CD276	0.798
CD27	CD28	0.898
CD27	CD33	0.524
CD27	CD34	0.522
CD27	CD38	0.908
CD27	CD3E	0.787
CD27	CD4	0.931
CD27	CD40	0.921
CD27	CD40LG	0.934
CD27	CD44	0.665
CD27	CD5	0.908
CD27	CD52	0.695
CD27	CD69	0.866
CD27	CD79A	0.877
CD27	CD79B	0.601
CD27	CD80	0.989
CD27	CD83	0.489
CD27	CD86	0.992
CD27	CD8A	0.937
CD27	CR2	0.905
CD27	CRP	0.43
CD27	CSF1	0.428
CD27	CSF1R	0.438
CD27	CSF2	0.548
CD27	CTLA4	0.781
CD27	CX3CR1	0.519
CD27	CXCL10	0.683
CD27	CXCL12	0.408
CD27	CXCL13	0.608
CD27	CXCL8	0.445
CD27	CXCL9	0.509
CD27	CXCR3	0.863
CD27	CXCR4	0.747
CD27	CXCR5	0.804
CD27	CXCR6	0.628
CD27	FAS	0.804
CD27	FASLG	0.619
CD27	FCGR2A	0.548
CD27	FCGR2B	0.621
CD27	FCGR3A	0.801
CD27	FCGR3B	0.782
CD27	FOXP3	0.746
CD27	GZMA	0.694
CD27	GZMB	0.785
CD27	HAVCR2	0.735
CD27	HLA-DRB1	0.435
CD27	ICAM1	0.433
CD27	ICOS	0.833
CD27	IDO1	0.578
CD27	IFNA1	0.527
CD27	IFNG	0.86
CD27	IL10	0.711
CD27	IL10RA	0.504
CD27	IL12RB1	0.402
CD27	IL13	0.506
CD27	IL15	0.696
CD27	IL17A	0.662
CD27	IL18	0.532
CD27	IL1A	0.608
CD27	IL1B	0.527
CD27	IL2	0.844
CD27	IL21	0.688
CD27	IL21R	0.732
CD27	IL22	0.505
CD27	IL2RA	0.738
CD27	IL2RB	0.829
CD27	IL2RG	0.616
CD27	IL3RA	0.603
CD27	IL4	0.746
CD27	IL5	0.506
CD27	IL6	0.61
CD27	IL6R	0.43
CD27	IL7	0.666
CD27	IL7R	0.854
CD27	IRF4	0.607
CD27	IRF8	0.427
CD27	ITGA4	0.613
CD27	ITGAE	0.607
CD27	ITGAL	0.643
CD27	ITGAM	0.738
CD27	ITGAX	0.702
CD27	ITGB2	0.65
CD27	KLRB1	0.712
CD27	KLRG1	0.828
CD27	KLRK1	0.802
CD27	LAG3	0.775
CD27	LCK	0.81
CD27	LOC102723996	0.963
CD27	LTA	0.489
CD27	MS4A1	0.648
CD27	MYD88	0.413
CD27	NCAM1	0.77
CD27	NFKB1	0.431
CD27	PDCD1	0.692
CD27	PDCD1LG2	0.599
CD27	PECAM1	0.531
CD27	POU2AF1	0.679
CD27	PRDM1	0.628
CD27	PRF1	0.767
CD27	PTPRC	0.804
CD27	RORC	0.437
CD27	S1PR1	0.459
CD27	SDC1	0.726
CD27	SELL	0.828
CD27	SPN	0.813
CD27	STAT1	0.497
CD27	STAT3	0.462
CD27	STAT4	0.476
CD27	TBX21	0.773
CD27	TGFB1	0.413
CD27	THY1	0.431
CD27	TLR2	0.444
CD27	TLR4	0.438
CD27	TLR7	0.515
CD27	TLR9	0.629
CD27	TNF	0.725
CD27	TNFRSF13B	0.684
CD27	TNFRSF18	0.87
CD27	TNFRSF1A	0.715
CD27	TNFRSF1B	0.628
CD27	TNFRSF4	0.934
CD27	TNFRSF9	0.916
CD27	TNFSF13B	0.719
CD27	TNFSF4	0.986
CD27	TYROBP	0.417
CD274	CD28	0.997
CD274	CD33	0.634
CD274	CD34	0.583
CD274	CD38	0.642
CD274	CD3E	0.808
CD274	CD4	0.938
CD274	CD40	0.857
CD274	CD40LG	0.675
CD274	CD44	0.684
CD274	CD5	0.48
CD274	CD52	0.445
CD274	CD68	0.823
CD274	CD69	0.69
CD274	CD80	0.999
CD274	CD83	0.623
CD274	CD86	0.972
CD274	CD8A	0.939
CD274	CR2	0.4
CD274	CRP	0.506
CD274	CSF1	0.654
CD274	CSF1R	0.671
CD274	CSF2	0.748
CD274	CSF3	0.605
CD274	CSPG4	0.57
CD274	CTLA4	0.999
CD274	CX3CR1	0.484
CD274	CXCL1	0.607
CD274	CXCL10	0.777
CD274	CXCL11	0.63
CD274	CXCL12	0.757
CD274	CXCL13	0.565
CD274	CXCL2	0.519
CD274	CXCL8	0.687
CD274	CXCL9	0.761
CD274	CXCR2	0.708
CD274	CXCR3	0.627
CD274	CXCR4	0.752
CD274	CXCR5	0.573
CD274	CXCR6	0.453
CD274	FAS	0.762
CD274	FASLG	0.889
CD274	FCGR1A	0.712
CD274	FCGR2A	0.549
CD274	FCGR2B	0.711
CD274	FCGR3A	0.878
CD274	FCGR3B	0.879
CD274	FGF2	0.457
CD274	FOXP3	0.912
CD274	GZMA	0.615
CD274	GZMB	0.784
CD274	HAVCR2	0.998
CD274	HIF1A	0.669
CD274	HLA-DRB1	0.682
CD274	ICAM1	0.757
CD274	ICOS	0.995
CD274	IDO1	0.902
CD274	IDO2	0.776
CD274	IFNA1	0.7
CD274	IFNA2	0.524
CD274	IFNB1	0.62
CD274	IFNG	0.899
CD274	IGHV3-43D	0.903
CD274	IL10	0.877
CD274	IL10RA	0.712
CD274	IL13	0.618
CD274	IL15	0.717
CD274	IL17A	0.704
CD274	IL18	0.572
CD274	IL1A	0.63
CD274	IL1B	0.735
CD274	IL2	0.854
CD274	IL22	0.487
CD274	IL2RA	0.661
CD274	IL2RB	0.49
CD274	IL2RG	0.441
CD274	IL33	0.475
CD274	IL3RA	0.541
CD274	IL4	0.718
CD274	IL4R	0.494
CD274	IL5	0.507
CD274	IL6	0.799
CD274	IL6R	0.452
CD274	IL7	0.619
CD274	IL7R	0.625
CD274	IRF4	0.509
CD274	IRF8	0.432
CD274	ITGAE	0.644
CD274	ITGAM	0.731
CD274	ITGAX	0.724
CD274	KLRB1	0.603
CD274	KLRG1	0.507
CD274	KLRK1	0.671
CD274	LAG3	0.976
CD274	LCK	0.715
CD274	LOC102723996	0.801
CD274	LTA	0.408
CD274	MMP9	0.595
CD274	MOG	0.404
CD274	MRC1	0.627
CD274	MTOR	0.711
CD274	MYD88	0.544
CD274	NCAM1	0.658
CD274	NFKB1	0.605
CD274	NOTCH1	0.478
CD274	PDCD1	0.999
CD274	PDCD1LG2	0.996
CD274	PDGFRA	0.483
CD274	PECAM1	0.515
CD274	PRDM1	0.491
CD274	PRF1	0.719
CD274	PTGS2	0.558
CD274	PTPRC	0.752
CD274	PXDNL	0.522
CD274	SDC1	0.66
CD274	SELL	0.634
CD274	SLC2A1	0.474
CD274	STAT1	0.776
CD274	STAT3	0.992
CD274	STAT4	0.458
CD274	STAT6	0.714
CD274	TBX21	0.635
CD274	TGFB1	0.781
CD274	THY1	0.48
CD274	TLR2	0.572
CD274	TLR4	0.654
CD274	TLR7	0.752
CD274	TLR9	0.591
CD274	TNF	0.807
CD274	TNFRSF18	0.802
CD274	TNFRSF1A	0.464
CD274	TNFRSF4	0.86
CD274	TNFRSF9	0.899
CD274	TNFSF13B	0.459
CD274	TNFSF4	0.79
CD274	VCAM1	0.675
CD276	CD28	0.998
CD276	CD33	0.446
CD276	CD34	0.4
CD276	CD38	0.486
CD276	CD4	0.877
CD276	CD40	0.802
CD276	CD40LG	0.935
CD276	CD44	0.528
CD276	CD5	0.4
CD276	CD68	0.607
CD276	CD69	0.623
CD276	CD80	0.987
CD276	CD83	0.643
CD276	CD86	0.988
CD276	CD8A	0.873
CD276	CSF1	0.423
CD276	CSF1R	0.4
CD276	CSF2	0.688
CD276	CSF3	0.401
CD276	CTLA4	0.985
CD276	CXCL10	0.63
CD276	CXCL12	0.435
CD276	CXCL8	0.483
CD276	CXCL9	0.482
CD276	CXCR3	0.505
CD276	CXCR4	0.474
CD276	CXCR5	0.507
CD276	FAS	0.435
CD276	FASLG	0.512
CD276	FCGR1A	0.451
CD276	FCGR2A	0.438
CD276	FCGR2B	0.455
CD276	FCGR3A	0.591
CD276	FCGR3B	0.582
CD276	FOXP3	0.729
CD276	GZMB	0.607
CD276	HAVCR2	0.736
CD276	ICAM1	0.594
CD276	ICOS	0.889
CD276	IDO1	0.677
CD276	IDO2	0.596
CD276	IFNA1	0.58
CD276	IFNB1	0.478
CD276	IFNG	0.78
CD276	IL10	0.734
CD276	IL13	0.6
CD276	IL15	0.587
CD276	IL17A	0.633
CD276	IL18	0.476
CD276	IL1A	0.542
CD276	IL1B	0.597
CD276	IL2	0.828
CD276	IL22	0.453
CD276	IL23R	0.466
CD276	IL2RA	0.465
CD276	IL3RA	0.433
CD276	IL4	0.814
CD276	IL5	0.553
CD276	IL6	0.666
CD276	IL7	0.506
CD276	IL7R	0.507
CD276	IL9	0.411
CD276	ITGAE	0.702
CD276	ITGAM	0.625
CD276	ITGAX	0.7
CD276	KLRG1	0.423
CD276	KLRK1	0.583
CD276	LAG3	0.734
CD276	LCK	0.466
CD276	LOC102723996	0.873
CD276	MRC1	0.453
CD276	MYD88	0.49
CD276	NFKB1	0.48
CD276	PDCD1	0.784
CD276	PDCD1LG2	0.556
CD276	PRF1	0.595
CD276	PTPRC	0.739
CD276	SELL	0.588
CD276	STAT1	0.499
CD276	STAT3	0.534
CD276	TBX21	0.686
CD276	TGFB1	0.499
CD276	TLR2	0.549
CD276	TLR4	0.597
CD276	TLR7	0.524
CD276	TLR9	0.576
CD276	TNF	0.745
CD276	TNFRSF18	0.655
CD276	TNFRSF1A	0.479
CD276	TNFRSF4	0.871
CD276	TNFRSF9	0.924
CD276	TNFSF13B	0.434
CD276	TNFSF4	0.813
CD28	CD33	0.62
CD28	CD34	0.541
CD28	CD38	0.856
CD28	CD3E	0.828
CD28	CD4	0.971
CD28	CD40	0.997
CD28	CD40LG	0.998
CD28	CD44	0.801
CD28	CD5	0.839
CD28	CD52	0.58
CD28	CD68	0.418
CD28	CD69	0.865
CD28	CD79A	0.441
CD28	CD80	0.999
CD28	CD83	0.724
CD28	CD86	0.999
CD28	CD8A	0.961
CD28	CR2	0.5
CD28	CRP	0.478
CD28	CSF1	0.452
CD28	CSF2	0.821
CD28	CSF3	0.45
CD28	CTLA4	0.991
CD28	CX3CR1	0.488
CD28	CXCL10	0.611
CD28	CXCL11	0.408
CD28	CXCL12	0.46
CD28	CXCL13	0.51
CD28	CXCL8	0.593
CD28	CXCL9	0.553
CD28	CXCR3	0.803
CD28	CXCR4	0.599
CD28	CXCR5	0.704
CD28	CXCR6	0.467
CD28	FAS	0.73
CD28	FASLG	0.685
CD28	FCGR1A	0.58
CD28	FCGR2A	0.712
CD28	FCGR2B	0.711
CD28	FCGR3A	0.824
CD28	FCGR3B	0.828
CD28	FOXP3	0.935
CD28	GZMA	0.629
CD28	GZMB	0.792
CD28	HAVCR2	0.812
CD28	HIF1A	0.433
CD28	HLA-DRB1	0.463
CD28	ICAM1	0.977
CD28	ICOS	0.979
CD28	IDO1	0.713
CD28	IDO2	0.623
CD28	IFNA1	0.605
CD28	IFNB1	0.515
CD28	IFNG	0.954
CD28	IL10	0.922
CD28	IL10RA	0.638
CD28	IL12RB1	0.517
CD28	IL12RB2	0.465
CD28	IL13	0.768
CD28	IL15	0.842
CD28	IL17A	0.867
CD28	IL17F	0.589
CD28	IL18	0.609
CD28	IL1A	0.8
CD28	IL1B	0.808
CD28	IL1R1	0.568
CD28	IL2	0.965
CD28	IL21	0.478
CD28	IL21R	0.599
CD28	IL22	0.615
CD28	IL23R	0.645
CD28	IL2RA	0.846
CD28	IL2RB	0.777
CD28	IL2RG	0.597
CD28	IL3	0.437
CD28	IL33	0.419
CD28	IL3RA	0.571
CD28	IL4	0.896
CD28	IL4R	0.418
CD28	IL5	0.776
CD28	IL6	0.79
CD28	IL6R	0.456
CD28	IL7	0.774
CD28	IL7R	0.814
CD28	IL9	0.518
CD28	IRF4	0.657
CD28	ITGA4	0.801
CD28	ITGAE	0.622
CD28	ITGAL	0.626
CD28	ITGAM	0.67
CD28	ITGAX	0.677
CD28	ITGB2	0.683
CD28	KLRB1	0.659
CD28	KLRG1	0.694
CD28	KLRK1	0.822
CD28	LAG3	0.826
CD28	LCK	0.998
CD28	LOC102723996	0.999
CD28	LTA	0.46
CD28	MOG	0.542
CD28	MTOR	0.513
CD28	MYD88	0.418
CD28	NCAM1	0.745
CD28	NFKB1	0.704
CD28	PDCD1	0.936
CD28	PDCD1LG2	0.976
CD28	PECAM1	0.496
CD28	PRDM1	0.598
CD28	PRF1	0.791
CD28	PTPRC	0.8
CD28	PXDNL	0.47
CD28	RORC	0.569
CD28	S1PR1	0.417
CD28	SDC1	0.507
CD28	SELL	0.83
CD28	SLC2A1	0.47
CD28	SPN	0.48
CD28	STAT1	0.584
CD28	STAT3	0.616
CD28	STAT4	0.623
CD28	STAT6	0.48
CD28	TBX21	0.826
CD28	TGFB1	0.625
CD28	THY1	0.473
CD28	TLR2	0.48
CD28	TLR4	0.54
CD28	TLR7	0.529
CD28	TLR9	0.516
CD28	TNF	0.875
CD28	TNFRSF13B	0.4
CD28	TNFRSF18	0.738
CD28	TNFRSF1A	0.668
CD28	TNFRSF1B	0.422
CD28	TNFRSF4	0.934
CD28	TNFRSF9	0.93
CD28	TNFSF13B	0.515
CD28	TNFSF4	0.981
CD28	TYROBP	0.4
CD28	VCAM1	0.442
CD33	CD34	0.951
CD33	CD36	0.732
CD33	CD38	0.823
CD33	CD3E	0.513
CD33	CD4	0.869
CD33	CD40	0.516
CD33	CD40LG	0.444
CD33	CD44	0.53
CD33	CD5	0.751
CD33	CD52	0.619
CD33	CD68	0.714
CD33	CD69	0.483
CD33	CD79A	0.61
CD33	CD79B	0.455
CD33	CD80	0.625
CD33	CD83	0.497
CD33	CD86	0.633
CD33	CD8A	0.72
CD33	CSF1	0.473
CD33	CSF1R	0.615
CD33	CSF2	0.643
CD33	CSF3	0.628
CD33	CTLA4	0.584
CD33	CX3CR1	0.561
CD33	CXCL12	0.426
CD33	CXCL8	0.439
CD33	CXCR2	0.497
CD33	CXCR4	0.541
CD33	CYBB	0.416
CD33	FCGR1A	0.747
CD33	FCGR2A	0.572
CD33	FCGR2B	0.524
CD33	FCGR3A	0.974
CD33	FCGR3B	0.96
CD33	FOXP3	0.573
CD33	GZMB	0.513
CD33	HAVCR2	0.738
CD33	HLA-DRB1	0.457
CD33	ICAM1	0.47
CD33	IDO1	0.508
CD33	IFNG	0.61
CD33	IL10	0.595
CD33	IL12RB1	0.497
CD33	IL15	0.807
CD33	IL1B	0.541
CD33	IL2	0.737
CD33	IL2RG	0.415
CD33	IL3	0.596
CD33	IL3RA	0.819
CD33	IL4	0.483
CD33	IL4R	0.505
CD33	IL6	0.606
CD33	IL7	0.435
CD33	IL7R	0.655
CD33	IRF8	0.444
CD33	ITGA4	0.434
CD33	ITGAE	0.404
CD33	ITGAL	0.515
CD33	ITGAM	0.85
CD33	ITGAX	0.711
CD33	ITGB2	0.469
CD33	KLRK1	0.568
CD33	LAG3	0.483
CD33	LCK	0.418
CD33	LTA	0.479
CD33	MPO	0.751
CD33	MRC1	0.494
CD33	MS4A1	0.415
CD33	NCAM1	0.865
CD33	PDCD1	0.46
CD33	PDCD1LG2	0.419
CD33	PECAM1	0.511
CD33	PRF1	0.469
CD33	PTPRC	0.819
CD33	SCARB1	0.702
CD33	SDC1	0.506
CD33	SELE	0.649
CD33	SELL	0.694
CD33	SPN	0.618
CD33	STAT3	0.471
CD33	TGFB1	0.58
CD33	THY1	0.579
CD33	TLR2	0.449
CD33	TLR4	0.675
CD33	TLR7	0.426
CD33	TNF	0.568
CD33	TNFRSF4	0.416
CD33	TNFRSF9	0.669
CD33	TNFSF13B	0.507
CD33	TREM2	0.954
CD33	TYROBP	0.897
CD34	CD36	0.739
CD34	CD38	0.964
CD34	CD3E	0.544
CD34	CD4	0.886
CD34	CD40	0.601
CD34	CD40LG	0.481
CD34	CD44	0.912
CD34	CD5	0.731
CD34	CD52	0.456
CD34	CD68	0.801
CD34	CD69	0.48
CD34	CD79A	0.769
CD34	CD80	0.654
CD34	CD83	0.611
CD34	CD86	0.659
CD34	CD8A	0.874
CD34	CLDN5	0.509
CD34	CR2	0.59
CD34	CRP	0.506
CD34	CSF1	0.574
CD34	CSF1R	0.746
CD34	CSF2	0.772
CD34	CSF3	0.94
CD34	CTLA4	0.447
CD34	CX3CR1	0.433
CD34	CXCL1	0.418
CD34	CXCL10	0.456
CD34	CXCL12	0.856
CD34	CXCL8	0.591
CD34	CXCL9	0.429
CD34	CXCR2	0.447
CD34	CXCR3	0.409
CD34	CXCR4	0.815
CD34	FAS	0.437
CD34	FASLG	0.637
CD34	FCGR1A	0.758
CD34	FCGR2A	0.569
CD34	FCGR2B	0.581
CD34	FCGR3A	0.816
CD34	FCGR3B	0.803
CD34	FGF2	0.76
CD34	FOXP3	0.585
CD34	GFAP	0.747
CD34	GZMB	0.491
CD34	HAVCR2	0.422
CD34	HIF1A	0.641
CD34	ICAM1	0.844
CD34	IDO1	0.566
CD34	IDO2	0.49
CD34	IFNA1	0.554
CD34	IFNA2	0.435
CD34	IFNG	0.695
CD34	IL10	0.718
CD34	IL13	0.481
CD34	IL15	0.608
CD34	IL17A	0.514
CD34	IL18	0.418
CD34	IL1A	0.585
CD34	IL1B	0.672
CD34	IL2	0.63
CD34	IL2RA	0.42
CD34	IL2RG	0.614
CD34	IL3	0.904
CD34	IL33	0.663
CD34	IL3RA	0.785
CD34	IL4	0.615
CD34	IL5	0.507
CD34	IL6	0.83
CD34	IL7	0.639
CD34	IL7R	0.68
CD34	IRF8	0.424
CD34	ITGA4	0.629
CD34	ITGAE	0.446
CD34	ITGAL	0.719
CD34	ITGAM	0.872
CD34	ITGAX	0.718
CD34	ITGB1	0.887
CD34	ITGB2	0.543
CD34	KLRB1	0.433
CD34	KLRK1	0.48
CD34	LCK	0.686
CD34	MMP9	0.71
CD34	MPO	0.735
CD34	MRC1	0.469
CD34	MTOR	0.42
CD34	NCAM1	0.821
CD34	NFKB1	0.454
CD34	NOTCH1	0.613
CD34	OLIG2	0.428
CD34	PDCD1LG2	0.432
CD34	PDGFRA	0.744
CD34	PECAM1	0.94
CD34	PRF1	0.477
CD34	PTGS2	0.635
CD34	PTPRC	0.919
CD34	PXDNL	0.693
CD34	SCARB1	0.714
CD34	SDC1	0.584
CD34	SELE	0.953
CD34	SELL	0.999
CD34	SELP	0.832
CD34	SLC2A1	0.44
CD34	SOX10	0.587
CD34	SPN	0.811
CD34	STAT1	0.443
CD34	STAT3	0.614
CD34	STAT6	0.604
CD34	TGFB1	0.787
CD34	THY1	0.915
CD34	TJP1	0.545
CD34	TLR2	0.447
CD34	TLR4	0.519
CD34	TNF	0.712
CD34	TNFRSF9	0.412
CD34	VCAM1	0.896
CD34	VWF	0.849
CD36	CD38	0.517
CD36	CD3E	0.459
CD36	CD4	0.612
CD36	CD40	0.707
CD36	CD40LG	0.631
CD36	CD44	0.714
CD36	CD68	0.797
CD36	CD80	0.516
CD36	CD86	0.588
CD36	CD8A	0.737
CD36	CRP	0.474
CD36	CSF1	0.483
CD36	CSF1R	0.583
CD36	CSF2	0.483
CD36	CX3CR1	0.524
CD36	CXCL10	0.441
CD36	CXCL11	0.568
CD36	CXCL12	0.433
CD36	CXCL8	0.512
CD36	CXCR3	0.446
CD36	CXCR4	0.432
CD36	CYBB	0.552
CD36	FCGR1A	0.71
CD36	FCGR2A	0.564
CD36	FCGR2B	0.564
CD36	FCGR3A	0.928
CD36	FCGR3B	0.923
CD36	FOXP3	0.407
CD36	GFAP	0.462
CD36	HAVCR2	0.489
CD36	HIF1A	0.52
CD36	HMGCR	0.596
CD36	HMOX1	0.472
CD36	ICAM1	0.806
CD36	IFNG	0.607
CD36	IL10	0.649
CD36	IL13	0.855
CD36	IL15	0.434
CD36	IL17A	0.429
CD36	IL18	0.483
CD36	IL1A	0.518
CD36	IL1B	0.727
CD36	IL3	0.415
CD36	IL3RA	0.614
CD36	IL4	0.888
CD36	IL6	0.73
CD36	IRF8	0.499
CD36	ITGA4	0.576
CD36	ITGAL	0.413
CD36	ITGAM	0.805
CD36	ITGAX	0.629
CD36	ITGB1	0.864
CD36	ITGB2	0.809
CD36	MMP9	0.578
CD36	MPO	0.502
CD36	MRC1	0.687
CD36	MS4A1	0.435
CD36	MTOR	0.416
CD36	MYD88	0.646
CD36	NCAM1	0.716
CD36	NFE2L2	0.453
CD36	NFKB1	0.693
CD36	NLRP3	0.544
CD36	PECAM1	0.851
CD36	PPARGC1A	0.843
CD36	PTGS2	0.484
CD36	PTPRC	0.77
CD36	PXDNL	0.534
CD36	SELE	0.724
CD36	SELL	0.401
CD36	SELP	0.861
CD36	SIRT1	0.678
CD36	SLC2A1	0.517
CD36	STAT1	0.441
CD36	STAT3	0.508
CD36	STAT6	0.442
CD36	TFAM	0.4
CD36	TGFB1	0.54
CD36	THY1	0.446
CD36	TLR2	0.998
CD36	TLR4	0.998
CD36	TLR7	0.472
CD36	TLR9	0.447
CD36	TNF	0.711
CD36	TREM2	0.521
CD36	TXN	0.872
CD36	TYROBP	0.454
CD36	VCAM1	0.771
CD36	VWF	0.803
CD38	CD3E	0.7
CD38	CD4	0.932
CD38	CD40	0.714
CD38	CD40LG	0.77
CD38	CD44	0.782
CD38	CD5	0.892
CD38	CD52	0.6
CD38	CD68	0.528
CD38	CD69	0.815
CD38	CD79A	0.825
CD38	CD79B	0.619
CD38	CD80	0.799
CD38	CD83	0.565
CD38	CD86	0.862
CD38	CD8A	0.884
CD38	CR2	0.794
CD38	CRP	0.507
CD38	CSF2	0.582
CD38	CSF3	0.792
CD38	CTLA4	0.785
CD38	CX3CR1	0.446
CD38	CXCL10	0.596
CD38	CXCL11	0.405
CD38	CXCL12	0.657
CD38	CXCL13	0.682
CD38	CXCL8	0.484
CD38	CXCL9	0.513
CD38	CXCR3	0.651
CD38	CXCR4	0.786
CD38	CXCR5	0.855
CD38	CXCR6	0.442
CD38	FAS	0.707
CD38	FASLG	0.494
CD38	FCGR1A	0.76
CD38	FCGR2A	0.527
CD38	FCGR2B	0.687
CD38	FCGR3A	0.861
CD38	FCGR3B	0.801
CD38	FOXP3	0.682
CD38	GZMA	0.503
CD38	GZMB	0.786
CD38	HAVCR2	0.664
CD38	ICAM1	0.541
CD38	ICOS	0.694
CD38	IDO1	0.576
CD38	IFNA1	0.545
CD38	IFNB1	0.406
CD38	IFNG	0.779
CD38	IGHV3-43D	0.9
CD38	IL10	0.692
CD38	IL13	0.446
CD38	IL15	0.573
CD38	IL17A	0.591
CD38	IL18	0.455
CD38	IL1A	0.416
CD38	IL1B	0.58
CD38	IL2	0.691
CD38	IL21	0.652
CD38	IL21R	0.683
CD38	IL2RA	0.511
CD38	IL2RB	0.486
CD38	IL2RG	0.524
CD38	IL3	0.602
CD38	IL3RA	0.792
CD38	IL4	0.627
CD38	IL5	0.441
CD38	IL6	0.788
CD38	IL6R	0.439
CD38	IL7	0.599
CD38	IL7R	0.718
CD38	IL9	0.557
CD38	IRF4	0.797
CD38	IRF8	0.444
CD38	ITGA4	0.802
CD38	ITGAE	0.583
CD38	ITGAL	0.714
CD38	ITGAM	0.808
CD38	ITGAX	0.686
CD38	ITGB1	0.475
CD38	ITGB2	0.455
CD38	KLRB1	0.616
CD38	KLRG1	0.477
CD38	KLRK1	0.555
CD38	LAG3	0.68
CD38	LCK	0.638
CD38	MPO	0.582
CD38	MRC1	0.428
CD38	MS4A1	0.642
CD38	MYD88	0.433
CD38	NCAM1	0.818
CD38	NFKB1	0.447
CD38	NOTCH1	0.481
CD38	PDCD1	0.751
CD38	PDCD1LG2	0.519
CD38	PECAM1	0.992
CD38	POU2AF1	0.545
CD38	PRDM1	0.624
CD38	PRF1	0.663
CD38	PTPRC	0.864
CD38	PXDNL	0.411
CD38	SCARB1	0.492
CD38	SDC1	0.882
CD38	SELE	0.636
CD38	SELL	0.7
CD38	SELP	0.651
CD38	SIRT1	0.943
CD38	SPN	0.816
CD38	STAT1	0.624
CD38	STAT3	0.484
CD38	TBX21	0.584
CD38	TGFB1	0.402
CD38	THY1	0.708
CD38	TLR4	0.432
CD38	TLR7	0.522
CD38	TLR9	0.484
CD38	TNF	0.681
CD38	TNFRSF13B	0.546
CD38	TNFRSF18	0.438
CD38	TNFRSF4	0.516
CD38	TNFRSF9	0.705
CD38	TNFSF13B	0.639
CD38	VCAM1	0.46
CD3E	CD4	0.991
CD3E	CD40	0.497
CD3E	CD40LG	0.734
CD3E	CD44	0.662
CD3E	CD5	0.899
CD3E	CD52	0.846
CD3E	CD68	0.721
CD3E	CD69	0.799
CD3E	CD79A	0.661
CD3E	CD79B	0.542
CD3E	CD80	0.574
CD3E	CD86	0.681
CD3E	CD8A	0.995
CD3E	CR2	0.491
CD3E	CSF1R	0.556
CD3E	CSF2	0.449
CD3E	CTLA4	0.673
CD3E	CX3CR1	0.439
CD3E	CXCL10	0.48
CD3E	CXCL13	0.451
CD3E	CXCL9	0.485
CD3E	CXCR3	0.639
CD3E	CXCR4	0.427
CD3E	CXCR5	0.517
CD3E	CXCR6	0.568
CD3E	FCGR1A	0.486
CD3E	FCGR2A	0.677
CD3E	FCGR2B	0.678
CD3E	FCGR3A	0.771
CD3E	FCGR3B	0.772
CD3E	FOXP3	0.716
CD3E	GZMA	0.702
CD3E	GZMB	0.672
CD3E	HAVCR2	0.708
CD3E	HLA-DRB1	0.774
CD3E	ICOS	0.715
CD3E	IDO1	0.402
CD3E	IFNG	0.742
CD3E	IL10	0.739
CD3E	IL10RA	0.415
CD3E	IL13	0.423
CD3E	IL17A	0.58
CD3E	IL1B	0.477
CD3E	IL2	0.586
CD3E	IL2RA	0.718
CD3E	IL2RB	0.638
CD3E	IL2RG	0.689
CD3E	IL4	0.546
CD3E	IL5	0.42
CD3E	IL6	0.654
CD3E	IL7	0.446
CD3E	IL7R	0.863
CD3E	IRF4	0.427
CD3E	IRF8	0.409
CD3E	ITGA4	0.434
CD3E	ITGAE	0.542
CD3E	ITGAL	0.59
CD3E	ITGAM	0.8
CD3E	ITGAX	0.742
CD3E	ITGB2	0.404
CD3E	KLRB1	0.576
CD3E	KLRG1	0.558
CD3E	KLRK1	0.51
CD3E	LAG3	0.584
CD3E	LCK	0.98
CD3E	MBP	0.405
CD3E	MRC1	0.456
CD3E	MS4A1	0.692
CD3E	NCAM1	0.428
CD3E	PDCD1	0.782
CD3E	PDCD1LG2	0.713
CD3E	PECAM1	0.518
CD3E	POU2AF1	0.47
CD3E	PRF1	0.697
CD3E	PTPRC	0.912
CD3E	SDC1	0.426
CD3E	SELL	0.698
CD3E	SPN	0.561
CD3E	STAT1	0.43
CD3E	STAT4	0.463
CD3E	TBX21	0.61
CD3E	TGFB1	0.411
CD3E	THY1	0.807
CD3E	TLR7	0.473
CD3E	TNF	0.575
CD3E	TNFRSF18	0.419
CD3E	TNFRSF9	0.414
CD3E	TYROBP	0.505
CD4	CD40	0.924
CD4	CD40LG	0.983
CD4	CD44	0.95
CD4	CD5	0.997
CD4	CD52	0.681
CD4	CD68	0.898
CD4	CD69	0.948
CD4	CD79A	0.753
CD4	CD79B	0.613
CD4	CD80	0.958
CD4	CD83	0.754
CD4	CD86	0.958
CD4	CD8A	0.999
CD4	CR2	0.798
CD4	CRP	0.79
CD4	CSF1	0.67
CD4	CSF1R	0.755
CD4	CSF2	0.88
CD4	CSF3	0.734
CD4	CTLA4	0.955
CD4	CX3CL1	0.609
CD4	CX3CR1	0.77
CD4	CXCL1	0.735
CD4	CXCL10	0.839
CD4	CXCL11	0.769
CD4	CXCL12	0.825
CD4	CXCL13	0.818
CD4	CXCL2	0.639
CD4	CXCL8	0.861
CD4	CXCL9	0.79
CD4	CXCR2	0.642
CD4	CXCR3	0.864
CD4	CXCR4	0.999
CD4	CXCR5	0.909
CD4	CXCR6	0.718
CD4	CYBB	0.555
CD4	FAS	0.84
CD4	FASLG	0.868
CD4	FCGR1A	0.902
CD4	FCGR2A	0.837
CD4	FCGR2B	0.842
CD4	FCGR3A	0.964
CD4	FCGR3B	0.959
CD4	FGF2	0.51
CD4	FOXP3	0.979
CD4	GFAP	0.517
CD4	GZMA	0.758
CD4	GZMB	0.936
CD4	HAVCR2	0.833
CD4	HIF1A	0.622
CD4	HLA-DRB1	0.994
CD4	HMOX1	0.519
CD4	ICAM1	0.969
CD4	ICOS	0.929
CD4	ID2	0.514
CD4	IDO1	0.875
CD4	IDO2	0.826
CD4	IFNA1	0.887
CD4	IFNA2	0.788
CD4	IFNB1	0.845
CD4	IFNG	0.991
CD4	IL10	0.976
CD4	IL10RA	0.708
CD4	IL12A	0.402
CD4	IL12RB1	0.765
CD4	IL12RB2	0.76
CD4	IL13	0.931
CD4	IL15	0.917
CD4	IL17A	0.972
CD4	IL17F	0.87
CD4	IL18	0.849
CD4	IL1A	0.876
CD4	IL1B	0.958
CD4	IL1R1	0.743
CD4	IL2	0.975
CD4	IL21	0.716
CD4	IL21R	0.781
CD4	IL22	0.913
CD4	IL23A	0.642
CD4	IL23R	0.804
CD4	IL2RA	0.936
CD4	IL2RB	0.875
CD4	IL2RG	0.884
CD4	IL3	0.709
CD4	IL33	0.729
CD4	IL3RA	0.887
CD4	IL4	0.97
CD4	IL4R	0.78
CD4	IL5	0.93
CD4	IL6	0.966
CD4	IL6R	0.67
CD4	IL7	0.909
CD4	IL7R	0.96
CD4	IL9	0.767
CD4	IRF4	0.745
CD4	IRF8	0.658
CD4	ITGA4	0.74
CD4	ITGAE	0.848
CD4	ITGAL	0.859
CD4	ITGAM	0.943
CD4	ITGAX	0.949
CD4	ITGB1	0.631
CD4	ITGB2	0.834
CD4	KLRB1	0.787
CD4	KLRG1	0.755
CD4	KLRK1	0.78
CD4	LAG3	0.914
CD4	LCK	0.999
CD4	LDLR	0.54
CD4	LOC102723996	0.717
CD4	LTA	0.777
CD4	MBP	0.773
CD4	MMP9	0.701
CD4	MOG	0.795
CD4	MPO	0.7
CD4	MRC1	0.757
CD4	MS4A1	0.565
CD4	MTOR	0.635
CD4	MYD88	0.85
CD4	NCAM1	0.883
CD4	NEFL	0.615
CD4	NFKB1	0.858
CD4	NLRP3	0.65
CD4	NOS2	0.585
CD4	NOTCH1	0.611
CD4	OCLN	0.494
CD4	PDCD1	0.96
CD4	PDCD1LG2	0.945
CD4	PDGFRA	0.433
CD4	PECAM1	0.746
CD4	PLP1	0.576
CD4	POU2AF1	0.409
CD4	PRDM1	0.676
CD4	PRF1	0.94
CD4	PTGS2	0.615
CD4	PTPRC	0.981
CD4	PXDNL	0.743
CD4	RORC	0.801
CD4	S1PR1	0.649
CD4	S1PR5	0.418
CD4	SCARB1	0.589
CD4	SDC1	0.727
CD4	SELE	0.756
CD4	SELL	0.931
CD4	SELP	0.782
CD4	SIRT1	0.448
CD4	SLC2A1	0.542
CD4	SPN	0.77
CD4	STAT1	0.891
CD4	STAT3	0.892
CD4	STAT4	0.832
CD4	STAT6	0.862
CD4	TBX21	0.947
CD4	TGFB1	0.87
CD4	THY1	0.753
CD4	TJP1	0.452
CD4	TLR2	0.814
CD4	TLR4	0.902
CD4	TLR7	0.834
CD4	TLR9	0.868
CD4	TNF	0.968
CD4	TNFRSF13B	0.513
CD4	TNFRSF18	0.871
CD4	TNFRSF1A	0.797
CD4	TNFRSF1B	0.614
CD4	TNFRSF4	0.872
CD4	TNFRSF9	0.851
CD4	TNFSF13B	0.714
CD4	TNFSF4	0.721
CD4	TREM2	0.414
CD4	TYROBP	0.634
CD4	VCAM1	0.724
CD4	VWF	0.537
CD40	CD40LG	0.999
CD40	CD44	0.791
CD40	CD5	0.659
CD40	CD52	0.442
CD40	CD68	0.643
CD40	CD69	0.732
CD40	CD79A	0.538
CD40	CD79B	0.538
CD40	CD80	0.999
CD40	CD83	0.951
CD40	CD86	0.988
CD40	CD8A	0.915
CD40	CR2	0.693
CD40	CRP	0.666
CD40	CSF1	0.598
CD40	CSF1R	0.623
CD40	CSF2	0.858
CD40	CSF3	0.525
CD40	CTLA4	0.973
CD40	CX3CL1	0.428
CD40	CX3CR1	0.512
CD40	CXCL1	0.546
CD40	CXCL10	0.7
CD40	CXCL11	0.535
CD40	CXCL12	0.578
CD40	CXCL13	0.589
CD40	CXCL2	0.439
CD40	CXCL8	0.682
CD40	CXCL9	0.641
CD40	CXCR2	0.441
CD40	CXCR3	0.594
CD40	CXCR4	0.75
CD40	CXCR5	0.786
CD40	CYBB	0.407
CD40	FAS	0.865
CD40	FASLG	0.95
CD40	FCGR1A	0.59
CD40	FCGR2A	0.686
CD40	FCGR2B	0.707
CD40	FCGR3A	0.733
CD40	FCGR3B	0.728
CD40	FOXP3	0.777
CD40	GZMB	0.722
CD40	HAVCR2	0.614
CD40	HIF1A	0.4
CD40	HLA-DRB1	0.493
CD40	ICAM1	0.972
CD40	ICOS	0.987
CD40	IDO1	0.731
CD40	IDO2	0.61
CD40	IFNA1	0.808
CD40	IFNA2	0.405
CD40	IFNB1	0.615
CD40	IFNG	0.927
CD40	IGHV3-43D	0.902
CD40	IL10	0.901
CD40	IL10RA	0.509
CD40	IL12RB1	0.447
CD40	IL12RB2	0.403
CD40	IL13	0.674
CD40	IL15	0.769
CD40	IL17A	0.856
CD40	IL17F	0.414
CD40	IL18	0.638
CD40	IL1A	0.803
CD40	IL1B	0.949
CD40	IL1R1	0.667
CD40	IL2	0.847
CD40	IL21	0.499
CD40	IL21R	0.661
CD40	IL22	0.523
CD40	IL23A	0.445
CD40	IL23R	0.4
CD40	IL2RA	0.55
CD40	IL2RB	0.451
CD40	IL2RG	0.608
CD40	IL3	0.515
CD40	IL33	0.478
CD40	IL3RA	0.591
CD40	IL4	0.929
CD40	IL4R	0.79
CD40	IL5	0.789
CD40	IL6	0.891
CD40	IL6R	0.445
CD40	IL7	0.618
CD40	IL7R	0.595
CD40	IL9	0.46
CD40	IRF4	0.634
CD40	IRF8	0.595
CD40	ITGA4	0.448
CD40	ITGAE	0.66
CD40	ITGAL	0.721
CD40	ITGAM	0.784
CD40	ITGAX	0.877
CD40	ITGB1	0.455
CD40	ITGB2	0.566
CD40	KLRK1	0.508
CD40	LAG3	0.632
CD40	LCK	0.472
CD40	LOC102723996	0.976
CD40	LTA	0.873
CD40	MMP9	0.626
CD40	MOG	0.506
CD40	MRC1	0.629
CD40	MS4A1	0.602
CD40	MTOR	0.435
CD40	MYD88	0.922
CD40	NCAM1	0.581
CD40	NFKB1	0.898
CD40	NLRP3	0.404
CD40	NOS2	0.454
CD40	NOTCH1	0.801
CD40	PDCD1	0.639
CD40	PDCD1LG2	0.683
CD40	PECAM1	0.666
CD40	PRDM1	0.773
CD40	PRF1	0.609
CD40	PTGS2	0.447
CD40	PTPRC	0.798
CD40	PXDNL	0.451
CD40	SCARB1	0.707
CD40	SDC1	0.603
CD40	SELE	0.482
CD40	SELL	0.671
CD40	SELP	0.985
CD40	SPN	0.606
CD40	STAT1	0.758
CD40	STAT3	0.634
CD40	STAT4	0.51
CD40	STAT6	0.552
CD40	TBX21	0.62
CD40	TGFB1	0.634
CD40	THY1	0.535
CD40	TLR2	0.911
CD40	TLR4	0.918
CD40	TLR7	0.74
CD40	TLR9	0.845
CD40	TNF	0.992
CD40	TNFRSF13B	0.845
CD40	TNFRSF18	0.813
CD40	TNFRSF1A	0.919
CD40	TNFRSF1B	0.777
CD40	TNFRSF4	0.942
CD40	TNFRSF9	0.913
CD40	TNFSF13B	0.959
CD40	TNFSF4	0.873
CD40	VCAM1	0.857
CD40	VWF	0.597
CD40LG	CD44	0.762
CD40LG	CD5	0.823
CD40LG	CD52	0.456
CD40LG	CD68	0.449
CD40LG	CD69	0.849
CD40LG	CD79A	0.644
CD40LG	CD79B	0.496
CD40LG	CD80	0.998
CD40LG	CD83	0.715
CD40LG	CD86	0.998
CD40LG	CD8A	0.907
CD40LG	CR2	0.655
CD40LG	CRP	0.633
CD40LG	CSF1	0.447
CD40LG	CSF1R	0.422
CD40LG	CSF2	0.787
CD40LG	CSF3	0.605
CD40LG	CTLA4	0.856
CD40LG	CX3CL1	0.718
CD40LG	CX3CR1	0.448
CD40LG	CXCL1	0.718
CD40LG	CXCL10	0.68
CD40LG	CXCL11	0.449
CD40LG	CXCL12	0.697
CD40LG	CXCL13	0.62
CD40LG	CXCL8	0.67
CD40LG	CXCL9	0.559
CD40LG	CXCR2	0.423
CD40LG	CXCR3	0.73
CD40LG	CXCR4	0.755
CD40LG	CXCR5	0.869
CD40LG	CXCR6	0.506
CD40LG	CYBB	0.455
CD40LG	FAS	0.755
CD40LG	FASLG	0.85
CD40LG	FCGR1A	0.402
CD40LG	FCGR2A	0.574
CD40LG	FCGR2B	0.557
CD40LG	FCGR3A	0.634
CD40LG	FCGR3B	0.634
CD40LG	FGF2	0.659
CD40LG	FOXP3	0.772
CD40LG	GFAP	0.438
CD40LG	GZMA	0.496
CD40LG	GZMB	0.682
CD40LG	HAVCR2	0.734
CD40LG	HLA-DRB1	0.431
CD40LG	ICAM1	0.891
CD40LG	ICOS	0.999
CD40LG	IDO1	0.6
CD40LG	IDO2	0.523
CD40LG	IFNA1	0.646
CD40LG	IFNA2	0.718
CD40LG	IFNB1	0.684
CD40LG	IFNG	0.919
CD40LG	IL10	0.876
CD40LG	IL10RA	0.451
CD40LG	IL12RB1	0.541
CD40LG	IL12RB2	0.41
CD40LG	IL13	0.719
CD40LG	IL15	0.745
CD40LG	IL17A	0.732
CD40LG	IL17F	0.517
CD40LG	IL18	0.765
CD40LG	IL1A	0.8
CD40LG	IL1B	0.89
CD40LG	IL1R1	0.447
CD40LG	IL2	0.924
CD40LG	IL21	0.771
CD40LG	IL21R	0.725
CD40LG	IL22	0.729
CD40LG	IL2RA	0.868
CD40LG	IL2RB	0.564
CD40LG	IL2RG	0.54
CD40LG	IL3	0.602
CD40LG	IL33	0.48
CD40LG	IL3RA	0.482
CD40LG	IL4	0.914
CD40LG	IL4R	0.708
CD40LG	IL5	0.721
CD40LG	IL6	0.795
CD40LG	IL6R	0.457
CD40LG	IL7	0.68
CD40LG	IL7R	0.679
CD40LG	IL9	0.612
CD40LG	IRF4	0.594
CD40LG	IRF8	0.469
CD40LG	ITGA4	0.687
CD40LG	ITGAE	0.486
CD40LG	ITGAL	0.737
CD40LG	ITGAM	0.894
CD40LG	ITGAX	0.693
CD40LG	ITGB1	0.566
CD40LG	ITGB2	0.925
CD40LG	KLRB1	0.529
CD40LG	KLRG1	0.433
CD40LG	KLRK1	0.521
CD40LG	LAG3	0.615
CD40LG	LCK	0.676
CD40LG	LOC102723996	0.989
CD40LG	LTA	0.858
CD40LG	MMP9	0.534
CD40LG	MOG	0.406
CD40LG	MPO	0.481
CD40LG	MS4A1	0.41
CD40LG	MYD88	0.56
CD40LG	NCAM1	0.643
CD40LG	NFKB1	0.728
CD40LG	PDCD1	0.775
CD40LG	PDCD1LG2	0.595
CD40LG	PECAM1	0.474
CD40LG	PRDM1	0.622
CD40LG	PRF1	0.678
CD40LG	PTPRC	0.719
CD40LG	PXDNL	0.421
CD40LG	SCARB1	0.616
CD40LG	SDC1	0.585
CD40LG	SELE	0.604
CD40LG	SELL	0.677
CD40LG	SELP	0.951
CD40LG	SPN	0.487
CD40LG	STAT1	0.553
CD40LG	STAT3	0.567
CD40LG	STAT4	0.536
CD40LG	STAT6	0.514
CD40LG	TBX21	0.654
CD40LG	TGFB1	0.551
CD40LG	TLR2	0.753
CD40LG	TLR4	0.889
CD40LG	TLR7	0.692
CD40LG	TLR9	0.847
CD40LG	TNF	0.942
CD40LG	TNFRSF13B	0.938
CD40LG	TNFRSF18	0.606
CD40LG	TNFRSF1A	0.824
CD40LG	TNFRSF1B	0.827
CD40LG	TNFRSF4	0.938
CD40LG	TNFRSF9	0.909
CD40LG	TNFSF13B	0.961
CD40LG	TNFSF4	0.958
CD40LG	VCAM1	0.637
CD40LG	VWF	0.573
CD44	CD5	0.687
CD44	CD68	0.708
CD44	CD69	0.893
CD44	CD79A	0.471
CD44	CD80	0.825
CD44	CD83	0.6
CD44	CD86	0.809
CD44	CD8A	0.938
CD44	CFH	0.687
CD44	CR2	0.569
CD44	CSF1	0.547
CD44	CSF1R	0.519
CD44	CSF2	0.745
CD44	CSF3	0.485
CD44	CSPG4	0.425
CD44	CTLA4	0.687
CD44	CX3CR1	0.48
CD44	CXCL1	0.672
CD44	CXCL10	0.578
CD44	CXCL11	0.574
CD44	CXCL12	0.961
CD44	CXCL8	0.751
CD44	CXCL9	0.446
CD44	CXCR2	0.983
CD44	CXCR3	0.751
CD44	CXCR4	0.994
CD44	CXCR5	0.745
CD44	CXCR6	0.439
CD44	FAS	0.721
CD44	FASLG	0.602
CD44	FCGR1A	0.482
CD44	FCGR2A	0.686
CD44	FCGR2B	0.675
CD44	FCGR3A	0.746
CD44	FCGR3B	0.748
CD44	FGF2	0.993
CD44	FOXP3	0.855
CD44	GFAP	0.577
CD44	GPR17	0.418
CD44	GZMA	0.401
CD44	GZMB	0.672
CD44	HAVCR2	0.661
CD44	HIF1A	0.648
CD44	ICAM1	0.995
CD44	ICOS	0.769
CD44	ID2	0.481
CD44	IDO1	0.533
CD44	IDO2	0.445
CD44	IFNA1	0.66
CD44	IFNA2	0.555
CD44	IFNG	0.883
CD44	IL10	0.795
CD44	IL12RB1	0.485
CD44	IL13	0.572
CD44	IL15	0.77
CD44	IL17A	0.72
CD44	IL18	0.46
CD44	IL1A	0.716
CD44	IL1B	0.707
CD44	IL1R1	0.428
CD44	IL2	0.806
CD44	IL21	0.449
CD44	IL21R	0.561
CD44	IL22	0.431
CD44	IL2RA	0.756
CD44	IL2RB	0.827
CD44	IL2RG	0.616
CD44	IL3	0.588
CD44	IL33	0.436
CD44	IL3RA	0.447
CD44	IL4	0.807
CD44	IL4R	0.436
CD44	IL5	0.515
CD44	IL6	0.821
CD44	IL6R	0.443
CD44	IL7	0.662
CD44	IL7R	0.755
CD44	IRF4	0.513
CD44	ITGA4	0.933
CD44	ITGAE	0.71
CD44	ITGAL	0.815
CD44	ITGAM	0.86
CD44	ITGAX	0.833
CD44	ITGB1	0.957
CD44	ITGB2	0.879
CD44	KLRG1	0.732
CD44	KLRK1	0.523
CD44	LAG3	0.589
CD44	LCK	0.916
CD44	LOC102723996	0.41
CD44	MMP9	0.998
CD44	MOG	0.486
CD44	MRC1	0.828
CD44	MTOR	0.505
CD44	MYD88	0.652
CD44	NCAM1	0.712
CD44	NFE2L2	0.413
CD44	NFKB1	0.642
CD44	NOTCH1	0.76
CD44	OLIG2	0.512
CD44	PDCD1	0.597
CD44	PDCD1LG2	0.566
CD44	PDGFRA	0.662
CD44	PECAM1	0.949
CD44	PRDM1	0.52
CD44	PRF1	0.57
CD44	PTGS2	0.582
CD44	PTPRC	0.931
CD44	PXDNL	0.69
CD44	RORC	0.444
CD44	S1PR1	0.466
CD44	SCARB1	0.678
CD44	SDC1	0.927
CD44	SELE	0.997
CD44	SELL	0.998
CD44	SELP	0.993
CD44	SLC2A1	0.434
CD44	SPN	0.927
CD44	STAT1	0.842
CD44	STAT3	0.802
CD44	STAT6	0.409
CD44	TBX21	0.689
CD44	TGFB1	0.747
CD44	THY1	0.895
CD44	TJP1	0.448
CD44	TLR2	0.874
CD44	TLR4	0.983
CD44	TLR7	0.419
CD44	TLR9	0.427
CD44	TNF	0.822
CD44	TNFRSF18	0.592
CD44	TNFRSF1A	0.443
CD44	TNFRSF4	0.512
CD44	TNFRSF9	0.682
CD44	TYROBP	0.521
CD44	VCAM1	0.994
CD44	VWF	0.657
CD5	CD52	0.678
CD5	CD68	0.589
CD5	CD69	0.841
CD5	CD79A	0.866
CD5	CD79B	0.828
CD5	CD80	0.759
CD5	CD83	0.425
CD5	CD86	0.748
CD5	CD8A	0.963
CD5	CR2	0.917
CD5	CRP	0.632
CD5	CSF2	0.519
CD5	CSF3	0.514
CD5	CTLA4	0.656
CD5	CXCL11	0.541
CD5	CXCL13	0.521
CD5	CXCR3	0.597
CD5	CXCR4	0.53
CD5	CXCR5	0.653
CD5	CXCR6	0.495
CD5	FAS	0.529
CD5	FASLG	0.517
CD5	FCGR1A	0.618
CD5	FCGR2A	0.567
CD5	FCGR2B	0.618
CD5	FCGR3A	0.832
CD5	FCGR3B	0.828
CD5	FOXP3	0.7
CD5	GZMB	0.671
CD5	HAVCR2	0.534
CD5	ICAM1	0.434
CD5	ICOS	0.711
CD5	IFNG	0.684
CD5	IGHV3-43D	0.908
CD5	IL10	0.687
CD5	IL10RA	0.402
CD5	IL12RB1	0.48
CD5	IL13	0.444
CD5	IL15	0.461
CD5	IL17A	0.534
CD5	IL18	0.583
CD5	IL1B	0.43
CD5	IL2	0.738
CD5	IL21R	0.469
CD5	IL2RA	0.771
CD5	IL2RB	0.623
CD5	IL2RG	0.548
CD5	IL3	0.419
CD5	IL3RA	0.651
CD5	IL4	0.618
CD5	IL5	0.487
CD5	IL6	0.83
CD5	IL7	0.598
CD5	IL7R	0.725
CD5	IRF4	0.65
CD5	IRF8	0.408
CD5	ITGA4	0.704
CD5	ITGAE	0.656
CD5	ITGAL	0.768
CD5	ITGAM	0.812
CD5	ITGAX	0.769
CD5	ITGB1	0.563
CD5	ITGB2	0.505
CD5	KLRB1	0.56
CD5	KLRG1	0.609
CD5	KLRK1	0.488
CD5	LAG3	0.602
CD5	LCK	0.957
CD5	LTA	0.412
CD5	MPO	0.61
CD5	MS4A1	0.655
CD5	MYD88	0.446
CD5	NCAM1	0.848
CD5	NOTCH1	0.432
CD5	PDCD1	0.706
CD5	PECAM1	0.591
CD5	POU2AF1	0.424
CD5	PRDM1	0.463
CD5	PRF1	0.659
CD5	PTPRC	0.898
CD5	PXDNL	0.419
CD5	SDC1	0.765
CD5	SELL	0.705
CD5	SPN	0.94
CD5	STAT3	0.411
CD5	TBX21	0.586
CD5	THY1	0.603
CD5	TLR4	0.4
CD5	TLR9	0.468
CD5	TNF	0.728
CD5	TNFRSF13B	0.441
CD5	TNFRSF18	0.421
CD5	TNFRSF4	0.401
CD5	TNFRSF9	0.444
CD5	TNFSF13B	0.704
CD5	VCAM1	0.491
CD52	CD68	0.432
CD52	CD69	0.579
CD52	CD79A	0.594
CD52	CD79B	0.603
CD52	CD80	0.472
CD52	CD86	0.57
CD52	CD8A	0.688
CD52	CSF1R	0.534
CD52	CTLA4	0.571
CD52	CXCL9	0.465
CD52	CXCR4	0.437
CD52	DHODH	0.425
CD52	FCGR2B	0.608
CD52	FCGR3A	0.576
CD52	FCGR3B	0.516
CD52	FOXP3	0.424
CD52	GZMA	0.596
CD52	GZMB	0.484
CD52	HAVCR2	0.609
CD52	HLA-DRB1	0.421
CD52	ICOS	0.475
CD52	IFNB1	0.475
CD52	IFNG	0.472
CD52	IL10	0.628
CD52	IL10RA	0.517
CD52	IL15	0.415
CD52	IL1B	0.407
CD52	IL2	0.503
CD52	IL2RA	0.641
CD52	IL2RB	0.4
CD52	IL2RG	0.527
CD52	IL3RA	0.445
CD52	IL7R	0.661
CD52	IRF8	0.449
CD52	ITGAL	0.523
CD52	ITGAM	0.447
CD52	ITGAX	0.433
CD52	ITGB2	0.588
CD52	KLRB1	0.531
CD52	LCK	0.69
CD52	MS4A1	0.579
CD52	NCAM1	0.446
CD52	PDCD1	0.444
CD52	PRF1	0.497
CD52	PTPRC	0.72
CD52	SELL	0.542
CD52	SPN	0.433
CD52	TLR7	0.5
CD52	TNF	0.49
CD52	TNFRSF9	0.422
CD52	TNFSF13B	0.502
CD52	TYROBP	0.626
CD68	CD69	0.452
CD68	CD79A	0.655
CD68	CD80	0.684
CD68	CD83	0.793
CD68	CD86	0.79
CD68	CD8A	0.893
CD68	CLDN5	0.573
CD68	CNP	0.45
CD68	CR2	0.625
CD68	CRP	0.59
CD68	CSF1	0.723
CD68	CSF1R	0.792
CD68	CSF2	0.633
CD68	CSF3	0.447
CD68	CTLA4	0.73
CD68	CX3CL1	0.552
CD68	CX3CR1	0.75
CD68	CXCL1	0.581
CD68	CXCL10	0.732
CD68	CXCL11	0.455
CD68	CXCL12	0.57
CD68	CXCL13	0.474
CD68	CXCL2	0.461
CD68	CXCL8	0.625
CD68	CXCL9	0.554
CD68	CXCR2	0.439
CD68	CXCR3	0.461
CD68	CXCR4	0.563
CD68	CYBB	0.624
CD68	FASLG	0.411
CD68	FCGR1A	0.665
CD68	FCGR2A	0.625
CD68	FCGR2B	0.722
CD68	FCGR3A	0.774
CD68	FCGR3B	0.766
CD68	FGF2	0.503
CD68	FOXP3	0.85
CD68	GFAP	0.846
CD68	GZMB	0.75
CD68	HAVCR2	0.597
CD68	HIF1A	0.513
CD68	HMOX1	0.583
CD68	ICAM1	0.693
CD68	IDO1	0.557
CD68	IDO2	0.404
CD68	IFNA1	0.478
CD68	IFNB1	0.445
CD68	IFNG	0.811
CD68	IL10	0.794
CD68	IL10RA	0.414
CD68	IL13	0.645
CD68	IL15	0.462
CD68	IL17A	0.604
CD68	IL18	0.595
CD68	IL1A	0.639
CD68	IL1B	0.84
CD68	IL1R1	0.419
CD68	IL2	0.542
CD68	IL33	0.445
CD68	IL3RA	0.594
CD68	IL4	0.724
CD68	IL4R	0.439
CD68	IL5	0.437
CD68	IL6	0.839
CD68	IL7R	0.448
CD68	IRF4	0.442
CD68	IRF8	0.465
CD68	ITGAE	0.47
CD68	ITGAL	0.465
CD68	ITGAM	0.896
CD68	ITGAX	0.826
CD68	ITGB1	0.575
CD68	ITGB2	0.671
CD68	LAG3	0.503
CD68	MBP	0.617
CD68	MMP9	0.766
CD68	MOG	0.437
CD68	MPO	0.74
CD68	MRC1	0.877
CD68	MS4A1	0.489
CD68	MYD88	0.516
CD68	NCAM1	0.721
CD68	NFE2L2	0.534
CD68	NFKB1	0.541
CD68	NLRP3	0.494
CD68	NOS2	0.568
CD68	OCLN	0.437
CD68	OLIG2	0.536
CD68	PDCD1	0.73
CD68	PDCD1LG2	0.572
CD68	PDGFRA	0.495
CD68	PECAM1	0.823
CD68	PRF1	0.48
CD68	PTGS2	0.582
CD68	PTPRC	0.888
CD68	PXDNL	0.793
CD68	SCARB1	0.79
CD68	SDC1	0.716
CD68	SELE	0.478
CD68	SELL	0.428
CD68	SELP	0.431
CD68	SOD1	0.401
CD68	SOX10	0.435
CD68	SPN	0.764
CD68	STAT1	0.533
CD68	STAT3	0.617
CD68	STAT6	0.545
CD68	TBX21	0.433
CD68	TGFB1	0.787
CD68	THY1	0.704
CD68	TLR2	0.647
CD68	TLR4	0.726
CD68	TLR7	0.492
CD68	TLR9	0.44
CD68	TNF	0.86
CD68	TNFRSF13B	0.51
CD68	TNFRSF1A	0.439
CD68	TNFSF13B	0.706
CD68	TREM2	0.805
CD68	TYROBP	0.796
CD68	VCAM1	0.631
CD68	VWF	0.708
CD69	CD79A	0.402
CD69	CD79B	0.439
CD69	CD80	0.906
CD69	CD83	0.678
CD69	CD86	0.839
CD69	CD8A	0.938
CD69	CR2	0.761
CD69	CSF1R	0.469
CD69	CSF2	0.683
CD69	CSF3	0.412
CD69	CTLA4	0.794
CD69	CX3CR1	0.569
CD69	CXCL1	0.422
CD69	CXCL10	0.654
CD69	CXCL11	0.433
CD69	CXCL12	0.439
CD69	CXCL13	0.487
CD69	CXCL2	0.432
CD69	CXCL8	0.756
CD69	CXCL9	0.757
CD69	CXCR3	0.741
CD69	CXCR4	0.701
CD69	CXCR5	0.708
CD69	CXCR6	0.784
CD69	FAS	0.769
CD69	FASLG	0.643
CD69	FCGR1A	0.519
CD69	FCGR2A	0.657
CD69	FCGR2B	0.669
CD69	FCGR3A	0.826
CD69	FCGR3B	0.823
CD69	FGF2	0.521
CD69	FOXP3	0.823
CD69	GZMA	0.688
CD69	GZMB	0.838
CD69	HAVCR2	0.726
CD69	HLA-DRB1	0.451
CD69	ICAM1	0.638
CD69	ICOS	0.828
CD69	IDO1	0.492
CD69	IFNA1	0.601
CD69	IFNB1	0.487
CD69	IFNG	0.912
CD69	IL10	0.766
CD69	IL10RA	0.484
CD69	IL12RB1	0.44
CD69	IL13	0.623
CD69	IL15	0.758
CD69	IL17A	0.738
CD69	IL17F	0.421
CD69	IL18	0.607
CD69	IL1A	0.52
CD69	IL1B	0.678
CD69	IL2	0.906
CD69	IL21	0.514
CD69	IL21R	0.478
CD69	IL22	0.582
CD69	IL23R	0.402
CD69	IL2RA	0.794
CD69	IL2RB	0.732
CD69	IL2RG	0.636
CD69	IL3	0.437
CD69	IL33	0.474
CD69	IL3RA	0.527
CD69	IL4	0.757
CD69	IL5	0.635
CD69	IL6	0.72
CD69	IL7	0.671
CD69	IL7R	0.9
CD69	IL9	0.433
CD69	IRF4	0.586
CD69	IRF8	0.463
CD69	ITGA4	0.784
CD69	ITGAE	0.818
CD69	ITGAL	0.707
CD69	ITGAM	0.805
CD69	ITGAX	0.805
CD69	ITGB2	0.559
CD69	KLRB1	0.938
CD69	KLRK1	0.424
CD69	LAG3	0.713
CD69	LCK	0.795
CD69	LOC102723996	0.435
CD69	LTA	0.437
CD69	MOG	0.449
CD69	MRC1	0.552
CD69	MS4A1	0.748
CD69	MYD88	0.485
CD69	NCAM1	0.781
CD69	NFKB1	0.435
CD69	PDCD1	0.684
CD69	PDCD1LG2	0.547
CD69	PECAM1	0.518
CD69	POU2AF1	0.519
CD69	PRDM1	0.617
CD69	PRF1	0.799
CD69	PTGS2	0.642
CD69	PTPRC	0.882
CD69	PXDNL	0.42
CD69	RORC	0.471
CD69	S1PR1	0.995
CD69	S1PR5	0.4
CD69	SDC1	0.575
CD69	SELE	0.408
CD69	SELL	0.905
CD69	SELP	0.466
CD69	SPN	0.667
CD69	STAT1	0.508
CD69	STAT3	0.498
CD69	STAT4	0.452
CD69	TBX21	0.757
CD69	TGFB1	0.519
CD69	THY1	0.581
CD69	TLR2	0.511
CD69	TLR4	0.557
CD69	TLR7	0.542
CD69	TLR9	0.585
CD69	TNF	0.829
CD69	TNFRSF18	0.617
CD69	TNFRSF4	0.678
CD69	TNFRSF9	0.7
CD69	TNFSF13B	0.505
CD69	TNFSF4	0.442
CD69	TYROBP	0.419
CD69	VCAM1	0.48
CD79A	CD79B	0.999
CD79A	CD80	0.409
CD79A	CD83	0.471
CD79A	CD86	0.466
CD79A	CD8A	0.686
CD79A	CR2	0.886
CD79A	CSF1R	0.406
CD79A	CTLA4	0.474
CD79A	CXCL10	0.535
CD79A	CXCL13	0.646
CD79A	CXCL9	0.988
CD79A	CXCR4	0.484
CD79A	CXCR5	0.657
CD79A	FCGR1A	0.435
CD79A	FCGR2B	0.463
CD79A	FCGR3A	0.478
CD79A	FCGR3B	0.486
CD79A	FOXP3	0.427
CD79A	GZMA	0.431
CD79A	GZMB	0.562
CD79A	IGHV3-43D	0.557
CD79A	IL21R	0.503
CD79A	IL2RG	0.4
CD79A	IL3RA	0.468
CD79A	IL7	0.417
CD79A	IL7R	0.505
CD79A	IRF4	0.684
CD79A	IRF8	0.482
CD79A	ITGAM	0.701
CD79A	ITGAX	0.535
CD79A	ITGB1	0.425
CD79A	ITGB2	0.421
CD79A	LAG3	0.445
CD79A	LCK	0.655
CD79A	MPO	0.65
CD79A	MS4A1	0.935
CD79A	MYD88	0.506
CD79A	NCAM1	0.722
CD79A	NFKB1	0.418
CD79A	PDCD1	0.406
CD79A	PECAM1	0.546
CD79A	POU2AF1	0.913
CD79A	PRDM1	0.629
CD79A	PTPRC	0.859
CD79A	SDC1	0.846
CD79A	SPN	0.843
CD79A	TGFB1	0.532
CD79A	THY1	0.741
CD79A	TLR9	0.63
CD79A	TNF	0.413
CD79A	TNFRSF13B	0.537
CD79A	TNFSF13B	0.674
CD79B	CD80	0.412
CD79B	CD83	0.495
CD79B	CD86	0.437
CD79B	CD8A	0.498
CD79B	CR2	0.822
CD79B	CXCL9	0.989
CD79B	CXCR4	0.528
CD79B	CXCR5	0.697
CD79B	FCGR2B	0.654
CD79B	FCGR3A	0.401
CD79B	FCGR3B	0.4
CD79B	ICOS	0.41
CD79B	IGHV3-43D	0.565
CD79B	IL21R	0.406
CD79B	IL2RB	0.443
CD79B	IL3RA	0.419
CD79B	IL7R	0.473
CD79B	IRF4	0.613
CD79B	IRF8	0.527
CD79B	ITGAL	0.506
CD79B	ITGAX	0.476
CD79B	ITGB2	0.419
CD79B	LCK	0.628
CD79B	MS4A1	0.879
CD79B	MYD88	0.671
CD79B	NCAM1	0.416
CD79B	NFKB1	0.427
CD79B	NOTCH1	0.427
CD79B	POU2AF1	0.812
CD79B	PRDM1	0.521
CD79B	PTPRC	0.729
CD79B	SDC1	0.475
CD79B	SPN	0.777
CD79B	TNFRSF13B	0.604
CD79B	TNFSF13B	0.492
CD80	CD83	0.914
CD80	CD86	0.999
CD80	CD8A	0.959
CD80	CR2	0.635
CD80	CSF1	0.853
CD80	CSF1R	0.658
CD80	CSF2	0.88
CD80	CSF3	0.522
CD80	CTLA4	0.999
CD80	CX3CR1	0.596
CD80	CXCL1	0.534
CD80	CXCL10	0.724
CD80	CXCL11	0.564
CD80	CXCL12	0.542
CD80	CXCL13	0.521
CD80	CXCL2	0.441
CD80	CXCL8	0.638
CD80	CXCL9	0.789
CD80	CXCR2	0.472
CD80	CXCR3	0.644
CD80	CXCR4	0.716
CD80	CXCR5	0.662
CD80	CXCR6	0.453
CD80	FAS	0.631
CD80	FASLG	0.898
CD80	FCGR1A	0.61
CD80	FCGR2A	0.711
CD80	FCGR2B	0.734
CD80	FCGR3A	0.809
CD80	FCGR3B	0.805
CD80	FOXP3	0.909
CD80	GZMA	0.506
CD80	GZMB	0.817
CD80	HAVCR2	0.972
CD80	HIF1A	0.451
CD80	HLA-DRB1	0.558
CD80	HMOX1	0.581
CD80	ICAM1	0.998
CD80	ICOS	0.997
CD80	IDO1	0.857
CD80	IDO2	0.807
CD80	IFNA1	0.722
CD80	IFNA2	0.441
CD80	IFNB1	0.645
CD80	IFNG	0.943
CD80	IL10	0.962
CD80	IL10RA	0.538
CD80	IL12B	0.411
CD80	IL12RB1	0.481
CD80	IL12RB2	0.489
CD80	IL13	0.707
CD80	IL15	0.706
CD80	IL17A	0.809
CD80	IL17F	0.405
CD80	IL18	0.606
CD80	IL1A	0.778
CD80	IL1B	0.855
CD80	IL1R1	0.654
CD80	IL2	0.903
CD80	IL21R	0.495
CD80	IL22	0.531
CD80	IL23A	0.431
CD80	IL23R	0.517
CD80	IL2RA	0.646
CD80	IL2RB	0.525
CD80	IL2RG	0.524
CD80	IL3	0.482
CD80	IL33	0.483
CD80	IL3RA	0.747
CD80	IL4	0.894
CD80	IL4R	0.551
CD80	IL5	0.77
CD80	IL6	0.847
CD80	IL6R	0.438
CD80	IL7	0.638
CD80	IL7R	0.647
CD80	IL9	0.458
CD80	IRF4	0.591
CD80	IRF8	0.54
CD80	ITGA4	0.681
CD80	ITGAE	0.71
CD80	ITGAL	0.769
CD80	ITGAM	0.843
CD80	ITGAX	0.897
CD80	ITGB1	0.532
CD80	ITGB2	0.735
CD80	KLRB1	0.423
CD80	KLRG1	0.627
CD80	KLRK1	0.731
CD80	LAG3	0.99
CD80	LCK	0.797
CD80	LOC102723996	0.762
CD80	LTA	0.508
CD80	MBP	0.411
CD80	MMP9	0.497
CD80	MOG	0.519
CD80	MRC1	0.785
CD80	MTOR	0.428
CD80	MYD88	0.674
CD80	NCAM1	0.643
CD80	NFKB1	0.705
CD80	NLRP3	0.429
CD80	NOS2	0.457
CD80	PDCD1	0.998
CD80	PDCD1LG2	0.993
CD80	PECAM1	0.576
CD80	PRDM1	0.451
CD80	PRF1	0.699
CD80	PTGS2	0.432
CD80	PTPRC	0.844
CD80	PXDNL	0.49
CD80	SCARB1	0.496
CD80	SDC1	0.554
CD80	SELE	0.423
CD80	SELL	0.749
CD80	SELP	0.436
CD80	SPN	0.571
CD80	STAT1	0.637
CD80	STAT3	0.809
CD80	STAT4	0.495
CD80	STAT6	0.542
CD80	TBX21	0.835
CD80	TGFB1	0.611
CD80	THY1	0.583
CD80	TLR2	0.749
CD80	TLR4	0.801
CD80	TLR7	0.769
CD80	TLR9	0.74
CD80	TNF	0.908
CD80	TNFRSF13B	0.465
CD80	TNFRSF18	0.876
CD80	TNFRSF1A	0.678
CD80	TNFRSF1B	0.411
CD80	TNFRSF4	0.994
CD80	TNFRSF9	0.963
CD80	TNFSF13B	0.625
CD80	TNFSF4	0.73
CD80	VCAM1	0.562
CD83	CD86	0.926
CD83	CD8A	0.726
CD83	CSF1	0.422
CD83	CSF1R	0.442
CD83	CSF2	0.8
CD83	CTLA4	0.552
CD83	CXCL10	0.536
CD83	CXCL2	0.425
CD83	CXCL8	0.666
CD83	CXCL9	0.48
CD83	CXCR4	0.617
CD83	CXCR5	0.449
CD83	FCGR1A	0.675
CD83	FCGR2A	0.49
CD83	FCGR2B	0.512
CD83	FCGR3A	0.656
CD83	FCGR3B	0.644
CD83	FOXP3	0.607
CD83	GZMB	0.461
CD83	ICAM1	0.696
CD83	IDO1	0.537
CD83	IDO2	0.434
CD83	IFNA1	0.604
CD83	IFNB1	0.457
CD83	IFNG	0.74
CD83	IL10	0.823
CD83	IL10RA	0.433
CD83	IL13	0.451
CD83	IL15	0.543
CD83	IL17A	0.529
CD83	IL18	0.433
CD83	IL1A	0.516
CD83	IL1B	0.727
CD83	IL2	0.615
CD83	IL3RA	0.669
CD83	IL4	0.792
CD83	IL5	0.435
CD83	IL6	0.742
CD83	IL7	0.46
CD83	IL7R	0.434
CD83	IRF4	0.442
CD83	IRF8	0.575
CD83	ITGAE	0.481
CD83	ITGAL	0.404
CD83	ITGAM	0.619
CD83	ITGAX	0.8
CD83	ITGB2	0.425
CD83	LOC102723996	0.445
CD83	MRC1	0.553
CD83	MYD88	0.451
CD83	NCAM1	0.583
CD83	NFKB1	0.438
CD83	PDCD1LG2	0.518
CD83	PRF1	0.407
CD83	PTPRC	0.611
CD83	SDC1	0.552
CD83	SELL	0.5
CD83	STAT1	0.428
CD83	TBX21	0.431
CD83	TGFB1	0.423
CD83	TLR2	0.619
CD83	TLR4	0.646
CD83	TLR7	0.615
CD83	TLR9	0.552
CD83	TNF	0.923
CD83	TNFRSF13B	0.574
CD83	TNFRSF1A	0.627
CD83	TNFRSF1B	0.469
CD83	TNFRSF9	0.439
CD83	TNFSF13B	0.615
CD83	TNFSF4	0.474
CD83	VCAM1	0.416
CD86	CD8A	0.933
CD86	CR2	0.682
CD86	CSF1	0.857
CD86	CSF1R	0.735
CD86	CSF2	0.85
CD86	CSF3	0.511
CD86	CTLA4	0.999
CD86	CX3CL1	0.465
CD86	CX3CR1	0.677
CD86	CXCL1	0.528
CD86	CXCL10	0.748
CD86	CXCL11	0.539
CD86	CXCL12	0.551
CD86	CXCL13	0.53
CD86	CXCL2	0.429
CD86	CXCL8	0.699
CD86	CXCL9	0.678
CD86	CXCR2	0.474
CD86	CXCR3	0.641
CD86	CXCR4	0.801
CD86	CXCR5	0.683
CD86	CXCR6	0.497
CD86	CYBB	0.668
CD86	FAS	0.643
CD86	FASLG	0.882
CD86	FCGR1A	0.745
CD86	FCGR2A	0.788
CD86	FCGR2B	0.83
CD86	FCGR3A	0.875
CD86	FCGR3B	0.855
CD86	FOXP3	0.903
CD86	GFAP	0.434
CD86	GZMA	0.478
CD86	GZMB	0.819
CD86	HAVCR2	0.971
CD86	HIF1A	0.432
CD86	HLA-DRB1	0.702
CD86	ICAM1	0.985
CD86	ICOS	0.996
CD86	IDO1	0.786
CD86	IDO2	0.703
CD86	IFNA1	0.72
CD86	IFNA2	0.434
CD86	IFNB1	0.647
CD86	IFNG	0.943
CD86	IL10	0.966
CD86	IL10RA	0.69
CD86	IL12RB1	0.458
CD86	IL13	0.722
CD86	IL15	0.674
CD86	IL17A	0.752
CD86	IL17F	0.43
CD86	IL18	0.68
CD86	IL1A	0.825
CD86	IL1B	0.863
CD86	IL1R1	0.75
CD86	IL2	0.879
CD86	IL21	0.419
CD86	IL21R	0.662
CD86	IL22	0.517
CD86	IL23A	0.444
CD86	IL23R	0.525
CD86	IL2RA	0.599
CD86	IL2RB	0.506
CD86	IL2RG	0.487
CD86	IL3	0.48
CD86	IL33	0.592
CD86	IL3RA	0.689
CD86	IL4	0.917
CD86	IL4R	0.648
CD86	IL5	0.773
CD86	IL6	0.862
CD86	IL6R	0.538
CD86	IL7	0.611
CD86	IL7R	0.651
CD86	IL9	0.447
CD86	IRF4	0.617
CD86	IRF8	0.708
CD86	ITGA4	0.516
CD86	ITGAE	0.722
CD86	ITGAL	0.775
CD86	ITGAM	0.913
CD86	ITGAX	0.912
CD86	ITGB1	0.498
CD86	ITGB2	0.807
CD86	KLRB1	0.496
CD86	KLRG1	0.476
CD86	KLRK1	0.795
CD86	LAG3	0.979
CD86	LCK	0.701
CD86	LOC102723996	0.603
CD86	LTA	0.464
CD86	MBP	0.42
CD86	MMP9	0.555
CD86	MOG	0.532
CD86	MPO	0.459
CD86	MRC1	0.871
CD86	MS4A1	0.458
CD86	MYD88	0.78
CD86	NCAM1	0.627
CD86	NFKB1	0.717
CD86	NLRP3	0.611
CD86	NOS2	0.533
CD86	PDCD1	0.996
CD86	PDCD1LG2	0.972
CD86	PECAM1	0.615
CD86	PRDM1	0.502
CD86	PRF1	0.687
CD86	PTGS2	0.485
CD86	PTPRC	0.879
CD86	PXDNL	0.559
CD86	SCARB1	0.561
CD86	SDC1	0.595
CD86	SELE	0.429
CD86	SELL	0.77
CD86	SELP	0.47
CD86	SPN	0.603
CD86	STAT1	0.645
CD86	STAT3	0.806
CD86	STAT4	0.468
CD86	STAT6	0.586
CD86	TBX21	0.678
CD86	TGFB1	0.655
CD86	THY1	0.583
CD86	TLR2	0.805
CD86	TLR4	0.841
CD86	TLR7	0.816
CD86	TLR9	0.747
CD86	TNF	0.922
CD86	TNFRSF13B	0.47
CD86	TNFRSF18	0.861
CD86	TNFRSF1A	0.507
CD86	TNFRSF1B	0.459
CD86	TNFRSF4	0.99
CD86	TNFRSF9	0.925
CD86	TNFSF13B	0.67
CD86	TNFSF4	0.722
CD86	TREM2	0.493
CD86	TYROBP	0.654
CD86	VCAM1	0.579
CD8A	CR2	0.774
CD8A	CRP	0.766
CD8A	CSF1	0.665
CD8A	CSF1R	0.741
CD8A	CSF2	0.873
CD8A	CSF3	0.72
CD8A	CTLA4	0.94
CD8A	CX3CL1	0.704
CD8A	CX3CR1	0.703
CD8A	CXCL1	0.671
CD8A	CXCL10	0.887
CD8A	CXCL11	0.8
CD8A	CXCL12	0.701
CD8A	CXCL13	0.788
CD8A	CXCL2	0.588
CD8A	CXCL8	0.844
CD8A	CXCL9	0.848
CD8A	CXCR2	0.636
CD8A	CXCR3	0.91
CD8A	CXCR4	0.903
CD8A	CXCR5	0.855
CD8A	CXCR6	0.868
CD8A	CYBB	0.54
CD8A	FAS	0.841
CD8A	FASLG	0.922
CD8A	FCGR1A	0.678
CD8A	FCGR2A	0.78
CD8A	FCGR2B	0.786
CD8A	FCGR3A	0.949
CD8A	FCGR3B	0.946
CD8A	FGF2	0.505
CD8A	FOXP3	0.948
CD8A	GFAP	0.402
CD8A	GZMA	0.964
CD8A	GZMB	0.963
CD8A	HAVCR2	0.892
CD8A	HIF1A	0.644
CD8A	HLA-DRB1	0.785
CD8A	HMOX1	0.658
CD8A	ICAM1	0.842
CD8A	ICOS	0.903
CD8A	ID2	0.545
CD8A	IDO1	0.813
CD8A	IDO2	0.721
CD8A	IFNA1	0.89
CD8A	IFNA2	0.759
CD8A	IFNB1	0.771
CD8A	IFNG	0.99
CD8A	IL10	0.958
CD8A	IL10RA	0.772
CD8A	IL12RB1	0.762
CD8A	IL12RB2	0.605
CD8A	IL13	0.854
CD8A	IL15	0.936
CD8A	IL17A	0.936
CD8A	IL17F	0.661
CD8A	IL18	0.791
CD8A	IL1A	0.777
CD8A	IL1B	0.922
CD8A	IL1R1	0.583
CD8A	IL2	0.971
CD8A	IL21	0.609
CD8A	IL21R	0.768
CD8A	IL22	0.771
CD8A	IL23A	0.514
CD8A	IL23R	0.6
CD8A	IL2RA	0.943
CD8A	IL2RB	0.922
CD8A	IL2RG	0.859
CD8A	IL3	0.649
CD8A	IL33	0.667
CD8A	IL3RA	0.727
CD8A	IL4	0.947
CD8A	IL4R	0.718
CD8A	IL5	0.865
CD8A	IL6	0.93
CD8A	IL6R	0.592
CD8A	IL7	0.914
CD8A	IL7R	0.946
CD8A	IL9	0.668
CD8A	IRF4	0.689
CD8A	IRF8	0.65
CD8A	ITGA4	0.835
CD8A	ITGAE	0.908
CD8A	ITGAL	0.849
CD8A	ITGAM	0.94
CD8A	ITGAX	0.938
CD8A	ITGB1	0.577
CD8A	ITGB2	0.787
CD8A	KLRB1	0.891
CD8A	KLRG1	0.861
CD8A	KLRK1	0.946
CD8A	LAG3	0.947
CD8A	LCK	0.999
CD8A	LOC102723996	0.76
CD8A	LTA	0.644
CD8A	MBP	0.594
CD8A	MMP9	0.64
CD8A	MOG	0.669
CD8A	MPO	0.621
CD8A	MRC1	0.725
CD8A	MS4A1	0.57
CD8A	MTOR	0.62
CD8A	MYD88	0.942
CD8A	NCAM1	0.889
CD8A	NFKB1	0.818
CD8A	NLRP3	0.619
CD8A	NOS2	0.541
CD8A	NOTCH1	0.544
CD8A	OCLN	0.556
CD8A	PDCD1	0.938
CD8A	PDCD1LG2	0.91
CD8A	PDGFRA	0.448
CD8A	PECAM1	0.748
CD8A	POU2AF1	0.472
CD8A	PRDM1	0.688
CD8A	PRF1	0.987
CD8A	PTGS2	0.581
CD8A	PTPRC	0.969
CD8A	PXDNL	0.697
CD8A	RORC	0.606
CD8A	S1PR1	0.649
CD8A	S1PR5	0.464
CD8A	SCARB1	0.72
CD8A	SDC1	0.697
CD8A	SELE	0.6
CD8A	SELL	0.932
CD8A	SELP	0.623
CD8A	SIRT1	0.401
CD8A	SLC2A1	0.517
CD8A	SPN	0.816
CD8A	STAT1	0.836
CD8A	STAT3	0.839
CD8A	STAT4	0.813
CD8A	STAT6	0.728
CD8A	TBX21	0.944
CD8A	TGFB1	0.796
CD8A	THY1	0.743
CD8A	TLR2	0.748
CD8A	TLR4	0.847
CD8A	TLR7	0.782
CD8A	TLR9	0.85
CD8A	TNF	0.958
CD8A	TNFRSF13B	0.448
CD8A	TNFRSF18	0.733
CD8A	TNFRSF1A	0.766
CD8A	TNFRSF1B	0.549
CD8A	TNFRSF4	0.797
CD8A	TNFRSF9	0.89
CD8A	TNFSF13B	0.776
CD8A	TNFSF4	0.669
CD8A	TYROBP	0.583
CD8A	VCAM1	0.79
CD8A	VWF	0.478
CFH	CRP	0.996
CFH	CXCL10	0.55
CFH	CXCL8	0.403
CFH	IFNG	0.598
CFH	IL1B	0.443
CFH	IL6	0.432
CFH	KLRB1	0.412
CFH	SELL	0.587
CFH	SELP	0.459
CFH	SIRT1	0.42
CFH	VWF	0.475
CLDN5	CSF1R	0.422
CLDN5	FGF2	0.441
CLDN5	GFAP	0.633
CLDN5	HIF1A	0.412
CLDN5	ICAM1	0.681
CLDN5	IFNG	0.475
CLDN5	IL10	0.403
CLDN5	IL1A	0.404
CLDN5	IL1B	0.689
CLDN5	IL6	0.708
CLDN5	MMP9	0.756
CLDN5	OCLN	0.999
CLDN5	PECAM1	0.845
CLDN5	PTPRC	0.4
CLDN5	PXDNL	0.512
CLDN5	S1PR1	0.41
CLDN5	SCARB1	0.492
CLDN5	SELE	0.458
CLDN5	SELP	0.528
CLDN5	SLC2A1	0.496
CLDN5	STAT3	0.594
CLDN5	TJP1	0.999
CLDN5	TLR4	0.487
CLDN5	TNF	0.564
CLDN5	VCAM1	0.632
CLDN5	VWF	0.92
CNP	CSPG4	0.482
CNP	FGF2	0.529
CNP	GFAP	0.883
CNP	GPR17	0.485
CNP	LINGO1	0.505
CNP	MAG	0.878
CNP	MBP	0.907
CNP	MOG	0.835
CNP	MYRF	0.544
CNP	NEFH	0.453
CNP	NEFL	0.448
CNP	OLIG1	0.744
CNP	OLIG2	0.835
CNP	PDGFRA	0.701
CNP	PLP1	0.847
CNP	PXDNL	0.467
CNP	SOX10	0.653
CNP	THY1	0.513
CR2	CTLA4	0.439
CR2	CXCL13	0.698
CR2	CXCL9	0.551
CR2	CXCR3	0.489
CR2	CXCR4	0.491
CR2	CXCR5	0.797
CR2	FAS	0.64
CR2	FCGR2A	0.531
CR2	FCGR2B	0.731
CR2	FCGR3A	0.649
CR2	FCGR3B	0.648
CR2	FOXP3	0.598
CR2	GZMA	0.402
CR2	GZMB	0.423
CR2	ICAM1	0.416
CR2	ICOS	0.691
CR2	IFNA1	0.956
CR2	IFNA2	0.691
CR2	IFNG	0.59
CR2	IL10	0.564
CR2	IL13	0.561
CR2	IL17A	0.422
CR2	IL2	0.676
CR2	IL21R	0.493
CR2	IL3RA	0.412
CR2	IL4	0.564
CR2	IL6	0.505
CR2	IL7	0.433
CR2	IL7R	0.502
CR2	IRF4	0.544
CR2	ITGA4	0.413
CR2	ITGAL	0.485
CR2	ITGAM	0.665
CR2	ITGAX	0.702
CR2	ITGB2	0.653
CR2	LCK	0.538
CR2	LOC102723996	0.41
CR2	MPO	0.417
CR2	MS4A1	0.82
CR2	MYD88	0.569
CR2	NCAM1	0.605
CR2	PDCD1	0.4
CR2	PECAM1	0.678
CR2	POU2AF1	0.713
CR2	PRDM1	0.502
CR2	PTPRC	0.827
CR2	SDC1	0.779
CR2	SELL	0.675
CR2	SPN	0.815
CR2	TBX21	0.551
CR2	TLR2	0.526
CR2	TLR4	0.552
CR2	TLR7	0.487
CR2	TLR9	0.689
CR2	TNF	0.516
CR2	TNFRSF13B	0.778
CR2	TNFSF13B	0.781
CRP	CSF1	0.581
CRP	CSF2	0.641
CRP	CSF3	0.712
CRP	CTLA4	0.474
CRP	CX3CL1	0.432
CRP	CX3CR1	0.493
CRP	CXCL1	0.465
CRP	CXCL10	0.765
CRP	CXCL11	0.591
CRP	CXCL12	0.4
CRP	CXCL8	0.874
CRP	CXCL9	0.667
CRP	CXCR3	0.591
CRP	FCGR1A	0.756
CRP	FCGR2A	0.992
CRP	FCGR2B	0.617
CRP	FCGR3A	0.757
CRP	FCGR3B	0.757
CRP	FGF2	0.418
CRP	FOXP3	0.538
CRP	GPX5	0.614
CRP	GPX6	0.608
CRP	HIF1A	0.416
CRP	HLA-DRB1	0.507
CRP	HMGCR	0.601
CRP	HMOX1	0.474
CRP	ICAM1	0.789
CRP	IDO1	0.494
CRP	IDO2	0.456
CRP	IFNA1	0.642
CRP	IFNA2	0.592
CRP	IFNB1	0.514
CRP	IFNG	0.798
CRP	IL10	0.878
CRP	IL13	0.623
CRP	IL15	0.545
CRP	IL17A	0.751
CRP	IL17F	0.421
CRP	IL18	0.835
CRP	IL1A	0.822
CRP	IL1B	0.886
CRP	IL1R1	0.628
CRP	IL2	0.778
CRP	IL22	0.568
CRP	IL2RA	0.689
CRP	IL3	0.419
CRP	IL33	0.51
CRP	IL4	0.822
CRP	IL5	0.629
CRP	IL6	0.968
CRP	IL6R	0.725
CRP	IL7	0.625
CRP	IL9	0.503
CRP	ITGA4	0.515
CRP	ITGAM	0.47
CRP	LTA	0.48
CRP	MMP9	0.806
CRP	MPO	0.817
CRP	MTOR	0.418
CRP	MYD88	0.598
CRP	NCAM1	0.512
CRP	NFKB1	0.596
CRP	NLRP3	0.707
CRP	PDCD1	0.437
CRP	PECAM1	0.434
CRP	PTGS2	0.596
CRP	PTPRC	0.475
CRP	PXDNL	0.551
CRP	SCARB1	0.506
CRP	SDC1	0.418
CRP	SELE	0.788
CRP	SELL	0.437
CRP	SELP	0.738
CRP	SIRT1	0.424
CRP	STAT3	0.574
CRP	TGFB1	0.573
CRP	TLR2	0.571
CRP	TLR4	0.674
CRP	TLR7	0.54
CRP	TLR9	0.402
CRP	TNF	0.938
CRP	TNFRSF1A	0.697
CRP	TNFRSF1B	0.599
CRP	TNFSF13B	0.43
CRP	VCAM1	0.774
CRP	VWF	0.772
CSF1	CSF1R	0.999
CSF1	CSF2	0.964
CSF1	CSF3	0.933
CSF1	CTLA4	0.562
CSF1	CX3CL1	0.605
CSF1	CX3CR1	0.638
CSF1	CXCL1	0.703
CSF1	CXCL10	0.728
CSF1	CXCL11	0.508
CSF1	CXCL12	0.701
CSF1	CXCL13	0.494
CSF1	CXCL2	0.711
CSF1	CXCL8	0.714
CSF1	CXCL9	0.68
CSF1	CXCR2	0.692
CSF1	CXCR3	0.403
CSF1	CXCR4	0.766
CSF1	CXCR5	0.514
CSF1	CXCR6	0.513
CSF1	CYBB	0.531
CSF1	FASLG	0.446
CSF1	FCGR1A	0.676
CSF1	FCGR2A	0.524
CSF1	FCGR2B	0.522
CSF1	FCGR3A	0.668
CSF1	FCGR3B	0.668
CSF1	FGF2	0.578
CSF1	FOXP3	0.544
CSF1	GFAP	0.433
CSF1	GZMB	0.421
CSF1	HAVCR2	0.432
CSF1	HIF1A	0.527
CSF1	ICAM1	0.829
CSF1	IDO1	0.543
CSF1	IDO2	0.418
CSF1	IFNA1	0.578
CSF1	IFNA2	0.639
CSF1	IFNB1	0.571
CSF1	IFNG	0.79
CSF1	IL10	0.87
CSF1	IL13	0.733
CSF1	IL15	0.646
CSF1	IL17A	0.661
CSF1	IL18	0.625
CSF1	IL1A	0.826
CSF1	IL1B	0.81
CSF1	IL1R1	0.807
CSF1	IL2	0.663
CSF1	IL21R	0.459
CSF1	IL22	0.439
CSF1	IL2RA	0.408
CSF1	IL3	0.9
CSF1	IL33	0.476
CSF1	IL4	0.791
CSF1	IL4R	0.487
CSF1	IL5	0.624
CSF1	IL6	0.827
CSF1	IL6R	0.571
CSF1	IL7	0.647
CSF1	IL9	0.584
CSF1	IRF4	0.639
CSF1	IRF8	0.556
CSF1	ITGAE	0.427
CSF1	ITGAL	0.521
CSF1	ITGAM	0.781
CSF1	ITGAX	0.695
CSF1	ITGB2	0.406
CSF1	LAG3	0.413
CSF1	LCK	0.419
CSF1	LTA	0.509
CSF1	MMP9	0.644
CSF1	MRC1	0.723
CSF1	MYD88	0.571
CSF1	NFKB1	0.586
CSF1	NOS2	0.459
CSF1	NOTCH1	0.402
CSF1	NTRK2	0.698
CSF1	PDCD1	0.563
CSF1	PDCD1LG2	0.536
CSF1	PDGFRA	0.864
CSF1	PECAM1	0.488
CSF1	PTGS2	0.502
CSF1	PTPRC	0.668
CSF1	PXDNL	0.508
CSF1	SCARB1	0.493
CSF1	SDC1	0.4
CSF1	SELL	0.433
CSF1	STAT1	0.791
CSF1	STAT3	0.802
CSF1	STAT6	0.543
CSF1	TGFB1	0.776
CSF1	THY1	0.413
CSF1	TLR2	0.605
CSF1	TLR4	0.672
CSF1	TLR7	0.508
CSF1	TLR9	0.485
CSF1	TNF	0.801
CSF1	TNFRSF1A	0.565
CSF1	TNFRSF1B	0.637
CSF1	TNFRSF9	0.418
CSF1	TNFSF13B	0.425
CSF1	TREM2	0.602
CSF1	TYROBP	0.512
CSF1	VCAM1	0.542
CSF1R	CSF2	0.974
CSF1R	CSF3	0.873
CSF1R	CTLA4	0.601
CSF1R	CX3CL1	0.711
CSF1R	CX3CR1	0.836
CSF1R	CXCL1	0.627
CSF1R	CXCL10	0.512
CSF1R	CXCL12	0.879
CSF1R	CXCL8	0.647
CSF1R	CXCL9	0.508
CSF1R	CXCR2	0.589
CSF1R	CXCR3	0.416
CSF1R	CXCR4	0.606
CSF1R	CYBB	0.782
CSF1R	FASLG	0.565
CSF1R	FCGR1A	0.712
CSF1R	FCGR2A	0.653
CSF1R	FCGR2B	0.668
CSF1R	FCGR3A	0.812
CSF1R	FCGR3B	0.74
CSF1R	FGF2	0.821
CSF1R	FOXP3	0.573
CSF1R	GFAP	0.44
CSF1R	GZMA	0.433
CSF1R	GZMB	0.533
CSF1R	HAVCR2	0.613
CSF1R	HIF1A	0.482
CSF1R	HLA-DRB1	0.406
CSF1R	ICAM1	0.636
CSF1R	IDO1	0.54
CSF1R	IFNA1	0.425
CSF1R	IFNG	0.64
CSF1R	IL10	0.662
CSF1R	IL10RA	0.714
CSF1R	IL13	0.507
CSF1R	IL15	0.453
CSF1R	IL17A	0.474
CSF1R	IL1A	0.507
CSF1R	IL1B	0.678
CSF1R	IL1R1	0.547
CSF1R	IL2	0.646
CSF1R	IL21R	0.424
CSF1R	IL3	0.839
CSF1R	IL3RA	0.496
CSF1R	IL4	0.608
CSF1R	IL4R	0.65
CSF1R	IL5	0.538
CSF1R	IL6	0.779
CSF1R	IL6R	0.58
CSF1R	IL7	0.404
CSF1R	IL7R	0.593
CSF1R	IRF4	0.469
CSF1R	IRF8	0.723
CSF1R	ITGAE	0.546
CSF1R	ITGAL	0.459
CSF1R	ITGAM	0.865
CSF1R	ITGAX	0.846
CSF1R	ITGB2	0.862
CSF1R	LAG3	0.488
CSF1R	MMP9	0.609
CSF1R	MPO	0.486
CSF1R	MRC1	0.773
CSF1R	MS4A1	0.526
CSF1R	MYD88	0.454
CSF1R	NFKB1	0.452
CSF1R	NLRP3	0.432
CSF1R	NOS2	0.442
CSF1R	NOTCH1	0.515
CSF1R	PDCD1	0.531
CSF1R	PDCD1LG2	0.524
CSF1R	PECAM1	0.725
CSF1R	PTGS2	0.457
CSF1R	PTPRC	0.818
CSF1R	SCARB1	0.498
CSF1R	SDC1	0.645
CSF1R	SELL	0.556
CSF1R	STAT1	0.745
CSF1R	STAT3	0.795
CSF1R	STAT6	0.495
CSF1R	TGFB1	0.564
CSF1R	THY1	0.421
CSF1R	TLR2	0.765
CSF1R	TLR4	0.8
CSF1R	TLR7	0.596
CSF1R	TLR9	0.452
CSF1R	TNF	0.675
CSF1R	TNFRSF1B	0.407
CSF1R	TNFRSF4	0.407
CSF1R	TNFSF13B	0.474
CSF1R	TREM2	0.857
CSF1R	TYROBP	0.962
CSF1R	VCAM1	0.649
CSF1R	VWF	0.514
CSF2	CSF3	0.999
CSF2	CTLA4	0.75
CSF2	CX3CL1	0.953
CSF2	CX3CR1	0.575
CSF2	CXCL1	0.931
CSF2	CXCL10	0.911
CSF2	CXCL11	0.619
CSF2	CXCL12	0.696
CSF2	CXCL13	0.572
CSF2	CXCL2	0.823
CSF2	CXCL8	0.972
CSF2	CXCL9	0.736
CSF2	CXCR2	0.588
CSF2	CXCR3	0.582
CSF2	CXCR4	0.612
CSF2	CXCR5	0.443
CSF2	CXCR6	0.608
CSF2	CYBB	0.438
CSF2	FAS	0.474
CSF2	FASLG	0.738
CSF2	FCGR1A	0.618
CSF2	FCGR2A	0.608
CSF2	FCGR2B	0.596
CSF2	FCGR3A	0.769
CSF2	FCGR3B	0.766
CSF2	FGF2	0.965
CSF2	FOXP3	0.743
CSF2	GZMA	0.627
CSF2	GZMB	0.775
CSF2	HAVCR2	0.576
CSF2	HIF1A	0.527
CSF2	ICAM1	0.742
CSF2	ICOS	0.522
CSF2	IDO1	0.681
CSF2	IDO2	0.603
CSF2	IFNA1	0.851
CSF2	IFNA2	0.868
CSF2	IFNB1	0.83
CSF2	IFNG	0.984
CSF2	IGHV3-43D	0.9
CSF2	IL10	0.959
CSF2	IL10RA	0.797
CSF2	IL12A	0.566
CSF2	IL12B	0.653
CSF2	IL12RB1	0.789
CSF2	IL12RB2	0.782
CSF2	IL13	0.934
CSF2	IL15	0.849
CSF2	IL17A	0.888
CSF2	IL17F	0.707
CSF2	IL18	0.897
CSF2	IL1A	0.997
CSF2	IL1B	0.998
CSF2	IL1R1	0.774
CSF2	IL2	0.997
CSF2	IL21	0.531
CSF2	IL21R	0.84
CSF2	IL22	0.802
CSF2	IL23A	0.652
CSF2	IL23R	0.84
CSF2	IL2RA	0.869
CSF2	IL2RB	0.84
CSF2	IL2RG	0.808
CSF2	IL3	0.998
CSF2	IL33	0.703
CSF2	IL3RA	0.949
CSF2	IL4	0.963
CSF2	IL4R	0.843
CSF2	IL5	0.993
CSF2	IL6	0.974
CSF2	IL6R	0.837
CSF2	IL7	0.911
CSF2	IL7R	0.851
CSF2	IL9	0.841
CSF2	IRF4	0.553
CSF2	IRF8	0.571
CSF2	ITGA4	0.442
CSF2	ITGAE	0.651
CSF2	ITGAL	0.486
CSF2	ITGAM	0.811
CSF2	ITGAX	0.85
CSF2	ITGB2	0.541
CSF2	KLRB1	0.559
CSF2	KLRG1	0.4
CSF2	KLRK1	0.74
CSF2	LAG3	0.553
CSF2	LCK	0.448
CSF2	LOC102723996	0.46
CSF2	LTA	0.822
CSF2	MMP9	0.658
CSF2	MOG	0.609
CSF2	MPO	0.601
CSF2	MRC1	0.658
CSF2	MTOR	0.42
CSF2	MYD88	0.668
CSF2	NCAM1	0.628
CSF2	NFKB1	0.73
CSF2	NLRP3	0.517
CSF2	NOS2	0.564
CSF2	PDCD1	0.617
CSF2	PDCD1LG2	0.604
CSF2	PDGFRA	0.75
CSF2	PECAM1	0.525
CSF2	PRF1	0.665
CSF2	PTGS2	0.648
CSF2	PTPRC	0.765
CSF2	PXDNL	0.619
CSF2	RORC	0.533
CSF2	SCARB1	0.505
CSF2	SDC1	0.608
CSF2	SELE	0.543
CSF2	SELL	0.659
CSF2	SELP	0.492
CSF2	SPN	0.572
CSF2	STAT1	0.673
CSF2	STAT3	0.851
CSF2	STAT4	0.475
CSF2	STAT6	0.606
CSF2	TBX21	0.628
CSF2	TGFB1	0.701
CSF2	THY1	0.524
CSF2	TLR2	0.798
CSF2	TLR4	0.781
CSF2	TLR7	0.663
CSF2	TLR9	0.672
CSF2	TNF	0.97
CSF2	TNFRSF18	0.51
CSF2	TNFRSF1A	0.542
CSF2	TNFRSF1B	0.436
CSF2	TNFRSF4	0.623
CSF2	TNFRSF9	0.681
CSF2	TNFSF13B	0.667
CSF2	TNFSF4	0.551
CSF2	TREM2	0.412
CSF2	VCAM1	0.626
CSF2	VWF	0.422
CSF3	CTLA4	0.483
CSF3	CX3CL1	0.942
CSF3	CXCL1	0.966
CSF3	CXCL10	0.908
CSF3	CXCL11	0.552
CSF3	CXCL12	0.786
CSF3	CXCL13	0.623
CSF3	CXCL2	0.897
CSF3	CXCL8	0.971
CSF3	CXCL9	0.794
CSF3	CXCR2	0.645
CSF3	CXCR3	0.418
CSF3	CXCR4	0.802
CSF3	CXCR5	0.463
CSF3	FASLG	0.481
CSF3	FCGR1A	0.545
CSF3	FCGR2A	0.425
CSF3	FCGR2B	0.402
CSF3	FCGR3A	0.632
CSF3	FCGR3B	0.632
CSF3	FGF2	0.961
CSF3	FOXP3	0.57
CSF3	GZMB	0.452
CSF3	HIF1A	0.477
CSF3	ICAM1	0.776
CSF3	IDO1	0.529
CSF3	IDO2	0.454
CSF3	IFNA1	0.697
CSF3	IFNA2	0.823
CSF3	IFNB1	0.757
CSF3	IFNG	0.989
CSF3	IL10	0.927
CSF3	IL10RA	0.742
CSF3	IL12A	0.482
CSF3	IL12B	0.627
CSF3	IL12RB1	0.733
CSF3	IL12RB2	0.715
CSF3	IL13	0.834
CSF3	IL15	0.787
CSF3	IL17A	0.928
CSF3	IL17F	0.774
CSF3	IL18	0.792
CSF3	IL1A	0.991
CSF3	IL1B	0.996
CSF3	IL1R1	0.6
CSF3	IL2	0.962
CSF3	IL21R	0.701
CSF3	IL22	0.646
CSF3	IL23A	0.572
CSF3	IL23R	0.74
CSF3	IL2RA	0.837
CSF3	IL2RB	0.702
CSF3	IL2RG	0.753
CSF3	IL3	0.964
CSF3	IL33	0.531
CSF3	IL3RA	0.802
CSF3	IL4	0.818
CSF3	IL4R	0.836
CSF3	IL5	0.842
CSF3	IL6	0.988
CSF3	IL6R	0.867
CSF3	IL7	0.88
CSF3	IL7R	0.79
CSF3	IL9	0.827
CSF3	ITGAM	0.791
CSF3	ITGAX	0.551
CSF3	ITGB2	0.472
CSF3	LCK	0.447
CSF3	LTA	0.658
CSF3	MMP9	0.648
CSF3	MPO	0.744
CSF3	MRC1	0.4
CSF3	MYD88	0.551
CSF3	NCAM1	0.571
CSF3	NFKB1	0.551
CSF3	NLRP3	0.416
CSF3	NOS2	0.432
CSF3	PDGFRA	0.754
CSF3	PECAM1	0.57
CSF3	PRF1	0.435
CSF3	PTGS2	0.559
CSF3	PTPRC	0.695
CSF3	PXDNL	0.436
CSF3	SCARB1	0.456
CSF3	SELE	0.716
CSF3	SELL	0.531
CSF3	SELP	0.633
CSF3	STAT1	0.76
CSF3	STAT3	0.916
CSF3	STAT6	0.409
CSF3	TGFB1	0.592
CSF3	THY1	0.507
CSF3	TLR2	0.582
CSF3	TLR4	0.757
CSF3	TLR7	0.476
CSF3	TLR9	0.476
CSF3	TNF	0.949
CSF3	TNFRSF1A	0.464
CSF3	TNFRSF1B	0.554
CSF3	TNFSF13B	0.444
CSF3	VCAM1	0.612
CSF3	VWF	0.463
CSPG4	FGF2	0.813
CSPG4	GFAP	0.594
CSPG4	MBP	0.541
CSPG4	MOG	0.416
CSPG4	OLIG1	0.822
CSPG4	OLIG2	0.898
CSPG4	PDGFRA	0.771
CSPG4	PECAM1	0.472
CSPG4	PLP1	0.608
CSPG4	PTPRC	0.523
CSPG4	SDC1	0.653
CSPG4	SELP	0.455
CSPG4	SOX10	0.558
CTLA4	CX3CR1	0.447
CTLA4	CXCL1	0.457
CTLA4	CXCL10	0.666
CTLA4	CXCL11	0.506
CTLA4	CXCL12	0.582
CTLA4	CXCL13	0.604
CTLA4	CXCL2	0.405
CTLA4	CXCL8	0.598
CTLA4	CXCL9	0.703
CTLA4	CXCR2	0.483
CTLA4	CXCR3	0.737
CTLA4	CXCR4	0.607
CTLA4	CXCR5	0.671
CTLA4	CXCR6	0.769
CTLA4	FAS	0.581
CTLA4	FASLG	0.833
CTLA4	FCGR1A	0.766
CTLA4	FCGR2A	0.541
CTLA4	FCGR2B	0.546
CTLA4	FCGR3A	0.767
CTLA4	FCGR3B	0.69
CTLA4	FOXP3	0.976
CTLA4	GSR	0.439
CTLA4	GZMA	0.712
CTLA4	GZMB	0.827
CTLA4	HAVCR2	0.907
CTLA4	HIF1A	0.546
CTLA4	HLA-DRB1	0.746
CTLA4	ICAM1	0.841
CTLA4	ICOS	0.998
CTLA4	IDO1	0.91
CTLA4	IDO2	0.838
CTLA4	IFNA1	0.668
CTLA4	IFNA2	0.548
CTLA4	IFNB1	0.562
CTLA4	IFNG	0.951
CTLA4	IGHV3-43D	0.901
CTLA4	IL10	0.922
CTLA4	IL10RA	0.708
CTLA4	IL12RB1	0.496
CTLA4	IL12RB2	0.471
CTLA4	IL13	0.651
CTLA4	IL15	0.677
CTLA4	IL17A	0.88
CTLA4	IL17F	0.472
CTLA4	IL18	0.602
CTLA4	IL1A	0.592
CTLA4	IL1B	0.677
CTLA4	IL2	0.943
CTLA4	IL21	0.468
CTLA4	IL21R	0.697
CTLA4	IL22	0.588
CTLA4	IL23R	0.467
CTLA4	IL2RA	0.871
CTLA4	IL2RB	0.679
CTLA4	IL2RG	0.537
CTLA4	IL3	0.403
CTLA4	IL33	0.437
CTLA4	IL3RA	0.472
CTLA4	IL4	0.875
CTLA4	IL4R	0.449
CTLA4	IL5	0.628
CTLA4	IL6	0.815
CTLA4	IL6R	0.484
CTLA4	IL7	0.641
CTLA4	IL7R	0.771
CTLA4	IL9	0.627
CTLA4	IRF4	0.657
CTLA4	IRF8	0.43
CTLA4	ITGA4	0.465
CTLA4	ITGAE	0.781
CTLA4	ITGAL	0.467
CTLA4	ITGAM	0.679
CTLA4	ITGAX	0.832
CTLA4	ITGB2	0.415
CTLA4	KLRB1	0.579
CTLA4	KLRG1	0.686
CTLA4	KLRK1	0.687
CTLA4	LAG3	0.965
CTLA4	LCK	0.911
CTLA4	LOC102723996	0.999
CTLA4	LTA	0.489
CTLA4	MMP9	0.642
CTLA4	MOG	0.426
CTLA4	MRC1	0.491
CTLA4	MS4A1	0.47
CTLA4	MTOR	0.577
CTLA4	MYD88	0.432
CTLA4	NCAM1	0.636
CTLA4	NFKB1	0.565
CTLA4	NOTCH1	0.55
CTLA4	PDCD1	0.992
CTLA4	PDCD1LG2	0.998
CTLA4	PECAM1	0.481
CTLA4	PRDM1	0.63
CTLA4	PRF1	0.85
CTLA4	PTGS2	0.427
CTLA4	PTPRC	0.746
CTLA4	PXDNL	0.425
CTLA4	RORC	0.435
CTLA4	S1PR1	0.409
CTLA4	SELL	0.743
CTLA4	SPN	0.57
CTLA4	STAT1	0.742
CTLA4	STAT3	0.674
CTLA4	STAT4	0.632
CTLA4	STAT6	0.481
CTLA4	TBX21	0.822
CTLA4	TGFB1	0.651
CTLA4	THY1	0.414
CTLA4	TLR2	0.515
CTLA4	TLR4	0.575
CTLA4	TLR7	0.595
CTLA4	TLR9	0.591
CTLA4	TNF	0.873
CTLA4	TNFRSF13B	0.497
CTLA4	TNFRSF18	0.932
CTLA4	TNFRSF1A	0.542
CTLA4	TNFRSF1B	0.501
CTLA4	TNFRSF4	0.907
CTLA4	TNFRSF9	0.837
CTLA4	TNFSF13B	0.517
CTLA4	TNFSF4	0.812
CTLA4	TYROBP	0.505
CTLA4	VCAM1	0.648
CX3CL1	CX3CR1	0.999
CX3CL1	CXCL1	0.939
CX3CL1	CXCL10	0.948
CX3CL1	CXCL11	0.859
CX3CL1	CXCL12	0.893
CX3CL1	CXCL13	0.86
CX3CL1	CXCL2	0.798
CX3CL1	CXCL8	0.845
CX3CL1	CXCL9	0.926
CX3CL1	CXCR2	0.915
CX3CL1	CXCR3	0.99
CX3CL1	CXCR4	0.995
CX3CL1	CXCR5	0.787
CX3CL1	CXCR6	0.939
CX3CL1	FASLG	0.446
CX3CL1	FCGR3A	0.522
CX3CL1	FCGR3B	0.517
CX3CL1	FGF2	0.971
CX3CL1	GFAP	0.521
CX3CL1	GZMB	0.594
CX3CL1	HAVCR2	0.469
CX3CL1	ICAM1	0.725
CX3CL1	IDO1	0.407
CX3CL1	IFNA1	0.423
CX3CL1	IFNA2	0.825
CX3CL1	IFNB1	0.686
CX3CL1	IFNG	0.923
CX3CL1	IL10	0.815
CX3CL1	IL13	0.641
CX3CL1	IL15	0.609
CX3CL1	IL17A	0.622
CX3CL1	IL18	0.58
CX3CL1	IL1A	0.829
CX3CL1	IL1B	0.839
CX3CL1	IL1R1	0.446
CX3CL1	IL2	0.743
CX3CL1	IL3	0.57
CX3CL1	IL33	0.479
CX3CL1	IL4	0.78
CX3CL1	IL5	0.618
CX3CL1	IL6	0.735
CX3CL1	IL7	0.702
CX3CL1	IL9	0.571
CX3CL1	ITGA4	0.646
CX3CL1	ITGAM	0.729
CX3CL1	ITGAX	0.45
CX3CL1	ITGB1	0.441
CX3CL1	ITGB2	0.485
CX3CL1	KLRK1	0.545
CX3CL1	LTA	0.585
CX3CL1	MMP9	0.694
CX3CL1	MRC1	0.627
CX3CL1	NCAM1	0.4
CX3CL1	NFKB1	0.424
CX3CL1	PDCD1	0.426
CX3CL1	PECAM1	0.655
CX3CL1	PTGS2	0.633
CX3CL1	PTPRC	0.689
CX3CL1	SELE	0.642
CX3CL1	SELL	0.414
CX3CL1	SELP	0.453
CX3CL1	STAT1	0.526
CX3CL1	STAT3	0.56
CX3CL1	TGFB1	0.653
CX3CL1	TLR2	0.499
CX3CL1	TLR4	0.586
CX3CL1	TNF	0.814
CX3CL1	TNFRSF1A	0.586
CX3CL1	TREM2	0.603
CX3CL1	TYROBP	0.401
CX3CL1	VCAM1	0.615
CX3CR1	CXCL1	0.981
CX3CR1	CXCL10	0.953
CX3CR1	CXCL11	0.874
CX3CR1	CXCL12	0.99
CX3CR1	CXCL13	0.884
CX3CR1	CXCL2	0.819
CX3CR1	CXCL8	0.914
CX3CR1	CXCL9	0.891
CX3CR1	CXCR2	0.735
CX3CR1	CXCR3	0.593
CX3CR1	CXCR4	0.79
CX3CR1	CXCR5	0.731
CX3CR1	CXCR6	0.669
CX3CR1	CYBB	0.499
CX3CR1	FASLG	0.476
CX3CR1	FCGR1A	0.722
CX3CR1	FCGR2A	0.532
CX3CR1	FCGR2B	0.552
CX3CR1	FCGR3A	0.77
CX3CR1	FCGR3B	0.761
CX3CR1	FOXP3	0.589
CX3CR1	GFAP	0.608
CX3CR1	GZMA	0.548
CX3CR1	GZMB	0.608
CX3CR1	HAVCR2	0.486
CX3CR1	HIF1A	0.492
CX3CR1	ICAM1	0.709
CX3CR1	ICOS	0.429
CX3CR1	IDO1	0.419
CX3CR1	IFNA1	0.416
CX3CR1	IFNB1	0.62
CX3CR1	IFNG	0.691
CX3CR1	IL10	0.725
CX3CR1	IL10RA	0.479
CX3CR1	IL12RB1	0.553
CX3CR1	IL13	0.533
CX3CR1	IL15	0.529
CX3CR1	IL17A	0.571
CX3CR1	IL18	0.65
CX3CR1	IL1A	0.544
CX3CR1	IL1B	0.737
CX3CR1	IL1R1	0.442
CX3CR1	IL2	0.523
CX3CR1	IL22	0.481
CX3CR1	IL2RB	0.457
CX3CR1	IL33	0.428
CX3CR1	IL3RA	0.414
CX3CR1	IL4	0.608
CX3CR1	IL5	0.453
CX3CR1	IL6	0.68
CX3CR1	IL7R	0.581
CX3CR1	IRF4	0.419
CX3CR1	IRF8	0.581
CX3CR1	ITGA4	0.599
CX3CR1	ITGAE	0.715
CX3CR1	ITGAL	0.548
CX3CR1	ITGAM	0.827
CX3CR1	ITGAX	0.732
CX3CR1	ITGB2	0.54
CX3CR1	KLRG1	0.623
CX3CR1	KLRK1	0.478
CX3CR1	LAG3	0.471
CX3CR1	MMP9	0.492
CX3CR1	MOG	0.404
CX3CR1	MPO	0.593
CX3CR1	MRC1	0.682
CX3CR1	MYD88	0.482
CX3CR1	NCAM1	0.527
CX3CR1	NFKB1	0.402
CX3CR1	PDCD1	0.403
CX3CR1	PECAM1	0.537
CX3CR1	PRF1	0.617
CX3CR1	PTPRC	0.75
CX3CR1	S1PR1	0.422
CX3CR1	S1PR5	0.518
CX3CR1	SCARB1	0.531
CX3CR1	SELE	0.411
CX3CR1	SELL	0.664
CX3CR1	SELP	0.464
CX3CR1	SPN	0.426
CX3CR1	STAT1	0.402
CX3CR1	STAT3	0.435
CX3CR1	TBX21	0.569
CX3CR1	TGFB1	0.491
CX3CR1	THY1	0.452
CX3CR1	TLR2	0.741
CX3CR1	TLR4	0.672
CX3CR1	TLR7	0.558
CX3CR1	TLR9	0.457
CX3CR1	TNF	0.696
CX3CR1	TREM2	0.767
CX3CR1	TYROBP	0.773
CX3CR1	VCAM1	0.754
CXCL1	CXCL10	0.992
CXCL1	CXCL11	0.928
CXCL1	CXCL12	0.947
CXCL1	CXCL13	0.933
CXCL1	CXCL2	0.996
CXCL1	CXCL8	0.957
CXCL1	CXCL9	0.859
CXCL1	CXCR2	0.999
CXCL1	CXCR3	0.954
CXCL1	CXCR4	0.998
CXCL1	CXCR5	0.785
CXCL1	CXCR6	0.871
CXCL1	FASLG	0.438
CXCL1	FCGR1A	0.437
CXCL1	FCGR2A	0.431
CXCL1	FCGR2B	0.42
CXCL1	FCGR3A	0.529
CXCL1	FCGR3B	0.559
CXCL1	FGF2	0.918
CXCL1	FOXP3	0.547
CXCL1	GZMB	0.458
CXCL1	HAVCR2	0.425
CXCL1	HIF1A	0.539
CXCL1	HLA-DRB1	0.448
CXCL1	HMOX1	0.407
CXCL1	ICAM1	0.845
CXCL1	IDO1	0.508
CXCL1	IFNA1	0.583
CXCL1	IFNA2	0.814
CXCL1	IFNB1	0.623
CXCL1	IFNG	0.887
CXCL1	IL10	0.919
CXCL1	IL12A	0.441
CXCL1	IL12B	0.555
CXCL1	IL13	0.826
CXCL1	IL15	0.671
CXCL1	IL17A	0.902
CXCL1	IL17F	0.764
CXCL1	IL18	0.918
CXCL1	IL1A	0.962
CXCL1	IL1B	0.978
CXCL1	IL1R1	0.737
CXCL1	IL2	0.716
CXCL1	IL22	0.718
CXCL1	IL23A	0.517
CXCL1	IL23R	0.591
CXCL1	IL3	0.698
CXCL1	IL33	0.641
CXCL1	IL4	0.738
CXCL1	IL4R	0.616
CXCL1	IL5	0.819
CXCL1	IL6	0.982
CXCL1	IL6R	0.668
CXCL1	IL7	0.797
CXCL1	IL7R	0.566
CXCL1	IL9	0.677
CXCL1	ITGAM	0.702
CXCL1	ITGAX	0.598
CXCL1	ITGB2	0.491
CXCL1	LTA	0.616
CXCL1	MMP9	0.714
CXCL1	MPO	0.67
CXCL1	MRC1	0.532
CXCL1	MYD88	0.632
CXCL1	NCAM1	0.638
CXCL1	NFKB1	0.963
CXCL1	NLRP3	0.506
CXCL1	NOS2	0.471
CXCL1	PDCD1LG2	0.402
CXCL1	PECAM1	0.573
CXCL1	PRF1	0.406
CXCL1	PTGS2	0.848
CXCL1	PTPRC	0.638
CXCL1	PXDNL	0.486
CXCL1	SDC1	0.761
CXCL1	SELE	0.632
CXCL1	SELL	0.49
CXCL1	SELP	0.659
CXCL1	SOD2	0.463
CXCL1	STAT1	0.708
CXCL1	STAT3	0.821
CXCL1	TGFB1	0.624
CXCL1	TLR2	0.879
CXCL1	TLR4	0.717
CXCL1	TLR7	0.505
CXCL1	TLR9	0.528
CXCL1	TNF	0.955
CXCL1	TNFRSF1A	0.49
CXCL1	TNFRSF1B	0.565
CXCL1	TNFSF13B	0.401
CXCL1	VCAM1	0.683
CXCL10	CXCL11	0.999
CXCL10	CXCL12	0.999
CXCL10	CXCL13	0.994
CXCL10	CXCL2	0.965
CXCL10	CXCL8	0.975
CXCL10	CXCL9	0.999
CXCL10	CXCR2	0.992
CXCL10	CXCR3	0.999
CXCL10	CXCR4	0.997
CXCL10	CXCR5	0.97
CXCL10	CXCR6	0.969
CXCL10	CYBB	0.438
CXCL10	FAS	0.448
CXCL10	FASLG	0.621
CXCL10	FCGR1A	0.613
CXCL10	FCGR2A	0.61
CXCL10	FCGR2B	0.483
CXCL10	FCGR3A	0.711
CXCL10	FCGR3B	0.697
CXCL10	FGF2	0.626
CXCL10	FOXP3	0.686
CXCL10	GFAP	0.469
CXCL10	GZMA	0.632
CXCL10	GZMB	0.715
CXCL10	HAVCR2	0.611
CXCL10	HIF1A	0.457
CXCL10	HMOX1	0.429
CXCL10	ICAM1	0.858
CXCL10	ICOS	0.545
CXCL10	IDO1	0.832
CXCL10	IDO2	0.546
CXCL10	IFNA1	0.825
CXCL10	IFNA2	0.838
CXCL10	IFNB1	0.914
CXCL10	IFNG	0.959
CXCL10	IL10	0.962
CXCL10	IL10RA	0.492
CXCL10	IL12A	0.556
CXCL10	IL12B	0.623
CXCL10	IL12RB1	0.579
CXCL10	IL13	0.871
CXCL10	IL15	0.848
CXCL10	IL17A	0.85
CXCL10	IL17F	0.606
CXCL10	IL18	0.862
CXCL10	IL1A	0.958
CXCL10	IL1B	0.962
CXCL10	IL1R1	0.61
CXCL10	IL2	0.857
CXCL10	IL21	0.416
CXCL10	IL21R	0.581
CXCL10	IL22	0.672
CXCL10	IL23A	0.638
CXCL10	IL2RA	0.692
CXCL10	IL3	0.663
CXCL10	IL33	0.633
CXCL10	IL3RA	0.413
CXCL10	IL4	0.882
CXCL10	IL4R	0.443
CXCL10	IL5	0.801
CXCL10	IL6	0.96
CXCL10	IL6R	0.497
CXCL10	IL7	0.831
CXCL10	IL7R	0.519
CXCL10	IL9	0.772
CXCL10	IRF4	0.478
CXCL10	IRF8	0.705
CXCL10	ITGA4	0.611
CXCL10	ITGAE	0.549
CXCL10	ITGAL	0.413
CXCL10	ITGAM	0.774
CXCL10	ITGAX	0.645
CXCL10	ITGB1	0.54
CXCL10	ITGB2	0.634
CXCL10	KLRB1	0.607
CXCL10	KLRK1	0.53
CXCL10	LAG3	0.626
CXCL10	LTA	0.711
CXCL10	MMP9	0.868
CXCL10	MOG	0.556
CXCL10	MPO	0.661
CXCL10	MRC1	0.639
CXCL10	MYD88	0.795
CXCL10	NCAM1	0.515
CXCL10	NFKB1	0.845
CXCL10	NLRP3	0.555
CXCL10	NOS2	0.52
CXCL10	PDCD1	0.729
CXCL10	PDCD1LG2	0.601
CXCL10	PECAM1	0.501
CXCL10	PRF1	0.644
CXCL10	PTGS2	0.605
CXCL10	PTPRC	0.674
CXCL10	PXDNL	0.512
CXCL10	SCARB1	0.441
CXCL10	SELE	0.59
CXCL10	SELL	0.562
CXCL10	SELP	0.489
CXCL10	STAT1	0.949
CXCL10	STAT3	0.82
CXCL10	STAT4	0.488
CXCL10	STAT6	0.472
CXCL10	TBX21	0.736
CXCL10	TGFB1	0.62
CXCL10	TLR2	0.902
CXCL10	TLR4	0.969
CXCL10	TLR7	0.809
CXCL10	TLR9	0.761
CXCL10	TNF	0.966
CXCL10	TNFRSF18	0.402
CXCL10	TNFRSF1A	0.54
CXCL10	TNFRSF1B	0.679
CXCL10	TNFRSF4	0.642
CXCL10	TNFRSF9	0.689
CXCL10	TNFSF13B	0.685
CXCL10	TNFSF4	0.417
CXCL10	TREM2	0.436
CXCL10	TYROBP	0.545
CXCL10	VCAM1	0.732
CXCL11	CXCL12	0.999
CXCL11	CXCL13	0.987
CXCL11	CXCL2	0.999
CXCL11	CXCL8	0.946
CXCL11	CXCL9	0.999
CXCL11	CXCR2	0.942
CXCL11	CXCR3	0.999
CXCL11	CXCR4	0.994
CXCL11	CXCR5	0.88
CXCL11	CXCR6	0.886
CXCL11	FASLG	0.417
CXCL11	FCGR3A	0.478
CXCL11	FCGR3B	0.475
CXCL11	FGF2	0.418
CXCL11	FOXP3	0.517
CXCL11	GZMA	0.467
CXCL11	GZMB	0.55
CXCL11	ICAM1	0.602
CXCL11	IDO1	0.88
CXCL11	IDO2	0.405
CXCL11	IFNA1	0.898
CXCL11	IFNA2	0.424
CXCL11	IFNB1	0.646
CXCL11	IFNG	0.835
CXCL11	IL10	0.724
CXCL11	IL13	0.581
CXCL11	IL15	0.663
CXCL11	IL17A	0.639
CXCL11	IL17F	0.428
CXCL11	IL18	0.728
CXCL11	IL1A	0.617
CXCL11	IL1B	0.705
CXCL11	IL2	0.605
CXCL11	IL21R	0.529
CXCL11	IL22	0.454
CXCL11	IL2RA	0.434
CXCL11	IL33	0.455
CXCL11	IL4	0.617
CXCL11	IL5	0.54
CXCL11	IL6	0.735
CXCL11	IL7	0.522
CXCL11	ITGAM	0.479
CXCL11	ITGAX	0.434
CXCL11	ITGB2	0.508
CXCL11	LAG3	0.452
CXCL11	MMP9	0.501
CXCL11	MRC1	0.422
CXCL11	MYD88	0.439
CXCL11	NFKB1	0.454
CXCL11	PDCD1LG2	0.47
CXCL11	PECAM1	0.407
CXCL11	PRF1	0.466
CXCL11	PTGS2	0.411
CXCL11	PTPRC	0.479
CXCL11	SCARB1	0.559
CXCL11	SELE	0.455
CXCL11	SELL	0.412
CXCL11	STAT1	0.755
CXCL11	STAT3	0.482
CXCL11	TBX21	0.466
CXCL11	TGFB1	0.947
CXCL11	TLR2	0.492
CXCL11	TLR4	0.507
CXCL11	TLR7	0.469
CXCL11	TNF	0.705
CXCL11	TNFRSF4	0.516
CXCL11	TNFRSF9	0.544
CXCL11	TNFSF13B	0.506
CXCL11	VCAM1	0.562
CXCL12	CXCL13	0.964
CXCL12	CXCL2	0.999
CXCL12	CXCL8	0.951
CXCL12	CXCL9	0.999
CXCL12	CXCR2	0.998
CXCL12	CXCR3	0.998
CXCL12	CXCR4	0.999
CXCL12	CXCR5	0.998
CXCL12	CXCR6	0.978
CXCL12	FASLG	0.476
CXCL12	FCGR3A	0.547
CXCL12	FCGR3B	0.541
CXCL12	FGF2	0.896
CXCL12	FOXP3	0.58
CXCL12	GFAP	0.494
CXCL12	GZMB	0.423
CXCL12	HAVCR2	0.48
CXCL12	HIF1A	0.824
CXCL12	HMOX1	0.435
CXCL12	ICAM1	0.67
CXCL12	IDO1	0.604
CXCL12	IDO2	0.495
CXCL12	IFNA1	0.507
CXCL12	IFNA2	0.565
CXCL12	IFNB1	0.434
CXCL12	IFNG	0.713
CXCL12	IL10	0.725
CXCL12	IL13	0.582
CXCL12	IL15	0.601
CXCL12	IL17A	0.632
CXCL12	IL18	0.718
CXCL12	IL1A	0.682
CXCL12	IL1B	0.755
CXCL12	IL1R1	0.651
CXCL12	IL2	0.619
CXCL12	IL22	0.447
CXCL12	IL2RA	0.401
CXCL12	IL3	0.581
CXCL12	IL33	0.509
CXCL12	IL4	0.771
CXCL12	IL5	0.675
CXCL12	IL6	0.811
CXCL12	IL6R	0.79
CXCL12	IL7	0.64
CXCL12	IL7R	0.427
CXCL12	IL9	0.418
CXCL12	ITGA4	0.533
CXCL12	ITGAL	0.428
CXCL12	ITGAM	0.676
CXCL12	ITGAX	0.494
CXCL12	ITGB1	0.678
CXCL12	ITGB2	0.709
CXCL12	KLRK1	0.406
CXCL12	LAG3	0.452
CXCL12	LCK	0.503
CXCL12	LTA	0.505
CXCL12	MMP9	0.891
CXCL12	MRC1	0.494
CXCL12	MTOR	0.439
CXCL12	MYD88	0.473
CXCL12	NCAM1	0.695
CXCL12	NFE2L2	0.51
CXCL12	NFKB1	0.564
CXCL12	NOTCH1	0.503
CXCL12	PDCD1	0.447
CXCL12	PDCD1LG2	0.48
CXCL12	PDGFRA	0.806
CXCL12	PECAM1	0.745
CXCL12	PRF1	0.453
CXCL12	PTGS2	0.534
CXCL12	PTPRC	0.827
CXCL12	PXDNL	0.542
CXCL12	S1PR1	0.624
CXCL12	S1PR5	0.552
CXCL12	SCARB1	0.402
CXCL12	SDC1	0.702
CXCL12	SELE	0.727
CXCL12	SELL	0.72
CXCL12	SELP	0.749
CXCL12	STAT1	0.663
CXCL12	STAT3	0.684
CXCL12	TGFB1	0.798
CXCL12	THY1	0.673
CXCL12	TLR2	0.527
CXCL12	TLR4	0.821
CXCL12	TLR7	0.441
CXCL12	TLR9	0.634
CXCL12	TNF	0.75
CXCL12	TNFRSF1A	0.403
CXCL12	TNFSF13B	0.623
CXCL12	TNFSF4	0.551
CXCL12	TXN	0.472
CXCL12	VCAM1	0.864
CXCL12	VWF	0.583
CXCL13	CXCL2	0.824
CXCL13	CXCL8	0.783
CXCL13	CXCL9	0.996
CXCL13	CXCR2	0.997
CXCL13	CXCR3	0.997
CXCL13	CXCR4	0.998
CXCL13	CXCR5	0.999
CXCL13	CXCR6	0.906
CXCL13	FCGR3A	0.46
CXCL13	FCGR3B	0.447
CXCL13	FOXP3	0.588
CXCL13	GZMA	0.522
CXCL13	GZMB	0.692
CXCL13	HAVCR2	0.457
CXCL13	HIF1A	0.541
CXCL13	HLA-DRB1	0.54
CXCL13	ICAM1	0.703
CXCL13	ICOS	0.752
CXCL13	IDO1	0.669
CXCL13	IFNA1	0.466
CXCL13	IFNB1	0.42
CXCL13	IFNG	0.71
CXCL13	IL10	0.674
CXCL13	IL10RA	0.513
CXCL13	IL13	0.571
CXCL13	IL15	0.515
CXCL13	IL17A	0.65
CXCL13	IL17F	0.451
CXCL13	IL18	0.476
CXCL13	IL1A	0.532
CXCL13	IL1B	0.738
CXCL13	IL2	0.584
CXCL13	IL21	0.498
CXCL13	IL21R	0.569
CXCL13	IL22	0.547
CXCL13	IL2RA	0.426
CXCL13	IL2RB	0.456
CXCL13	IL2RG	0.588
CXCL13	IL33	0.594
CXCL13	IL4	0.749
CXCL13	IL5	0.507
CXCL13	IL6	0.726
CXCL13	IL7	0.626
CXCL13	IL7R	0.515
CXCL13	IRF4	0.458
CXCL13	ITGAM	0.483
CXCL13	ITGAX	0.514
CXCL13	ITGB2	0.572
CXCL13	LAG3	0.499
CXCL13	LOC102723996	0.522
CXCL13	LTA	0.751
CXCL13	MMP9	0.701
CXCL13	MS4A1	0.498
CXCL13	MYD88	0.422
CXCL13	NFKB1	0.437
CXCL13	PDCD1	0.588
CXCL13	PDCD1LG2	0.425
CXCL13	PECAM1	0.41
CXCL13	POU2AF1	0.424
CXCL13	PRDM1	0.464
CXCL13	PRF1	0.436
CXCL13	PTPRC	0.624
CXCL13	S1PR1	0.604
CXCL13	SDC1	0.574
CXCL13	SELL	0.545
CXCL13	STAT1	0.661
CXCL13	STAT3	0.495
CXCL13	TBX21	0.496
CXCL13	TLR2	0.626
CXCL13	TLR4	0.446
CXCL13	TLR7	0.443
CXCL13	TNF	0.679
CXCL13	TNFRSF13B	0.438
CXCL13	TNFRSF1A	0.4
CXCL13	TNFRSF1B	0.413
CXCL13	TNFRSF4	0.454
CXCL13	TNFRSF9	0.456
CXCL13	TNFSF13B	0.833
CXCL13	VCAM1	0.7
CXCL2	CXCL8	0.982
CXCL2	CXCL9	0.997
CXCL2	CXCR2	0.999
CXCL2	CXCR3	0.962
CXCL2	CXCR4	0.993
CXCL2	CXCR5	0.758
CXCL2	CXCR6	0.776
CXCL2	FCGR2A	0.556
CXCL2	FCGR3A	0.424
CXCL2	FCGR3B	0.433
CXCL2	FGF2	0.422
CXCL2	FOXP3	0.458
CXCL2	HIF1A	0.425
CXCL2	ICAM1	0.704
CXCL2	IDO1	0.421
CXCL2	IFNA1	0.472
CXCL2	IFNB1	0.542
CXCL2	IFNG	0.823
CXCL2	IL10	0.883
CXCL2	IL12A	0.464
CXCL2	IL12B	0.513
CXCL2	IL13	0.585
CXCL2	IL15	0.518
CXCL2	IL17A	0.675
CXCL2	IL17F	0.492
CXCL2	IL18	0.841
CXCL2	IL1A	0.943
CXCL2	IL1B	0.968
CXCL2	IL1R1	0.647
CXCL2	IL2	0.545
CXCL2	IL22	0.612
CXCL2	IL23A	0.411
CXCL2	IL23R	0.537
CXCL2	IL33	0.549
CXCL2	IL4	0.599
CXCL2	IL5	0.501
CXCL2	IL6	0.966
CXCL2	IL7	0.603
CXCL2	IL7R	0.512
CXCL2	IL9	0.426
CXCL2	ITGAM	0.702
CXCL2	ITGAX	0.447
CXCL2	MMP9	0.566
CXCL2	MPO	0.546
CXCL2	MRC1	0.416
CXCL2	MYD88	0.538
CXCL2	NFKB1	0.969
CXCL2	NLRP3	0.574
CXCL2	NOS2	0.4
CXCL2	PECAM1	0.427
CXCL2	PTGS2	0.819
CXCL2	PTPRC	0.488
CXCL2	SDC1	0.501
CXCL2	SELE	0.515
CXCL2	SELP	0.404
CXCL2	SOD2	0.433
CXCL2	STAT1	0.455
CXCL2	STAT3	0.766
CXCL2	TGFB1	0.484
CXCL2	TLR2	0.774
CXCL2	TLR4	0.849
CXCL2	TLR9	0.427
CXCL2	TNF	0.928
CXCL2	VCAM1	0.572
CXCL8	CXCL9	0.959
CXCL8	CXCR2	0.999
CXCL8	CXCR3	0.997
CXCL8	CXCR4	0.997
CXCL8	CXCR5	0.792
CXCL8	CXCR6	0.884
CXCL8	CYBB	0.481
CXCL8	FAS	0.453
CXCL8	FASLG	0.583
CXCL8	FCGR1A	0.531
CXCL8	FCGR2A	0.676
CXCL8	FCGR2B	0.419
CXCL8	FCGR3A	0.674
CXCL8	FCGR3B	0.685
CXCL8	FGF2	0.857
CXCL8	FOXP3	0.626
CXCL8	GPX5	0.52
CXCL8	GPX6	0.518
CXCL8	GZMA	0.404
CXCL8	GZMB	0.589
CXCL8	HAVCR2	0.517
CXCL8	HIF1A	0.716
CXCL8	HMOX1	0.622
CXCL8	ICAM1	0.943
CXCL8	IDO1	0.61
CXCL8	IDO2	0.515
CXCL8	IFNA1	0.777
CXCL8	IFNA2	0.67
CXCL8	IFNB1	0.731
CXCL8	IFNG	0.961
CXCL8	IL10	0.97
CXCL8	IL10RA	0.652
CXCL8	IL12A	0.486
CXCL8	IL12B	0.615
CXCL8	IL12RB1	0.538
CXCL8	IL13	0.94
CXCL8	IL15	0.798
CXCL8	IL17A	0.924
CXCL8	IL17F	0.651
CXCL8	IL18	0.926
CXCL8	IL1A	0.974
CXCL8	IL1B	0.994
CXCL8	IL1R1	0.87
CXCL8	IL2	0.985
CXCL8	IL21R	0.557
CXCL8	IL22	0.72
CXCL8	IL23A	0.591
CXCL8	IL23R	0.4
CXCL8	IL2RA	0.677
CXCL8	IL3	0.785
CXCL8	IL33	0.799
CXCL8	IL3RA	0.409
CXCL8	IL4	0.997
CXCL8	IL4R	0.659
CXCL8	IL5	0.932
CXCL8	IL6	0.991
CXCL8	IL6R	0.806
CXCL8	IL7	0.856
CXCL8	IL7R	0.517
CXCL8	IL9	0.791
CXCL8	ITGAL	0.473
CXCL8	ITGAM	0.681
CXCL8	ITGAX	0.562
CXCL8	ITGB1	0.631
CXCL8	ITGB2	0.784
CXCL8	KLRK1	0.48
CXCL8	LAG3	0.441
CXCL8	LTA	0.818
CXCL8	MMP9	0.88
CXCL8	MPO	0.733
CXCL8	MRC1	0.551
CXCL8	MTOR	0.507
CXCL8	MYD88	0.816
CXCL8	NCAM1	0.577
CXCL8	NFE2L2	0.665
CXCL8	NFKB1	0.988
CXCL8	NLRP3	0.692
CXCL8	NOS2	0.506
CXCL8	OCLN	0.57
CXCL8	PDCD1	0.48
CXCL8	PDCD1LG2	0.493
CXCL8	PDGFRA	0.564
CXCL8	PECAM1	0.733
CXCL8	PRF1	0.588
CXCL8	PTGS2	0.975
CXCL8	PTPRC	0.608
CXCL8	PXDNL	0.601
CXCL8	S1PR1	0.53
CXCL8	SCARB1	0.517
CXCL8	SDC1	0.825
CXCL8	SELE	0.851
CXCL8	SELL	0.806
CXCL8	SELP	0.898
CXCL8	SIRT1	0.482
CXCL8	SLC2A1	0.414
CXCL8	SOD2	0.573
CXCL8	STAT1	0.765
CXCL8	STAT3	0.857
CXCL8	STAT6	0.495
CXCL8	TBX21	0.63
CXCL8	TGFB1	0.775
CXCL8	THY1	0.472
CXCL8	TJP1	0.542
CXCL8	TLR2	0.883
CXCL8	TLR4	0.933
CXCL8	TLR7	0.664
CXCL8	TLR9	0.776
CXCL8	TNF	0.983
CXCL8	TNFRSF13B	0.491
CXCL8	TNFRSF1A	0.782
CXCL8	TNFRSF1B	0.598
CXCL8	TNFRSF4	0.599
CXCL8	TNFRSF9	0.464
CXCL8	TNFSF13B	0.563
CXCL8	TREM2	0.491
CXCL8	TXN	0.417
CXCL8	VCAM1	0.857
CXCL8	VWF	0.962
CXCL9	CXCR2	0.974
CXCL9	CXCR3	0.999
CXCL9	CXCR4	0.994
CXCL9	CXCR5	0.96
CXCL9	CXCR6	0.984
CXCL9	FASLG	0.556
CXCL9	FCGR1A	0.456
CXCL9	FCGR2A	0.448
CXCL9	FCGR2B	0.649
CXCL9	FCGR3A	0.661
CXCL9	FCGR3B	0.622
CXCL9	FGF2	0.683
CXCL9	FOXP3	0.648
CXCL9	GZMA	0.819
CXCL9	GZMB	0.728
CXCL9	HAVCR2	0.599
CXCL9	HLA-DRB1	0.63
CXCL9	ICAM1	0.667
CXCL9	ICOS	0.557
CXCL9	IDO1	0.868
CXCL9	IDO2	0.489
CXCL9	IFNA1	0.728
CXCL9	IFNA2	0.802
CXCL9	IFNB1	0.741
CXCL9	IFNG	0.948
CXCL9	IL10	0.819
CXCL9	IL10RA	0.636
CXCL9	IL12RB1	0.425
CXCL9	IL12RB2	0.406
CXCL9	IL13	0.722
CXCL9	IL15	0.771
CXCL9	IL17A	0.83
CXCL9	IL17F	0.544
CXCL9	IL18	0.705
CXCL9	IL1A	0.73
CXCL9	IL1B	0.855
CXCL9	IL1R1	0.491
CXCL9	IL2	0.738
CXCL9	IL21R	0.514
CXCL9	IL22	0.597
CXCL9	IL2RA	0.673
CXCL9	IL2RB	0.631
CXCL9	IL2RG	0.617
CXCL9	IL3	0.614
CXCL9	IL33	0.586
CXCL9	IL4	0.735
CXCL9	IL5	0.718
CXCL9	IL6	0.815
CXCL9	IL6R	0.615
CXCL9	IL7	0.736
CXCL9	IL7R	0.694
CXCL9	IL9	0.626
CXCL9	IRF4	0.463
CXCL9	IRF8	0.683
CXCL9	ITGAE	0.576
CXCL9	ITGAM	0.652
CXCL9	ITGAX	0.615
CXCL9	ITGB2	0.431
CXCL9	KLRK1	0.524
CXCL9	LAG3	0.652
CXCL9	LTA	0.614
CXCL9	MMP9	0.573
CXCL9	MRC1	0.564
CXCL9	MYD88	0.519
CXCL9	NCAM1	0.427
CXCL9	NFKB1	0.51
CXCL9	NOS2	0.425
CXCL9	PDCD1	0.603
CXCL9	PDCD1LG2	0.612
CXCL9	PECAM1	0.493
CXCL9	PRF1	0.639
CXCL9	PTGS2	0.652
CXCL9	PTPRC	0.646
CXCL9	SELE	0.525
CXCL9	SELL	0.556
CXCL9	SELP	0.441
CXCL9	STAT1	0.882
CXCL9	STAT3	0.565
CXCL9	STAT4	0.613
CXCL9	STAT6	0.41
CXCL9	TBX21	0.609
CXCL9	TGFB1	0.511
CXCL9	TLR2	0.739
CXCL9	TLR4	0.619
CXCL9	TLR7	0.57
CXCL9	TLR9	0.507
CXCL9	TNF	0.815
CXCL9	TNFRSF1A	0.641
CXCL9	TNFRSF1B	0.653
CXCL9	TNFRSF4	0.459
CXCL9	TNFRSF9	0.526
CXCL9	TNFSF13B	0.56
CXCL9	TYROBP	0.486
CXCL9	VCAM1	0.675
CXCR2	CXCR3	0.86
CXCR2	CXCR4	0.992
CXCR2	CXCR5	0.841
CXCR2	CXCR6	0.73
CXCR2	FCGR1A	0.421
CXCR2	FCGR2A	0.495
CXCR2	FCGR2B	0.428
CXCR2	FCGR3A	0.601
CXCR2	FCGR3B	0.884
CXCR2	FGF2	0.417
CXCR2	FOXP3	0.453
CXCR2	GRIA1	0.655
CXCR2	GZMB	0.451
CXCR2	HAVCR2	0.426
CXCR2	HIF1A	0.45
CXCR2	ICAM1	0.596
CXCR2	IDO1	0.47
CXCR2	IFNA1	0.4
CXCR2	IFNB1	0.407
CXCR2	IFNG	0.717
CXCR2	IL10	0.624
CXCR2	IL13	0.678
CXCR2	IL15	0.642
CXCR2	IL17A	0.625
CXCR2	IL18	0.481
CXCR2	IL1A	0.731
CXCR2	IL1B	0.837
CXCR2	IL1R1	0.49
CXCR2	IL2	0.479
CXCR2	IL22	0.402
CXCR2	IL2RG	0.428
CXCR2	IL33	0.488
CXCR2	IL4	0.547
CXCR2	IL5	0.634
CXCR2	IL6	0.812
CXCR2	IL6R	0.685
CXCR2	ITGAL	0.639
CXCR2	ITGAM	0.712
CXCR2	ITGAX	0.546
CXCR2	ITGB2	0.702
CXCR2	MMP9	0.78
CXCR2	MPO	0.632
CXCR2	MRC1	0.402
CXCR2	MYD88	0.49
CXCR2	NFKB1	0.482
CXCR2	NLRP3	0.401
CXCR2	PDCD1	0.407
CXCR2	PDGFRA	0.559
CXCR2	PECAM1	0.55
CXCR2	PRF1	0.418
CXCR2	PTGS2	0.685
CXCR2	PTPRC	0.603
CXCR2	SDC1	0.493
CXCR2	SELE	0.492
CXCR2	SELL	0.816
CXCR2	SELP	0.504
CXCR2	STAT1	0.437
CXCR2	STAT3	0.601
CXCR2	TGFB1	0.485
CXCR2	TLR2	0.832
CXCR2	TLR4	0.807
CXCR2	TLR9	0.413
CXCR2	TNF	0.862
CXCR2	TNFRSF1A	0.457
CXCR2	VCAM1	0.535
CXCR3	CXCR4	0.969
CXCR3	CXCR5	0.799
CXCR3	CXCR6	0.927
CXCR3	FAS	0.572
CXCR3	FASLG	0.652
CXCR3	FCGR1A	0.407
CXCR3	FCGR2A	0.454
CXCR3	FCGR2B	0.483
CXCR3	FCGR3A	0.677
CXCR3	FCGR3B	0.674
CXCR3	FOXP3	0.846
CXCR3	GZMA	0.668
CXCR3	GZMB	0.767
CXCR3	HAVCR2	0.622
CXCR3	ICAM1	0.742
CXCR3	ICOS	0.749
CXCR3	IDO1	0.516
CXCR3	IDO2	0.419
CXCR3	IFNA1	0.595
CXCR3	IFNB1	0.521
CXCR3	IFNG	0.914
CXCR3	IL10	0.804
CXCR3	IL10RA	0.662
CXCR3	IL12RB1	0.714
CXCR3	IL12RB2	0.521
CXCR3	IL13	0.602
CXCR3	IL15	0.626
CXCR3	IL17A	0.726
CXCR3	IL17F	0.488
CXCR3	IL18	0.576
CXCR3	IL1A	0.528
CXCR3	IL1B	0.843
CXCR3	IL1R1	0.418
CXCR3	IL2	0.721
CXCR3	IL21R	0.569
CXCR3	IL22	0.585
CXCR3	IL23R	0.455
CXCR3	IL2RA	0.535
CXCR3	IL2RB	0.716
CXCR3	IL2RG	0.487
CXCR3	IL33	0.447
CXCR3	IL3RA	0.465
CXCR3	IL4	0.785
CXCR3	IL4R	0.554
CXCR3	IL5	0.583
CXCR3	IL6	0.759
CXCR3	IL6R	0.41
CXCR3	IL7	0.573
CXCR3	IL7R	0.733
CXCR3	IL9	0.446
CXCR3	IRF4	0.553
CXCR3	IRF8	0.585
CXCR3	ITGA4	0.717
CXCR3	ITGAE	0.691
CXCR3	ITGAL	0.644
CXCR3	ITGAM	0.785
CXCR3	ITGAX	0.677
CXCR3	ITGB2	0.487
CXCR3	KLRB1	0.674
CXCR3	KLRG1	0.694
CXCR3	KLRK1	0.6
CXCR3	LAG3	0.803
CXCR3	LCK	0.509
CXCR3	LOC102723996	0.418
CXCR3	LTA	0.459
CXCR3	MMP9	0.454
CXCR3	MYD88	0.798
CXCR3	NCAM1	0.626
CXCR3	NFKB1	0.402
CXCR3	PDCD1	0.715
CXCR3	PDCD1LG2	0.442
CXCR3	PECAM1	0.481
CXCR3	PRDM1	0.537
CXCR3	PRF1	0.737
CXCR3	PTPRC	0.721
CXCR3	RORC	0.541
CXCR3	S1PR1	0.66
CXCR3	SCARB1	0.447
CXCR3	SDC1	0.416
CXCR3	SELE	0.619
CXCR3	SELL	0.86
CXCR3	SELP	0.638
CXCR3	SPN	0.47
CXCR3	STAT1	0.583
CXCR3	STAT3	0.526
CXCR3	STAT4	0.504
CXCR3	STAT6	0.414
CXCR3	TBX21	0.831
CXCR3	TGFB1	0.581
CXCR3	TLR2	0.466
CXCR3	TLR4	0.49
CXCR3	TLR7	0.511
CXCR3	TLR9	0.501
CXCR3	TNF	0.817
CXCR3	TNFRSF18	0.499
CXCR3	TNFRSF1A	0.489
CXCR3	TNFRSF4	0.577
CXCR3	TNFRSF9	0.539
CXCR3	TNFSF13B	0.484
CXCR3	VCAM1	0.742
CXCR4	CXCR5	0.946
CXCR4	CXCR6	0.797
CXCR4	CYBB	0.59
CXCR4	FAS	0.512
CXCR4	FASLG	0.477
CXCR4	FCGR1A	0.429
CXCR4	FCGR2A	0.524
CXCR4	FCGR2B	0.503
CXCR4	FCGR3A	0.757
CXCR4	FCGR3B	0.755
CXCR4	FGF2	0.795
CXCR4	FOXP3	0.731
CXCR4	GFAP	0.506
CXCR4	GZMB	0.505
CXCR4	HAVCR2	0.513
CXCR4	HIF1A	0.915
CXCR4	ICAM1	0.837
CXCR4	ICOS	0.52
CXCR4	IDO1	0.573
CXCR4	IDO2	0.461
CXCR4	IFNA1	0.54
CXCR4	IFNB1	0.469
CXCR4	IFNG	0.711
CXCR4	IL10	0.68
CXCR4	IL10RA	0.458
CXCR4	IL13	0.506
CXCR4	IL15	0.55
CXCR4	IL17A	0.581
CXCR4	IL18	0.478
CXCR4	IL1A	0.745
CXCR4	IL1B	0.838
CXCR4	IL1R1	0.421
CXCR4	IL2	0.68
CXCR4	IL21R	0.513
CXCR4	IL2RA	0.407
CXCR4	IL2RG	0.45
CXCR4	IL3	0.681
CXCR4	IL3RA	0.461
CXCR4	IL4	0.611
CXCR4	IL5	0.436
CXCR4	IL6	0.921
CXCR4	IL6R	0.697
CXCR4	IL7	0.718
CXCR4	IL7R	0.589
CXCR4	IRF4	0.508
CXCR4	IRF8	0.467
CXCR4	ITGA4	0.767
CXCR4	ITGAE	0.431
CXCR4	ITGAL	0.811
CXCR4	ITGAM	0.715
CXCR4	ITGAX	0.621
CXCR4	ITGB1	0.819
CXCR4	ITGB2	0.826
CXCR4	KLRB1	0.432
CXCR4	KLRK1	0.513
CXCR4	LAG3	0.463
CXCR4	LCK	0.574
CXCR4	MMP9	0.844
CXCR4	MPO	0.423
CXCR4	MRC1	0.489
CXCR4	MTOR	0.501
CXCR4	MYD88	0.698
CXCR4	NCAM1	0.602
CXCR4	NFKB1	0.734
CXCR4	NOTCH1	0.597
CXCR4	PDCD1	0.531
CXCR4	PDCD1LG2	0.476
CXCR4	PDGFRA	0.493
CXCR4	PECAM1	0.784
CXCR4	PRDM1	0.502
CXCR4	PRF1	0.496
CXCR4	PTGS2	0.575
CXCR4	PTPRC	0.933
CXCR4	PXDNL	0.569
CXCR4	S1PR1	0.719
CXCR4	S1PR5	0.587
CXCR4	SCARB1	0.417
CXCR4	SDC1	0.571
CXCR4	SELE	0.565
CXCR4	SELL	0.803
CXCR4	SELP	0.653
CXCR4	SIRT1	0.522
CXCR4	SOX10	0.409
CXCR4	SPN	0.469
CXCR4	STAT1	0.513
CXCR4	STAT3	0.775
CXCR4	TBX21	0.459
CXCR4	TGFB1	0.794
CXCR4	THY1	0.633
CXCR4	TLR2	0.894
CXCR4	TLR4	0.824
CXCR4	TLR7	0.494
CXCR4	TLR9	0.501
CXCR4	TNF	0.814
CXCR4	TNFRSF13B	0.577
CXCR4	TNFRSF1A	0.438
CXCR4	TNFRSF1B	0.601
CXCR4	TNFRSF4	0.649
CXCR4	TNFSF13B	0.525
CXCR4	TNFSF4	0.415
CXCR4	TYROBP	0.583
CXCR4	VCAM1	0.978
CXCR4	VWF	0.632
CXCR5	CXCR6	0.737
CXCR5	FAS	0.676
CXCR5	FCGR2A	0.46
CXCR5	FCGR2B	0.501
CXCR5	FCGR3A	0.622
CXCR5	FCGR3B	0.617
CXCR5	FOXP3	0.843
CXCR5	GZMA	0.44
CXCR5	GZMB	0.736
CXCR5	HAVCR2	0.596
CXCR5	ICAM1	0.631
CXCR5	ICOS	0.95
CXCR5	ID2	0.517
CXCR5	IFNA1	0.416
CXCR5	IFNG	0.802
CXCR5	IL10	0.678
CXCR5	IL12RB1	0.469
CXCR5	IL13	0.516
CXCR5	IL15	0.497
CXCR5	IL17A	0.691
CXCR5	IL17F	0.427
CXCR5	IL1B	0.552
CXCR5	IL2	0.681
CXCR5	IL21	0.695
CXCR5	IL21R	0.842
CXCR5	IL22	0.55
CXCR5	IL2RA	0.553
CXCR5	IL2RB	0.504
CXCR5	IL2RG	0.579
CXCR5	IL4	0.79
CXCR5	IL5	0.512
CXCR5	IL6	0.7
CXCR5	IL6R	0.439
CXCR5	IL7	0.75
CXCR5	IL7R	0.83
CXCR5	IL9	0.403
CXCR5	IRF4	0.687
CXCR5	IRF8	0.498
CXCR5	ITGA4	0.476
CXCR5	ITGAE	0.54
CXCR5	ITGAL	0.426
CXCR5	ITGAM	0.592
CXCR5	ITGAX	0.654
CXCR5	KLRB1	0.495
CXCR5	KLRG1	0.586
CXCR5	LAG3	0.548
CXCR5	LCK	0.409
CXCR5	LOC102723996	0.68
CXCR5	LTA	0.731
CXCR5	MS4A1	0.658
CXCR5	NCAM1	0.505
CXCR5	PDCD1	0.714
CXCR5	PDCD1LG2	0.453
CXCR5	POU2AF1	0.59
CXCR5	PRDM1	0.697
CXCR5	PRF1	0.529
CXCR5	PTPRC	0.833
CXCR5	RORC	0.478
CXCR5	S1PR1	0.707
CXCR5	SDC1	0.677
CXCR5	SELL	0.746
CXCR5	SPN	0.481
CXCR5	STAT1	0.432
CXCR5	STAT3	0.549
CXCR5	STAT4	0.516
CXCR5	TBX21	0.737
CXCR5	TGFB1	0.405
CXCR5	TLR2	0.419
CXCR5	TLR4	0.426
CXCR5	TLR7	0.531
CXCR5	TLR9	0.499
CXCR5	TNF	0.604
CXCR5	TNFRSF13B	0.552
CXCR5	TNFRSF18	0.495
CXCR5	TNFRSF1A	0.403
CXCR5	TNFRSF4	0.617
CXCR5	TNFRSF9	0.634
CXCR5	TNFSF13B	0.629
CXCR5	TNFSF4	0.448
CXCR5	VCAM1	0.451
CXCR6	FASLG	0.776
CXCR6	FCGR3A	0.537
CXCR6	FCGR3B	0.506
CXCR6	FOXP3	0.701
CXCR6	GZMA	0.856
CXCR6	GZMB	0.684
CXCR6	HAVCR2	0.522
CXCR6	HLA-DRB1	0.55
CXCR6	ICOS	0.637
CXCR6	ID2	0.444
CXCR6	IDO1	0.461
CXCR6	IFNG	0.712
CXCR6	IL10	0.524
CXCR6	IL10RA	0.497
CXCR6	IL12RB1	0.662
CXCR6	IL13	0.404
CXCR6	IL15	0.532
CXCR6	IL17A	0.533
CXCR6	IL18	0.453
CXCR6	IL1A	0.456
CXCR6	IL1B	0.633
CXCR6	IL2	0.527
CXCR6	IL21R	0.473
CXCR6	IL22	0.455
CXCR6	IL23R	0.433
CXCR6	IL2RA	0.648
CXCR6	IL2RB	0.715
CXCR6	IL2RG	0.535
CXCR6	IL33	0.597
CXCR6	IL4	0.45
CXCR6	IL6	0.413
CXCR6	IL7	0.436
CXCR6	IL7R	0.742
CXCR6	ITGA4	0.63
CXCR6	ITGAE	0.63
CXCR6	ITGAL	0.446
CXCR6	ITGAM	0.471
CXCR6	ITGAX	0.734
CXCR6	KLRB1	0.729
CXCR6	KLRG1	0.626
CXCR6	KLRK1	0.592
CXCR6	LAG3	0.649
CXCR6	LCK	0.474
CXCR6	NCAM1	0.498
CXCR6	PDCD1	0.589
CXCR6	PRDM1	0.435
CXCR6	PRF1	0.698
CXCR6	PTPRC	0.539
CXCR6	RORC	0.451
CXCR6	S1PR1	0.554
CXCR6	S1PR5	0.419
CXCR6	SELL	0.631
CXCR6	TBX21	0.678
CXCR6	TNF	0.52
CXCR6	TNFRSF9	0.609
CXCR6	VCAM1	0.43
CYBB	FCGR1A	0.472
CYBB	FCGR2A	0.606
CYBB	FCGR2B	0.505
CYBB	FCGR3A	0.571
CYBB	FCGR3B	0.507
CYBB	GPX5	0.736
CYBB	GPX6	0.736
CYBB	GSR	0.492
CYBB	HIF1A	0.6
CYBB	HLA-DRB1	0.492
CYBB	HMOX1	0.712
CYBB	ICAM1	0.627
CYBB	IDO1	0.576
CYBB	IDO2	0.482
CYBB	IFNG	0.616
CYBB	IGHV3-43D	0.8
CYBB	IL10	0.585
CYBB	IL10RA	0.694
CYBB	IL12RB1	0.464
CYBB	IL17A	0.454
CYBB	IL18	0.533
CYBB	IL1A	0.457
CYBB	IL1B	0.746
CYBB	IL2RG	0.419
CYBB	IL4	0.475
CYBB	IL6	0.708
CYBB	IRF8	0.782
CYBB	ITGAL	0.468
CYBB	ITGAM	0.778
CYBB	ITGAX	0.533
CYBB	ITGB2	0.816
CYBB	MMP9	0.963
CYBB	MPO	0.767
CYBB	MRC1	0.495
CYBB	MTOR	0.44
CYBB	MYD88	0.739
CYBB	NEFL	0.407
CYBB	NFE2L2	0.62
CYBB	NFKB1	0.568
CYBB	NLRP3	0.574
CYBB	NOS2	0.607
CYBB	NQO1	0.533
CYBB	PECAM1	0.502
CYBB	PPARGC1A	0.468
CYBB	PTGS2	0.698
CYBB	PTPRC	0.645
CYBB	PXDNL	0.617
CYBB	SCARB1	0.49
CYBB	SELE	0.452
CYBB	SELL	0.44
CYBB	SELP	0.493
CYBB	SIRT1	0.546
CYBB	SOD1	0.876
CYBB	SOD2	0.643
CYBB	STAT1	0.562
CYBB	STAT3	0.527
CYBB	TGFB1	0.597
CYBB	TLR2	0.786
CYBB	TLR4	0.902
CYBB	TLR7	0.593
CYBB	TLR9	0.423
CYBB	TNF	0.721
CYBB	TNFRSF1A	0.53
CYBB	TREM2	0.434
CYBB	TXN	0.613
CYBB	TYROBP	0.652
CYBB	VCAM1	0.959
CYBB	VWF	0.427
FAS	FASLG	0.999
FAS	FCGR2A	0.513
FAS	FCGR2B	0.529
FAS	FCGR3A	0.671
FAS	FCGR3B	0.678
FAS	FOXP3	0.609
FAS	GZMB	0.72
FAS	HAVCR2	0.448
FAS	ICAM1	0.565
FAS	ICOS	0.713
FAS	IDO1	0.416
FAS	IFNA1	0.461
FAS	IFNB1	0.404
FAS	IFNG	0.694
FAS	IL10	0.59
FAS	IL15	0.612
FAS	IL17A	0.53
FAS	IL18	0.42
FAS	IL1A	0.609
FAS	IL1B	0.72
FAS	IL1R1	0.512
FAS	IL2	0.669
FAS	IL2RA	0.425
FAS	IL2RB	0.469
FAS	IL3RA	0.421
FAS	IL4	0.581
FAS	IL5	0.4
FAS	IL6	0.613
FAS	IL7	0.501
FAS	IL7R	0.703
FAS	IRF4	0.417
FAS	ITGA4	0.556
FAS	ITGAE	0.433
FAS	ITGAL	0.508
FAS	ITGAM	0.556
FAS	ITGAX	0.581
FAS	KLRB1	0.402
FAS	KLRG1	0.401
FAS	KLRK1	0.62
FAS	LAG3	0.447
FAS	LCK	0.683
FAS	LTA	0.573
FAS	MYD88	0.416
FAS	NCAM1	0.542
FAS	NFKB1	0.502
FAS	PDCD1	0.656
FAS	PDCD1LG2	0.454
FAS	PDGFRA	0.466
FAS	PECAM1	0.433
FAS	PRDM1	0.444
FAS	PRF1	0.649
FAS	PTPRC	0.738
FAS	PXDNL	0.464
FAS	SDC1	0.623
FAS	SELL	0.705
FAS	SPN	0.503
FAS	STAT1	0.481
FAS	STAT3	0.49
FAS	TBX21	0.491
FAS	TGFB1	0.421
FAS	THY1	0.481
FAS	TLR4	0.51
FAS	TLR7	0.447
FAS	TLR9	0.416
FAS	TNF	0.997
FAS	TNFRSF13B	0.416
FAS	TNFRSF18	0.4
FAS	TNFRSF1A	0.999
FAS	TNFRSF1B	0.673
FAS	TNFRSF4	0.623
FAS	TNFRSF9	0.497
FAS	TNFSF13B	0.565
FASLG	FCGR3A	0.602
FASLG	FCGR3B	0.588
FASLG	FGF2	0.445
FASLG	FOXP3	0.679
FASLG	GZMA	0.889
FASLG	GZMB	0.942
FASLG	HAVCR2	0.77
FASLG	HIF1A	0.492
FASLG	HMOX1	0.616
FASLG	ICAM1	0.777
FASLG	ICOS	0.617
FASLG	IDO1	0.775
FASLG	IDO2	0.715
FASLG	IFNA1	0.581
FASLG	IFNB1	0.505
FASLG	IFNG	0.933
FASLG	IL10	0.885
FASLG	IL12RB1	0.417
FASLG	IL12RB2	0.586
FASLG	IL13	0.58
FASLG	IL15	0.628
FASLG	IL17A	0.62
FASLG	IL18	0.609
FASLG	IL1A	0.584
FASLG	IL1B	0.8
FASLG	IL1R1	0.59
FASLG	IL2	0.824
FASLG	IL22	0.465
FASLG	IL2RA	0.563
FASLG	IL2RB	0.74
FASLG	IL3	0.452
FASLG	IL4	0.679
FASLG	IL5	0.517
FASLG	IL6	0.697
FASLG	IL7	0.544
FASLG	IL7R	0.525
FASLG	IL9	0.402
FASLG	IRF4	0.405
FASLG	ITGAE	0.418
FASLG	ITGAL	0.646
FASLG	ITGAM	0.715
FASLG	ITGAX	0.498
FASLG	ITGB2	0.413
FASLG	KLRB1	0.56
FASLG	KLRG1	0.588
FASLG	KLRK1	0.771
FASLG	LAG3	0.768
FASLG	LCK	0.634
FASLG	MMP9	0.562
FASLG	MPO	0.404
FASLG	MTOR	0.419
FASLG	MYD88	0.578
FASLG	NCAM1	0.59
FASLG	NFKB1	0.684
FASLG	NLRP3	0.441
FASLG	PDCD1	0.846
FASLG	PDCD1LG2	0.746
FASLG	PDGFRA	0.508
FASLG	PRDM1	0.416
FASLG	PRF1	0.992
FASLG	PTGS2	0.447
FASLG	PTPRC	0.621
FASLG	PXDNL	0.56
FASLG	SELL	0.594
FASLG	SOD1	0.519
FASLG	STAT1	0.529
FASLG	STAT3	0.893
FASLG	STAT4	0.477
FASLG	STAT6	0.654
FASLG	TBX21	0.789
FASLG	TGFB1	0.724
FASLG	THY1	0.4
FASLG	TLR2	0.693
FASLG	TLR4	0.591
FASLG	TLR7	0.476
FASLG	TLR9	0.481
FASLG	TNF	0.984
FASLG	TNFRSF18	0.462
FASLG	TNFRSF1A	0.998
FASLG	TNFRSF1B	0.783
FASLG	TNFRSF4	0.523
FASLG	TNFRSF9	0.609
FASLG	TNFSF13B	0.653
FASLG	TNFSF4	0.455
FASLG	VCAM1	0.489
FCGR1A	FCGR2A	0.923
FCGR1A	FCGR2B	0.838
FCGR1A	FCGR3A	0.989
FCGR1A	FCGR3B	0.872
FCGR1A	FOXP3	0.545
FCGR1A	GZMA	0.53
FCGR1A	GZMB	0.482
FCGR1A	HAVCR2	0.413
FCGR1A	ICAM1	0.524
FCGR1A	IFNA1	0.445
FCGR1A	IFNB1	0.411
FCGR1A	IFNG	0.716
FCGR1A	IL10	0.631
FCGR1A	IL10RA	0.427
FCGR1A	IL13	0.509
FCGR1A	IL15	0.413
FCGR1A	IL17A	0.504
FCGR1A	IL18	0.401
FCGR1A	IL1A	0.662
FCGR1A	IL1B	0.651
FCGR1A	IL2	0.545
FCGR1A	IL3	0.416
FCGR1A	IL3RA	0.776
FCGR1A	IL4	0.609
FCGR1A	IL5	0.432
FCGR1A	IL6	0.723
FCGR1A	IL7R	0.413
FCGR1A	IRF4	0.4
FCGR1A	IRF8	0.502
FCGR1A	ITGA4	0.414
FCGR1A	ITGAE	0.697
FCGR1A	ITGAL	0.553
FCGR1A	ITGAM	0.851
FCGR1A	ITGAX	0.816
FCGR1A	ITGB2	0.659
FCGR1A	MMP9	0.423
FCGR1A	MOG	0.401
FCGR1A	MPO	0.623
FCGR1A	MRC1	0.835
FCGR1A	MYD88	0.414
FCGR1A	NCAM1	0.822
FCGR1A	NOTCH1	0.53
FCGR1A	PDCD1LG2	0.496
FCGR1A	PECAM1	0.555
FCGR1A	PRF1	0.421
FCGR1A	PTPRC	0.805
FCGR1A	SCARB1	0.694
FCGR1A	SDC1	0.617
FCGR1A	SELL	0.613
FCGR1A	SPN	0.425
FCGR1A	STAT1	0.88
FCGR1A	STAT3	0.417
FCGR1A	TLR2	0.632
FCGR1A	TLR4	0.643
FCGR1A	TLR7	0.561
FCGR1A	TLR9	0.468
FCGR1A	TNF	0.648
FCGR1A	TNFRSF1A	0.583
FCGR1A	TNFRSF9	0.497
FCGR1A	TNFSF13B	0.472
FCGR1A	TREM2	0.711
FCGR1A	TYROBP	0.706
FCGR2A	FCGR2B	0.892
FCGR2A	FCGR3A	0.917
FCGR2A	FCGR3B	0.617
FCGR2A	FOXP3	0.72
FCGR2A	GZMB	0.517
FCGR2A	HAVCR2	0.48
FCGR2A	HLA-DRB1	0.434
FCGR2A	ICAM1	0.54
FCGR2A	ICOS	0.442
FCGR2A	IFNA1	0.521
FCGR2A	IFNB1	0.452
FCGR2A	IFNG	0.741
FCGR2A	IL10	0.691
FCGR2A	IL10RA	0.46
FCGR2A	IL13	0.544
FCGR2A	IL15	0.443
FCGR2A	IL17A	0.617
FCGR2A	IL17F	0.407
FCGR2A	IL18	0.623
FCGR2A	IL1A	0.505
FCGR2A	IL1B	0.679
FCGR2A	IL1R1	0.409
FCGR2A	IL2	0.62
FCGR2A	IL2RB	0.409
FCGR2A	IL3	0.432
FCGR2A	IL3RA	0.488
FCGR2A	IL4	0.652
FCGR2A	IL4R	0.417
FCGR2A	IL5	0.493
FCGR2A	IL6	0.656
FCGR2A	IL6R	0.404
FCGR2A	IL7	0.407
FCGR2A	IL7R	0.609
FCGR2A	ITGA4	0.449
FCGR2A	ITGAE	0.578
FCGR2A	ITGAL	0.535
FCGR2A	ITGAM	0.882
FCGR2A	ITGAX	0.875
FCGR2A	ITGB2	0.813
FCGR2A	KLRG1	0.481
FCGR2A	MPO	0.462
FCGR2A	MRC1	0.717
FCGR2A	MYD88	0.496
FCGR2A	NCAM1	0.483
FCGR2A	PDCD1	0.428
FCGR2A	PDCD1LG2	0.453
FCGR2A	PECAM1	0.684
FCGR2A	PRF1	0.449
FCGR2A	PTPRC	0.886
FCGR2A	PXDNL	0.47
FCGR2A	S1PR1	0.496
FCGR2A	SCARB1	0.5
FCGR2A	SDC1	0.675
FCGR2A	SELL	0.73
FCGR2A	SELP	0.547
FCGR2A	SPN	0.52
FCGR2A	STAT1	0.425
FCGR2A	STAT3	0.416
FCGR2A	TBX21	0.475
FCGR2A	TGFB1	0.416
FCGR2A	THY1	0.469
FCGR2A	TLR2	0.785
FCGR2A	TLR4	0.818
FCGR2A	TLR7	0.564
FCGR2A	TLR9	0.756
FCGR2A	TNF	0.719
FCGR2A	TNFRSF1A	0.675
FCGR2A	TNFRSF1B	0.408
FCGR2A	TNFRSF9	0.622
FCGR2A	TNFSF13B	0.524
FCGR2A	TREM2	0.423
FCGR2A	TYROBP	0.761
FCGR2A	VWF	0.743
FCGR2B	FCGR3A	0.744
FCGR2B	FCGR3B	0.556
FCGR2B	FOXP3	0.737
FCGR2B	GZMB	0.538
FCGR2B	HAVCR2	0.638
FCGR2B	HLA-DRB1	0.543
FCGR2B	ICAM1	0.523
FCGR2B	ICOS	0.477
FCGR2B	IFNA1	0.49
FCGR2B	IFNB1	0.436
FCGR2B	IFNG	0.749
FCGR2B	IGHV3-43D	0.9
FCGR2B	IL10	0.699
FCGR2B	IL10RA	0.514
FCGR2B	IL13	0.565
FCGR2B	IL15	0.438
FCGR2B	IL17A	0.622
FCGR2B	IL18	0.628
FCGR2B	IL1A	0.483
FCGR2B	IL1B	0.66
FCGR2B	IL2	0.62
FCGR2B	IL23R	0.402
FCGR2B	IL2RB	0.424
FCGR2B	IL3	0.442
FCGR2B	IL33	0.454
FCGR2B	IL3RA	0.479
FCGR2B	IL4	0.683
FCGR2B	IL4R	0.436
FCGR2B	IL5	0.52
FCGR2B	IL6	0.653
FCGR2B	IL7	0.422
FCGR2B	IL7R	0.607
FCGR2B	IRF8	0.479
FCGR2B	ITGA4	0.448
FCGR2B	ITGAE	0.588
FCGR2B	ITGAL	0.543
FCGR2B	ITGAM	0.916
FCGR2B	ITGAX	0.838
FCGR2B	ITGB2	0.777
FCGR2B	KLRG1	0.508
FCGR2B	LAG3	0.422
FCGR2B	LCK	0.421
FCGR2B	MRC1	0.756
FCGR2B	MYD88	0.662
FCGR2B	NCAM1	0.61
FCGR2B	PDCD1	0.465
FCGR2B	PDCD1LG2	0.465
FCGR2B	PECAM1	0.677
FCGR2B	PRF1	0.447
FCGR2B	PTPRC	0.918
FCGR2B	PXDNL	0.473
FCGR2B	SCARB1	0.519
FCGR2B	SDC1	0.706
FCGR2B	SELL	0.784
FCGR2B	SPN	0.561
FCGR2B	STAT1	0.42
FCGR2B	TBX21	0.536
FCGR2B	TGFB1	0.412
FCGR2B	THY1	0.479
FCGR2B	TLR2	0.727
FCGR2B	TLR4	0.645
FCGR2B	TLR7	0.597
FCGR2B	TLR9	0.541
FCGR2B	TNF	0.723
FCGR2B	TNFRSF1A	0.49
FCGR2B	TNFRSF4	0.568
FCGR2B	TNFSF13B	0.572
FCGR2B	TREM2	0.476
FCGR2B	TYROBP	0.592
FCGR3A	FCGR3B	0.978
FCGR3A	FOXP3	0.822
FCGR3A	GZMA	0.626
FCGR3A	GZMB	0.799
FCGR3A	HAVCR2	0.703
FCGR3A	HLA-DRB1	0.5
FCGR3A	ICAM1	0.767
FCGR3A	ICOS	0.624
FCGR3A	IDO1	0.556
FCGR3A	IDO2	0.45
FCGR3A	IFNA1	0.659
FCGR3A	IFNA2	0.447
FCGR3A	IFNB1	0.57
FCGR3A	IFNG	0.926
FCGR3A	IL10	0.805
FCGR3A	IL10RA	0.712
FCGR3A	IL12RB1	0.669
FCGR3A	IL13	0.685
FCGR3A	IL15	0.924
FCGR3A	IL17A	0.808
FCGR3A	IL17F	0.405
FCGR3A	IL18	0.673
FCGR3A	IL1A	0.627
FCGR3A	IL1B	0.785
FCGR3A	IL1R1	0.456
FCGR3A	IL2	0.878
FCGR3A	IL22	0.582
FCGR3A	IL2RA	0.573
FCGR3A	IL2RB	0.596
FCGR3A	IL2RG	0.539
FCGR3A	IL3	0.601
FCGR3A	IL33	0.536
FCGR3A	IL3RA	0.807
FCGR3A	IL4	0.787
FCGR3A	IL4R	0.52
FCGR3A	IL5	0.641
FCGR3A	IL6	0.796
FCGR3A	IL6R	0.442
FCGR3A	IL7	0.617
FCGR3A	IL7R	0.858
FCGR3A	IL9	0.462
FCGR3A	IRF4	0.452
FCGR3A	IRF8	0.561
FCGR3A	ITGA4	0.609
FCGR3A	ITGAE	0.71
FCGR3A	ITGAL	0.828
FCGR3A	ITGAM	0.948
FCGR3A	ITGAX	0.907
FCGR3A	ITGB1	0.437
FCGR3A	ITGB2	0.777
FCGR3A	KLRB1	0.831
FCGR3A	KLRG1	0.615
FCGR3A	KLRK1	0.954
FCGR3A	LAG3	0.663
FCGR3A	LCK	0.806
FCGR3A	LOC102723996	0.422
FCGR3A	MMP9	0.54
FCGR3A	MOG	0.447
FCGR3A	MPO	0.743
FCGR3A	MRC1	0.81
FCGR3A	MS4A1	0.483
FCGR3A	MYD88	0.578
FCGR3A	NCAM1	0.991
FCGR3A	NFKB1	0.487
FCGR3A	NLRP3	0.495
FCGR3A	NOS2	0.41
FCGR3A	PDCD1	0.833
FCGR3A	PDCD1LG2	0.769
FCGR3A	PECAM1	0.781
FCGR3A	PRDM1	0.411
FCGR3A	PRF1	0.891
FCGR3A	PTPRC	0.913
FCGR3A	PXDNL	0.575
FCGR3A	SCARB1	0.918
FCGR3A	SDC1	0.623
FCGR3A	SELE	0.594
FCGR3A	SELL	0.852
FCGR3A	SELP	0.562
FCGR3A	SPN	0.674
FCGR3A	STAT1	0.577
FCGR3A	STAT3	0.676
FCGR3A	STAT4	0.407
FCGR3A	STAT6	0.477
FCGR3A	TBX21	0.681
FCGR3A	TGFB1	0.56
FCGR3A	THY1	0.587
FCGR3A	TLR2	0.777
FCGR3A	TLR4	0.941
FCGR3A	TLR7	0.653
FCGR3A	TLR9	0.755
FCGR3A	TNF	0.872
FCGR3A	TNFRSF18	0.463
FCGR3A	TNFRSF1A	0.647
FCGR3A	TNFRSF1B	0.482
FCGR3A	TNFRSF4	0.548
FCGR3A	TNFRSF9	0.752
FCGR3A	TNFSF13B	0.607
FCGR3A	TNFSF4	0.593
FCGR3A	TREM2	0.563
FCGR3A	TYROBP	0.99
FCGR3A	VCAM1	0.505
FCGR3A	VWF	0.433
FCGR3B	FOXP3	0.821
FCGR3B	GZMA	0.586
FCGR3B	GZMB	0.765
FCGR3B	HAVCR2	0.676
FCGR3B	HLA-DRB1	0.437
FCGR3B	ICAM1	0.767
FCGR3B	ICOS	0.619
FCGR3B	IDO1	0.556
FCGR3B	IDO2	0.433
FCGR3B	IFNA1	0.653
FCGR3B	IFNA2	0.446
FCGR3B	IFNB1	0.57
FCGR3B	IFNG	0.926
FCGR3B	IL10	0.802
FCGR3B	IL10RA	0.67
FCGR3B	IL12RB1	0.49
FCGR3B	IL13	0.683
FCGR3B	IL15	0.923
FCGR3B	IL17A	0.808
FCGR3B	IL17F	0.405
FCGR3B	IL18	0.653
FCGR3B	IL1A	0.627
FCGR3B	IL1B	0.783
FCGR3B	IL1R1	0.447
FCGR3B	IL2	0.879
FCGR3B	IL22	0.555
FCGR3B	IL2RA	0.551
FCGR3B	IL2RB	0.591
FCGR3B	IL2RG	0.542
FCGR3B	IL3	0.6
FCGR3B	IL33	0.524
FCGR3B	IL3RA	0.798
FCGR3B	IL4	0.787
FCGR3B	IL4R	0.503
FCGR3B	IL5	0.637
FCGR3B	IL6	0.796
FCGR3B	IL6R	0.437
FCGR3B	IL7	0.612
FCGR3B	IL7R	0.853
FCGR3B	IL9	0.461
FCGR3B	IRF4	0.453
FCGR3B	IRF8	0.505
FCGR3B	ITGA4	0.61
FCGR3B	ITGAE	0.71
FCGR3B	ITGAL	0.828
FCGR3B	ITGAM	0.959
FCGR3B	ITGAX	0.901
FCGR3B	ITGB1	0.437
FCGR3B	ITGB2	0.831
FCGR3B	KLRB1	0.813
FCGR3B	KLRG1	0.616
FCGR3B	KLRK1	0.926
FCGR3B	LAG3	0.654
FCGR3B	LCK	0.753
FCGR3B	LOC102723996	0.411
FCGR3B	MMP9	0.504
FCGR3B	MOG	0.435
FCGR3B	MPO	0.744
FCGR3B	MRC1	0.791
FCGR3B	MS4A1	0.518
FCGR3B	MYD88	0.567
FCGR3B	NCAM1	0.991
FCGR3B	NFKB1	0.473
FCGR3B	NLRP3	0.431
FCGR3B	NOS2	0.41
FCGR3B	PDCD1	0.831
FCGR3B	PDCD1LG2	0.759
FCGR3B	PECAM1	0.744
FCGR3B	PRDM1	0.411
FCGR3B	PRF1	0.889
FCGR3B	PTGS2	0.419
FCGR3B	PTPRC	0.908
FCGR3B	PXDNL	0.558
FCGR3B	SCARB1	0.917
FCGR3B	SDC1	0.616
FCGR3B	SELE	0.584
FCGR3B	SELL	0.856
FCGR3B	SELP	0.56
FCGR3B	SPN	0.678
FCGR3B	STAT1	0.584
FCGR3B	STAT3	0.676
FCGR3B	STAT6	0.463
FCGR3B	TBX21	0.656
FCGR3B	TGFB1	0.555
FCGR3B	THY1	0.587
FCGR3B	TLR2	0.673
FCGR3B	TLR4	0.912
FCGR3B	TLR7	0.642
FCGR3B	TLR9	0.758
FCGR3B	TNF	0.873
FCGR3B	TNFRSF18	0.461
FCGR3B	TNFRSF1A	0.432
FCGR3B	TNFRSF1B	0.484
FCGR3B	TNFRSF4	0.526
FCGR3B	TNFRSF9	0.723
FCGR3B	TNFSF13B	0.548
FCGR3B	TNFSF4	0.585
FCGR3B	TREM2	0.47
FCGR3B	TYROBP	0.951
FCGR3B	VCAM1	0.523
FGF2	GFAP	0.759
FGF2	HIF1A	0.727
FGF2	HMOX1	0.464
FGF2	ICAM1	0.752
FGF2	IDO1	0.452
FGF2	IFNA1	0.454
FGF2	IFNA2	0.863
FGF2	IFNG	0.676
FGF2	IL10	0.822
FGF2	IL13	0.717
FGF2	IL15	0.608
FGF2	IL17A	0.747
FGF2	IL17F	0.513
FGF2	IL18	0.476
FGF2	IL1A	0.718
FGF2	IL1B	0.896
FGF2	IL2	0.74
FGF2	IL23A	0.419
FGF2	IL2RG	0.5
FGF2	IL3	0.602
FGF2	IL33	0.415
FGF2	IL4	0.666
FGF2	IL5	0.616
FGF2	IL6	0.882
FGF2	IL7	0.767
FGF2	IL7R	0.591
FGF2	IL9	0.717
FGF2	ITGAM	0.551
FGF2	ITGB1	0.651
FGF2	LTA	0.525
FGF2	MBP	0.579
FGF2	MMP9	0.919
FGF2	MTOR	0.518
FGF2	NCAM1	0.544
FGF2	NFKB1	0.506
FGF2	NOTCH1	0.56
FGF2	NTRK2	0.908
FGF2	OCLN	0.444
FGF2	OLIG1	0.456
FGF2	OLIG2	0.659
FGF2	PDGFRA	0.982
FGF2	PECAM1	0.801
FGF2	PTGS2	0.79
FGF2	PTPRC	0.682
FGF2	PXDNL	0.695
FGF2	SDC1	0.997
FGF2	SELE	0.519
FGF2	SELP	0.437
FGF2	SIRT1	0.411
FGF2	SLC2A1	0.613
FGF2	SOX10	0.546
FGF2	STAT1	0.413
FGF2	STAT3	0.835
FGF2	STAT6	0.624
FGF2	TGFB1	0.982
FGF2	THY1	0.726
FGF2	TJP1	0.543
FGF2	TLR2	0.513
FGF2	TLR4	0.655
FGF2	TLR9	0.596
FGF2	TNF	0.732
FGF2	TNFSF13B	0.447
FGF2	VCAM1	0.613
FGF2	VWF	0.669
FOXP3	GZMA	0.617
FOXP3	GZMB	0.823
FOXP3	HAVCR2	0.787
FOXP3	HIF1A	0.988
FOXP3	HLA-DRB1	0.477
FOXP3	HMOX1	0.636
FOXP3	ICAM1	0.59
FOXP3	ICOS	0.881
FOXP3	IDO1	0.879
FOXP3	IDO2	0.841
FOXP3	IFNA1	0.623
FOXP3	IFNB1	0.581
FOXP3	IFNG	0.982
FOXP3	IL10	0.955
FOXP3	IL10RA	0.616
FOXP3	IL12RB1	0.505
FOXP3	IL12RB2	0.552
FOXP3	IL13	0.808
FOXP3	IL15	0.807
FOXP3	IL17A	0.953
FOXP3	IL17F	0.803
FOXP3	IL18	0.637
FOXP3	IL1A	0.669
FOXP3	IL1B	0.843
FOXP3	IL1R1	0.52
FOXP3	IL2	0.991
FOXP3	IL21	0.592
FOXP3	IL21R	0.69
FOXP3	IL22	0.779
FOXP3	IL23A	0.577
FOXP3	IL23R	0.65
FOXP3	IL2RA	0.97
FOXP3	IL2RB	0.655
FOXP3	IL2RG	0.754
FOXP3	IL3	0.494
FOXP3	IL33	0.651
FOXP3	IL3RA	0.571
FOXP3	IL4	0.925
FOXP3	IL4R	0.571
FOXP3	IL5	0.806
FOXP3	IL6	0.913
FOXP3	IL6R	0.664
FOXP3	IL7	0.677
FOXP3	IL7R	0.871
FOXP3	IL9	0.792
FOXP3	IRF4	0.896
FOXP3	IRF8	0.501
FOXP3	ITGA4	0.67
FOXP3	ITGAE	0.865
FOXP3	ITGAL	0.493
FOXP3	ITGAM	0.855
FOXP3	ITGAX	0.875
FOXP3	KLRB1	0.624
FOXP3	KLRG1	0.732
FOXP3	KLRK1	0.611
FOXP3	LAG3	0.807
FOXP3	LCK	0.586
FOXP3	LOC102723996	0.633
FOXP3	LTA	0.468
FOXP3	MBP	0.51
FOXP3	MMP9	0.529
FOXP3	MOG	0.718
FOXP3	MPO	0.485
FOXP3	MRC1	0.677
FOXP3	MS4A1	0.404
FOXP3	MTOR	0.577
FOXP3	MYD88	0.719
FOXP3	NCAM1	0.708
FOXP3	NFKB1	0.744
FOXP3	NLRP3	0.421
FOXP3	NOS2	0.475
FOXP3	NOTCH1	0.401
FOXP3	PDCD1	0.799
FOXP3	PDCD1LG2	0.738
FOXP3	PECAM1	0.596
FOXP3	PRDM1	0.607
FOXP3	PRF1	0.837
FOXP3	PTGS2	0.505
FOXP3	PTPRC	0.879
FOXP3	PXDNL	0.619
FOXP3	RORC	0.987
FOXP3	S1PR1	0.478
FOXP3	SCARB1	0.413
FOXP3	SDC1	0.589
FOXP3	SELE	0.427
FOXP3	SELL	0.862
FOXP3	SELP	0.473
FOXP3	SIRT1	0.726
FOXP3	SLC2A1	0.418
FOXP3	SPN	0.478
FOXP3	STAT1	0.849
FOXP3	STAT3	0.984
FOXP3	STAT4	0.653
FOXP3	STAT6	0.683
FOXP3	TBX21	0.934
FOXP3	TGFB1	0.865
FOXP3	THY1	0.62
FOXP3	TLR2	0.663
FOXP3	TLR4	0.68
FOXP3	TLR7	0.611
FOXP3	TLR9	0.631
FOXP3	TNF	0.909
FOXP3	TNFRSF18	0.957
FOXP3	TNFRSF1A	0.532
FOXP3	TNFRSF1B	0.507
FOXP3	TNFRSF4	0.754
FOXP3	TNFRSF9	0.681
FOXP3	TNFSF13B	0.55
FOXP3	TNFSF4	0.636
FOXP3	VCAM1	0.509
GFAP	GRIA1	0.585
GFAP	GRIN1	0.693
GFAP	HMOX1	0.451
GFAP	ICAM1	0.493
GFAP	IFNG	0.566
GFAP	IL10	0.589
GFAP	IL1A	0.608
GFAP	IL1B	0.82
GFAP	IL4	0.423
GFAP	IL6	0.782
GFAP	IL6R	0.441
GFAP	ITGAM	0.715
GFAP	ITGB1	0.413
GFAP	LINGO1	0.498
GFAP	MAG	0.682
GFAP	MBP	0.876
GFAP	MMP9	0.496
GFAP	MOG	0.722
GFAP	MPO	0.415
GFAP	MRC1	0.439
GFAP	NCAM1	0.696
GFAP	NEFL	0.726
GFAP	NFKB1	0.427
GFAP	NLRP3	0.484
GFAP	NOTCH1	0.47
GFAP	NTRK2	0.669
GFAP	OCLN	0.504
GFAP	OLIG1	0.77
GFAP	OLIG2	0.919
GFAP	PDGFRA	0.727
GFAP	PECAM1	0.684
GFAP	PLP1	0.737
GFAP	PTGS2	0.453
GFAP	PTPRC	0.619
GFAP	PXDNL	0.809
GFAP	SCARB1	0.465
GFAP	SOD1	0.718
GFAP	SOX10	0.733
GFAP	STAT1	0.427
GFAP	STAT3	0.59
GFAP	TGFB1	0.503
GFAP	THY1	0.619
GFAP	TJP1	0.57
GFAP	TLR2	0.404
GFAP	TLR4	0.632
GFAP	TNF	0.705
GFAP	TREM2	0.6
GFAP	VCAM1	0.416
GFAP	VWF	0.587
GPR17	ITGA4	0.701
GPR17	ITGAL	0.545
GPR17	MBP	0.441
GPR17	MOG	0.402
GPR17	MYRF	0.507
GPR17	OLIG1	0.574
GPR17	OLIG2	0.575
GPR17	PDGFRA	0.47
GPR17	PLP1	0.476
GPR17	PTPRC	0.447
GPR17	SELL	0.483
GPR17	SOX10	0.515
GPX5	GPX6	0.902
GPX5	GSR	0.998
GPX5	HIF1A	0.531
GPX5	HMGCR	0.494
GPX5	HMOX1	0.842
GPX5	ICAM1	0.501
GPX5	IFNG	0.549
GPX5	IL10	0.628
GPX5	IL17A	0.438
GPX5	IL18	0.403
GPX5	IL1A	0.546
GPX5	IL1B	0.743
GPX5	IL2	0.475
GPX5	IL4	0.481
GPX5	IL6	0.732
GPX5	MMP9	0.519
GPX5	MOG	0.428
GPX5	MPO	0.716
GPX5	MTOR	0.451
GPX5	NFE2L2	0.805
GPX5	NFKB1	0.551
GPX5	NLRP3	0.418
GPX5	NOS2	0.536
GPX5	NQO1	0.732
GPX5	OCLN	0.449
GPX5	PPARGC1A	0.957
GPX5	PTGS2	0.681
GPX5	PXDNL	0.703
GPX5	SELE	0.422
GPX5	SIRT1	0.611
GPX5	SOD1	0.883
GPX5	SOD2	0.902
GPX5	STAT3	0.464
GPX5	TFAM	0.451
GPX5	TGFB1	0.516
GPX5	TLR4	0.526
GPX5	TNF	0.728
GPX5	TXN	0.909
GPX5	VCAM1	0.475
GPX6	GSR	0.997
GPX6	HIF1A	0.531
GPX6	HMGCR	0.494
GPX6	HMOX1	0.842
GPX6	ICAM1	0.501
GPX6	IFNG	0.549
GPX6	IL10	0.628
GPX6	IL17A	0.4
GPX6	IL18	0.404
GPX6	IL1A	0.543
GPX6	IL1B	0.743
GPX6	IL2	0.472
GPX6	IL4	0.479
GPX6	IL6	0.732
GPX6	MMP9	0.519
GPX6	MPO	0.715
GPX6	MTOR	0.451
GPX6	NFE2L2	0.802
GPX6	NFKB1	0.551
GPX6	NLRP3	0.411
GPX6	NOS2	0.529
GPX6	NQO1	0.732
GPX6	OCLN	0.449
GPX6	PPARGC1A	0.957
GPX6	PTGS2	0.679
GPX6	PXDNL	0.703
GPX6	SELE	0.413
GPX6	SIRT1	0.611
GPX6	SOD1	0.883
GPX6	SOD2	0.902
GPX6	STAT3	0.457
GPX6	TFAM	0.451
GPX6	TGFB1	0.516
GPX6	TLR4	0.526
GPX6	TNF	0.727
GPX6	TXN	0.909
GPX6	VCAM1	0.476
GRIA1	GRIN1	0.907
GRIA1	GSR	0.817
GRIA1	MTOR	0.487
GRIA1	NEFL	0.661
GRIA1	NTRK2	0.667
GRIA1	PXDNL	0.522
GRIA1	TJP1	0.566
GRIN1	GSR	0.563
GRIN1	MAG	0.421
GRIN1	NEFL	0.869
GRIN1	NTRK2	0.708
GSR	HIF1A	0.44
GSR	HMOX1	0.761
GSR	IFNG	0.416
GSR	IL10	0.422
GSR	IL1B	0.584
GSR	IL2	0.445
GSR	IL6	0.561
GSR	MPO	0.497
GSR	NFE2L2	0.93
GSR	NFKB1	0.421
GSR	NOS2	0.426
GSR	NQO1	0.835
GSR	PPARGC1A	0.403
GSR	PTGS2	0.522
GSR	PXDNL	0.639
GSR	SIRT1	0.482
GSR	SLC2A1	0.475
GSR	SOD1	0.744
GSR	SOD2	0.814
GSR	TJP1	0.445
GSR	TNF	0.531
GSR	TXN	0.916
GZMA	GZMB	0.904
GZMA	HAVCR2	0.692
GZMA	HLA-DRB1	0.489
GZMA	ICOS	0.723
GZMA	IDO1	0.728
GZMA	IFNG	0.841
GZMA	IL10	0.613
GZMA	IL10RA	0.492
GZMA	IL12RB1	0.422
GZMA	IL13	0.4
GZMA	IL15	0.576
GZMA	IL17A	0.509
GZMA	IL18	0.455
GZMA	IL1B	0.491
GZMA	IL2	0.737
GZMA	IL2RA	0.538
GZMA	IL2RB	0.901
GZMA	IL2RG	0.436
GZMA	IL4	0.476
GZMA	IL6	0.48
GZMA	IL7	0.418
GZMA	IL7R	0.713
GZMA	ITGA4	0.564
GZMA	ITGAE	0.49
GZMA	ITGAL	0.565
GZMA	ITGAM	0.494
GZMA	ITGAX	0.453
GZMA	ITGB2	0.626
GZMA	KLRB1	0.944
GZMA	KLRG1	0.748
GZMA	KLRK1	0.788
GZMA	LAG3	0.805
GZMA	LCK	0.58
GZMA	MMP9	0.558
GZMA	MS4A1	0.497
GZMA	NCAM1	0.587
GZMA	PDCD1	0.778
GZMA	PDCD1LG2	0.48
GZMA	PECAM1	0.414
GZMA	PRDM1	0.482
GZMA	PRF1	0.998
GZMA	PTPRC	0.6
GZMA	RORC	0.409
GZMA	S1PR1	0.406
GZMA	SELL	0.597
GZMA	STAT1	0.506
GZMA	STAT4	0.529
GZMA	TBX21	0.77
GZMA	TNF	0.617
GZMA	TNFRSF18	0.444
GZMA	TNFRSF4	0.484
GZMA	TNFRSF9	0.517
GZMA	TYROBP	0.513
GZMB	HAVCR2	0.819
GZMB	HIF1A	0.425
GZMB	HLA-DRB1	0.472
GZMB	ICAM1	0.536
GZMB	ICOS	0.739
GZMB	ID2	0.434
GZMB	IDO1	0.693
GZMB	IDO2	0.525
GZMB	IFNA1	0.743
GZMB	IFNB1	0.509
GZMB	IFNG	0.956
GZMB	IL10	0.787
GZMB	IL10RA	0.656
GZMB	IL12RB1	0.535
GZMB	IL12RB2	0.536
GZMB	IL13	0.591
GZMB	IL15	0.791
GZMB	IL17A	0.73
GZMB	IL17F	0.439
GZMB	IL18	0.624
GZMB	IL1A	0.695
GZMB	IL1B	0.765
GZMB	IL1R1	0.59
GZMB	IL2	0.887
GZMB	IL21	0.432
GZMB	IL21R	0.68
GZMB	IL22	0.712
GZMB	IL23R	0.597
GZMB	IL2RA	0.662
GZMB	IL2RB	0.907
GZMB	IL2RG	0.564
GZMB	IL3	0.417
GZMB	IL33	0.443
GZMB	IL3RA	0.504
GZMB	IL4	0.698
GZMB	IL4R	0.412
GZMB	IL5	0.592
GZMB	IL6	0.677
GZMB	IL7	0.636
GZMB	IL7R	0.772
GZMB	IL9	0.463
GZMB	IRF4	0.559
GZMB	IRF8	0.474
GZMB	ITGA4	0.499
GZMB	ITGAE	0.7
GZMB	ITGAL	0.673
GZMB	ITGAM	0.733
GZMB	ITGAX	0.713
GZMB	ITGB2	0.652
GZMB	KLRB1	0.787
GZMB	KLRG1	0.771
GZMB	KLRK1	0.816
GZMB	LAG3	0.93
GZMB	LCK	0.738
GZMB	LOC102723996	0.454
GZMB	LTA	0.441
GZMB	MMP9	0.464
GZMB	MPO	0.412
GZMB	MRC1	0.511
GZMB	MS4A1	0.431
GZMB	MYD88	0.432
GZMB	NCAM1	0.871
GZMB	NFKB1	0.499
GZMB	NLRP3	0.416
GZMB	PDCD1	0.832
GZMB	PDCD1LG2	0.582
GZMB	PDGFRA	0.476
GZMB	PECAM1	0.533
GZMB	PRDM1	0.659
GZMB	PRF1	0.999
GZMB	PTPRC	0.775
GZMB	PXDNL	0.423
GZMB	RORC	0.516
GZMB	S1PR1	0.521
GZMB	S1PR5	0.43
GZMB	SDC1	0.445
GZMB	SELE	0.535
GZMB	SELL	0.778
GZMB	SPN	0.588
GZMB	STAT1	0.614
GZMB	STAT3	0.59
GZMB	STAT4	0.619
GZMB	STAT6	0.407
GZMB	TBX21	0.918
GZMB	TGFB1	0.546
GZMB	TLR2	0.534
GZMB	TLR4	0.529
GZMB	TLR7	0.502
GZMB	TLR9	0.489
GZMB	TNF	0.87
GZMB	TNFRSF18	0.626
GZMB	TNFRSF1A	0.464
GZMB	TNFRSF4	0.664
GZMB	TNFRSF9	0.795
GZMB	TNFSF13B	0.486
GZMB	TNFSF4	0.655
GZMB	TYROBP	0.555
GZMB	VCAM1	0.43
HAVCR2	HIF1A	0.4
HAVCR2	HLA-DRB1	0.529
HAVCR2	ICAM1	0.405
HAVCR2	ICOS	0.761
HAVCR2	IDO1	0.773
HAVCR2	IDO2	0.605
HAVCR2	IFNA1	0.507
HAVCR2	IFNB1	0.416
HAVCR2	IFNG	0.885
HAVCR2	IGHV3-43D	0.908
HAVCR2	IL10	0.862
HAVCR2	IL10RA	0.409
HAVCR2	IL13	0.627
HAVCR2	IL15	0.626
HAVCR2	IL17A	0.602
HAVCR2	IL18	0.518
HAVCR2	IL1A	0.433
HAVCR2	IL1B	0.549
HAVCR2	IL2	0.737
HAVCR2	IL2RA	0.798
HAVCR2	IL2RB	0.495
HAVCR2	IL3RA	0.53
HAVCR2	IL4	0.719
HAVCR2	IL5	0.404
HAVCR2	IL6	0.749
HAVCR2	IL7	0.571
HAVCR2	IL7R	0.788
HAVCR2	IRF4	0.461
HAVCR2	ITGAE	0.619
HAVCR2	ITGAM	0.643
HAVCR2	ITGAX	0.645
HAVCR2	ITGB2	0.407
HAVCR2	KLRB1	0.523
HAVCR2	KLRG1	0.712
HAVCR2	KLRK1	0.678
HAVCR2	LAG3	0.922
HAVCR2	LCK	0.935
HAVCR2	LOC102723996	0.691
HAVCR2	MOG	0.469
HAVCR2	MRC1	0.5
HAVCR2	NCAM1	0.604
HAVCR2	NFKB1	0.435
HAVCR2	PDCD1	0.891
HAVCR2	PDCD1LG2	0.925
HAVCR2	PRDM1	0.523
HAVCR2	PRF1	0.754
HAVCR2	PTPRC	0.792
HAVCR2	SELL	0.789
HAVCR2	SPN	0.546
HAVCR2	STAT1	0.543
HAVCR2	STAT3	0.584
HAVCR2	STAT4	0.47
HAVCR2	STAT6	0.401
HAVCR2	TBX21	0.701
HAVCR2	TGFB1	0.66
HAVCR2	TLR2	0.454
HAVCR2	TLR4	0.505
HAVCR2	TLR7	0.653
HAVCR2	TLR9	0.452
HAVCR2	TNF	0.779
HAVCR2	TNFRSF18	0.824
HAVCR2	TNFRSF4	0.778
HAVCR2	TNFRSF9	0.809
HAVCR2	TNFSF4	0.579
HAVCR2	TYROBP	0.451
HIF1A	HMGCR	0.451
HIF1A	HMOX1	0.701
HIF1A	ICAM1	0.684
HIF1A	IDO1	0.519
HIF1A	IDO2	0.43
HIF1A	IFNA1	0.44
HIF1A	IFNG	0.665
HIF1A	IL10	0.751
HIF1A	IL13	0.696
HIF1A	IL17A	0.602
HIF1A	IL18	0.48
HIF1A	IL1A	0.625
HIF1A	IL1B	0.771
HIF1A	IL1R1	0.434
HIF1A	IL2	0.583
HIF1A	IL4	0.585
HIF1A	IL6	0.8
HIF1A	IRF4	0.697
HIF1A	ITGAM	0.549
HIF1A	ITGAX	0.406
HIF1A	ITGB1	0.478
HIF1A	MMP9	0.824
HIF1A	MPO	0.434
HIF1A	MRC1	0.484
HIF1A	MTOR	0.789
HIF1A	MYD88	0.507
HIF1A	NFE2L2	0.75
HIF1A	NFKB1	0.816
HIF1A	NLRP3	0.662
HIF1A	NOS2	0.523
HIF1A	NOTCH1	0.993
HIF1A	NQO1	0.852
HIF1A	OCLN	0.459
HIF1A	PDCD1	0.474
HIF1A	PDGFRA	0.489
HIF1A	PECAM1	0.733
HIF1A	PPARGC1A	0.758
HIF1A	PRDM1	0.6
HIF1A	PRKAA1	0.404
HIF1A	PTGS2	0.831
HIF1A	PTPRC	0.553
HIF1A	PXDNL	0.737
HIF1A	RORC	0.587
HIF1A	SCARB1	0.521
HIF1A	SDC1	0.518
HIF1A	SELE	0.451
HIF1A	SIRT1	0.927
HIF1A	SLC2A1	0.902
HIF1A	SOD1	0.511
HIF1A	SOD2	0.639
HIF1A	STAT1	0.748
HIF1A	STAT3	0.994
HIF1A	STAT6	0.744
HIF1A	TFAM	0.718
HIF1A	TGFB1	0.838
HIF1A	THY1	0.447
HIF1A	TJP1	0.511
HIF1A	TLR2	0.499
HIF1A	TLR4	0.657
HIF1A	TLR9	0.51
HIF1A	TNF	0.818
HIF1A	TNFRSF1A	0.402
HIF1A	TXN	0.602
HIF1A	VCAM1	0.604
HIF1A	VWF	0.518
HLA-DRB1	IFNG	0.83
HLA-DRB1	IL10	0.549
HLA-DRB1	IL17A	0.507
HLA-DRB1	IL1B	0.497
HLA-DRB1	IL2	0.546
HLA-DRB1	IL23R	0.417
HLA-DRB1	IL2RA	0.54
HLA-DRB1	IL2RB	0.42
HLA-DRB1	IL4	0.509
HLA-DRB1	IL6	0.675
HLA-DRB1	IL7R	0.492
HLA-DRB1	IRF8	0.507
HLA-DRB1	ITGAM	0.622
HLA-DRB1	ITGB2	0.63
HLA-DRB1	LAG3	0.75
HLA-DRB1	LCK	0.602
HLA-DRB1	LTA	0.604
HLA-DRB1	MBP	0.851
HLA-DRB1	MOG	0.487
HLA-DRB1	MS4A1	0.455
HLA-DRB1	PDCD1	0.769
HLA-DRB1	PDCD1LG2	0.629
HLA-DRB1	PRF1	0.687
HLA-DRB1	PTPRC	0.739
HLA-DRB1	SOD2	0.479
HLA-DRB1	STAT1	0.681
HLA-DRB1	STAT4	0.616
HLA-DRB1	TLR2	0.643
HLA-DRB1	TLR4	0.449
HLA-DRB1	TNF	0.842
HLA-DRB1	TREM2	0.42
HLA-DRB1	TYROBP	0.495
HMGCR	HMOX1	0.562
HMGCR	ICAM1	0.475
HMGCR	IFNG	0.416
HMGCR	IL1B	0.543
HMGCR	IL6	0.59
HMGCR	MMP9	0.432
HMGCR	MTOR	0.492
HMGCR	NFKB1	0.411
HMGCR	PPARGC1A	0.532
HMGCR	PRKAA1	0.938
HMGCR	PTGS2	0.463
HMGCR	PXDNL	0.476
HMGCR	SCARB1	0.787
HMGCR	SIRT1	0.586
HMGCR	STAT3	0.453
HMGCR	TNF	0.572
HMGCR	VCAM1	0.418
HMOX1	ICAM1	0.675
HMOX1	IDO1	0.533
HMOX1	IDO2	0.476
HMOX1	IFNB1	0.4
HMOX1	IFNG	0.633
HMOX1	IL10	0.726
HMOX1	IL13	0.855
HMOX1	IL17A	0.478
HMOX1	IL18	0.514
HMOX1	IL1A	0.591
HMOX1	IL1B	0.817
HMOX1	IL2	0.461
HMOX1	IL4	0.878
HMOX1	IL6	0.81
HMOX1	ITGAM	0.468
HMOX1	MMP9	0.656
HMOX1	MPO	0.64
HMOX1	MRC1	0.453
HMOX1	MTOR	0.527
HMOX1	MYD88	0.553
HMOX1	NFE2L2	0.989
HMOX1	NFKB1	0.652
HMOX1	NLRP3	0.892
HMOX1	NOS2	0.716
HMOX1	NQO1	0.916
HMOX1	OCLN	0.478
HMOX1	PECAM1	0.43
HMOX1	PPARGC1A	0.654
HMOX1	PTGS2	0.789
HMOX1	PTPRC	0.41
HMOX1	PXDNL	0.696
HMOX1	SCARB1	0.489
HMOX1	SELE	0.518
HMOX1	SELP	0.425
HMOX1	SIRT1	0.733
HMOX1	SOD1	0.741
HMOX1	SOD2	0.743
HMOX1	STAT1	0.537
HMOX1	STAT3	0.849
HMOX1	TFAM	0.51
HMOX1	TGFB1	0.646
HMOX1	TJP1	0.482
HMOX1	TLR2	0.496
HMOX1	TLR4	0.719
HMOX1	TNF	0.792
HMOX1	TNFRSF1A	0.435
HMOX1	TXN	0.774
HMOX1	VCAM1	0.62
HMOX1	VWF	0.413
ICAM1	ICOS	0.614
ICAM1	IDO1	0.603
ICAM1	IDO2	0.475
ICAM1	IFNA1	0.723
ICAM1	IFNB1	0.583
ICAM1	IFNG	0.902
ICAM1	IL10	0.873
ICAM1	IL13	0.768
ICAM1	IL15	0.767
ICAM1	IL17A	0.697
ICAM1	IL18	0.673
ICAM1	IL1A	0.807
ICAM1	IL1B	0.912
ICAM1	IL1R1	0.811
ICAM1	IL2	0.8
ICAM1	IL22	0.509
ICAM1	IL23R	0.563
ICAM1	IL2RA	0.759
ICAM1	IL2RG	0.599
ICAM1	IL3	0.513
ICAM1	IL33	0.507
ICAM1	IL4	0.811
ICAM1	IL5	0.622
ICAM1	IL6	0.947
ICAM1	IL6R	0.681
ICAM1	IL7	0.728
ICAM1	IL7R	0.662
ICAM1	IL9	0.418
ICAM1	ITGA4	0.986
ICAM1	ITGAE	0.471
ICAM1	ITGAL	0.999
ICAM1	ITGAM	0.999
ICAM1	ITGAX	0.982
ICAM1	ITGB1	0.967
ICAM1	ITGB2	0.999
ICAM1	KLRK1	0.735
ICAM1	LAG3	0.59
ICAM1	LCK	0.501
ICAM1	LTA	0.553
ICAM1	MMP9	0.791
ICAM1	MPO	0.769
ICAM1	MRC1	0.522
ICAM1	MTOR	0.413
ICAM1	MYD88	0.623
ICAM1	NCAM1	0.586
ICAM1	NFE2L2	0.504
ICAM1	NFKB1	0.903
ICAM1	NLRP3	0.549
ICAM1	NOS2	0.608
ICAM1	NOTCH1	0.609
ICAM1	OCLN	0.691
ICAM1	PDCD1	0.435
ICAM1	PDCD1LG2	0.525
ICAM1	PDGFRA	0.541
ICAM1	PECAM1	0.873
ICAM1	PRF1	0.573
ICAM1	PTGS2	0.835
ICAM1	PTPRC	0.828
ICAM1	PXDNL	0.633
ICAM1	S1PR1	0.738
ICAM1	SCARB1	0.815
ICAM1	SDC1	0.505
ICAM1	SELE	0.949
ICAM1	SELL	0.927
ICAM1	SELP	0.932
ICAM1	SIRT1	0.494
ICAM1	SOD2	0.502
ICAM1	SPN	0.977
ICAM1	STAT1	0.805
ICAM1	STAT3	0.832
ICAM1	STAT6	0.719
ICAM1	TBX21	0.447
ICAM1	TGFB1	0.73
ICAM1	THY1	0.611
ICAM1	TJP1	0.584
ICAM1	TLR2	0.714
ICAM1	TLR4	0.768
ICAM1	TLR7	0.506
ICAM1	TLR9	0.708
ICAM1	TNF	0.944
ICAM1	TNFRSF1A	0.742
ICAM1	TNFRSF1B	0.754
ICAM1	TNFRSF4	0.667
ICAM1	TNFRSF9	0.567
ICAM1	TNFSF13B	0.515
ICAM1	TNFSF4	0.432
ICAM1	VCAM1	0.999
ICAM1	VWF	0.769
ICOS	ID2	0.435
ICOS	IDO1	0.737
ICOS	IDO2	0.634
ICOS	IFNA1	0.432
ICOS	IFNG	0.894
ICOS	IGHV3-43D	0.904
ICOS	IL10	0.847
ICOS	IL10RA	0.494
ICOS	IL12RB1	0.46
ICOS	IL12RB2	0.44
ICOS	IL13	0.62
ICOS	IL15	0.59
ICOS	IL17A	0.8
ICOS	IL17F	0.469
ICOS	IL18	0.705
ICOS	IL1A	0.401
ICOS	IL1B	0.496
ICOS	IL1R1	0.668
ICOS	IL2	0.854
ICOS	IL21	0.811
ICOS	IL21R	0.832
ICOS	IL22	0.585
ICOS	IL23R	0.457
ICOS	IL2RA	0.681
ICOS	IL2RB	0.685
ICOS	IL2RG	0.52
ICOS	IL33	0.548
ICOS	IL3RA	0.466
ICOS	IL4	0.836
ICOS	IL4R	0.65
ICOS	IL5	0.616
ICOS	IL6	0.643
ICOS	IL6R	0.435
ICOS	IL7	0.603
ICOS	IL7R	0.872
ICOS	IL9	0.511
ICOS	IRF4	0.685
ICOS	IRF8	0.453
ICOS	ITGA4	0.462
ICOS	ITGAE	0.639
ICOS	ITGAL	0.459
ICOS	ITGAM	0.625
ICOS	ITGAX	0.646
ICOS	KLRB1	0.678
ICOS	KLRG1	0.746
ICOS	KLRK1	0.556
ICOS	LAG3	0.807
ICOS	LCK	0.761
ICOS	LOC102723996	0.999
ICOS	LTA	0.47
ICOS	MS4A1	0.622
ICOS	NCAM1	0.485
ICOS	NFKB1	0.443
ICOS	PDCD1	0.941
ICOS	PDCD1LG2	0.972
ICOS	PRDM1	0.66
ICOS	PRF1	0.641
ICOS	PTPRC	0.765
ICOS	RORC	0.512
ICOS	S1PR1	0.419
ICOS	SDC1	0.534
ICOS	SELL	0.733
ICOS	STAT1	0.507
ICOS	STAT3	0.598
ICOS	STAT4	0.602
ICOS	STAT6	0.434
ICOS	TBX21	0.775
ICOS	TGFB1	0.431
ICOS	THY1	0.436
ICOS	TLR2	0.41
ICOS	TLR4	0.405
ICOS	TLR7	0.473
ICOS	TLR9	0.448
ICOS	TNF	0.86
ICOS	TNFRSF13B	0.832
ICOS	TNFRSF18	0.816
ICOS	TNFRSF1A	0.418
ICOS	TNFRSF4	0.921
ICOS	TNFRSF9	0.914
ICOS	TNFSF13B	0.87
ICOS	TNFSF4	0.942
ID2	IFNG	0.458
ID2	IL15	0.447
ID2	IL17A	0.448
ID2	IL2	0.416
ID2	IL22	0.445
ID2	IL2RB	0.466
ID2	IL7	0.48
ID2	IL7R	0.75
ID2	IRF4	0.57
ID2	IRF8	0.646
ID2	ITGAE	0.514
ID2	ITGAM	0.457
ID2	ITGAX	0.453
ID2	KLRG1	0.569
ID2	LCK	0.4
ID2	LTA	0.51
ID2	NOTCH1	0.47
ID2	OLIG1	0.905
ID2	OLIG2	0.896
ID2	PRDM1	0.595
ID2	PTPRC	0.665
ID2	RORC	0.481
ID2	SELL	0.437
ID2	SOX10	0.431
ID2	TBX21	0.661
IDO1	IDO2	0.919
IDO1	IFNA1	0.67
IDO1	IFNA2	0.419
IDO1	IFNB1	0.594
IDO1	IFNG	0.93
IDO1	IL10	0.857
IDO1	IL10RA	0.404
IDO1	IL13	0.607
IDO1	IL15	0.659
IDO1	IL17A	0.804
IDO1	IL18	0.529
IDO1	IL1A	0.614
IDO1	IL1B	0.748
IDO1	IL2	0.808
IDO1	IL22	0.557
IDO1	IL2RA	0.614
IDO1	IL3RA	0.463
IDO1	IL4	0.7
IDO1	IL5	0.494
IDO1	IL6	0.791
IDO1	IL7	0.487
IDO1	IL7R	0.466
IDO1	IRF4	0.417
IDO1	IRF8	0.424
IDO1	ITGAE	0.578
IDO1	ITGAM	0.79
IDO1	ITGAX	0.765
IDO1	ITGB1	0.402
IDO1	KLRK1	0.604
IDO1	LAG3	0.825
IDO1	LOC102723996	0.587
IDO1	MMP9	0.508
IDO1	MRC1	0.56
IDO1	MTOR	0.475
IDO1	MYD88	0.483
IDO1	NCAM1	0.456
IDO1	NFKB1	0.658
IDO1	NOS2	0.529
IDO1	PDCD1	0.769
IDO1	PDCD1LG2	0.798
IDO1	PECAM1	0.456
IDO1	PRF1	0.649
IDO1	PTGS2	0.621
IDO1	PTPRC	0.643
IDO1	SELL	0.488
IDO1	SLC2A1	0.444
IDO1	STAT1	0.807
IDO1	STAT3	0.631
IDO1	STAT6	0.424
IDO1	TBX21	0.527
IDO1	TGFB1	0.673
IDO1	THY1	0.544
IDO1	TLR2	0.573
IDO1	TLR4	0.627
IDO1	TLR7	0.56
IDO1	TLR9	0.582
IDO1	TNF	0.758
IDO1	TNFRSF18	0.868
IDO1	TNFRSF4	0.64
IDO1	TNFRSF9	0.83
IDO1	TNFSF13B	0.461
IDO1	TNFSF4	0.507
IDO1	VCAM1	0.505
IDO2	IFNA1	0.597
IDO2	IFNB1	0.48
IDO2	IFNG	0.875
IDO2	IL10	0.824
IDO2	IL13	0.54
IDO2	IL15	0.497
IDO2	IL17A	0.764
IDO2	IL18	0.447
IDO2	IL1A	0.549
IDO2	IL1B	0.669
IDO2	IL2	0.767
IDO2	IL22	0.483
IDO2	IL2RA	0.526
IDO2	IL4	0.629
IDO2	IL5	0.458
IDO2	IL6	0.71
IDO2	IL7	0.404
IDO2	ITGAE	0.504
IDO2	ITGAM	0.727
IDO2	ITGAX	0.702
IDO2	KLRK1	0.513
IDO2	LAG3	0.637
IDO2	LOC102723996	0.503
IDO2	MRC1	0.429
IDO2	NFKB1	0.569
IDO2	NOS2	0.435
IDO2	PDCD1	0.623
IDO2	PDCD1LG2	0.616
IDO2	PRF1	0.573
IDO2	PTGS2	0.521
IDO2	PTPRC	0.537
IDO2	STAT1	0.622
IDO2	STAT3	0.541
IDO2	TBX21	0.402
IDO2	TGFB1	0.585
IDO2	THY1	0.48
IDO2	TLR2	0.443
IDO2	TLR4	0.527
IDO2	TLR7	0.458
IDO2	TLR9	0.505
IDO2	TNF	0.681
IDO2	TNFRSF18	0.804
IDO2	TNFRSF4	0.535
IDO2	TNFRSF9	0.763
IDO2	TNFSF4	0.42
IDO2	VCAM1	0.412
IFNA1	IFNA2	0.663
IFNA1	IFNB1	0.993
IFNA1	IFNG	0.954
IFNA1	IGHV3-43D	0.9
IFNA1	IL10	0.852
IFNA1	IL10RA	0.787
IFNA1	IL12RB1	0.862
IFNA1	IL12RB2	0.781
IFNA1	IL13	0.713
IFNA1	IL15	0.768
IFNA1	IL17A	0.79
IFNA1	IL17F	0.675
IFNA1	IL18	0.849
IFNA1	IL1A	0.776
IFNA1	IL1B	0.849
IFNA1	IL1R1	0.703
IFNA1	IL2	0.881
IFNA1	IL21R	0.758
IFNA1	IL22	0.764
IFNA1	IL23R	0.837
IFNA1	IL2RA	0.843
IFNA1	IL2RB	0.752
IFNA1	IL2RG	0.778
IFNA1	IL3	0.767
IFNA1	IL33	0.575
IFNA1	IL3RA	0.861
IFNA1	IL4	0.794
IFNA1	IL4R	0.779
IFNA1	IL5	0.716
IFNA1	IL6	0.927
IFNA1	IL6R	0.803
IFNA1	IL7	0.697
IFNA1	IL7R	0.808
IFNA1	IL9	0.747
IFNA1	IRF4	0.489
IFNA1	IRF8	0.716
IFNA1	ITGAE	0.519
IFNA1	ITGAM	0.634
IFNA1	ITGAX	0.706
IFNA1	KLRK1	0.582
IFNA1	LAG3	0.48
IFNA1	LOC102723996	0.421
IFNA1	LTA	0.72
IFNA1	MMP9	0.473
IFNA1	MPO	0.441
IFNA1	MTOR	0.57
IFNA1	MYD88	0.861
IFNA1	NCAM1	0.592
IFNA1	NFKB1	0.901
IFNA1	NLRP3	0.552
IFNA1	NOS2	0.635
IFNA1	PDCD1	0.578
IFNA1	PDCD1LG2	0.49
IFNA1	PDGFRA	0.768
IFNA1	PRF1	0.622
IFNA1	PTGS2	0.457
IFNA1	PTPRC	0.621
IFNA1	PXDNL	0.515
IFNA1	SCARB1	0.408
IFNA1	SELE	0.4
IFNA1	SELL	0.505
IFNA1	STAT1	0.96
IFNA1	STAT3	0.696
IFNA1	STAT4	0.776
IFNA1	STAT6	0.505
IFNA1	TBX21	0.663
IFNA1	TGFB1	0.57
IFNA1	TLR2	0.792
IFNA1	TLR4	0.807
IFNA1	TLR7	0.92
IFNA1	TLR9	0.899
IFNA1	TNF	0.928
IFNA1	TNFRSF1A	0.514
IFNA1	TNFRSF4	0.448
IFNA1	TNFRSF9	0.447
IFNA1	TNFSF13B	0.658
IFNA1	TNFSF4	0.446
IFNA1	VCAM1	0.445
IFNA2	IFNB1	0.798
IFNA2	IFNG	0.968
IFNA2	IL10	0.89
IFNA2	IL10RA	0.722
IFNA2	IL12RB1	0.791
IFNA2	IL12RB2	0.788
IFNA2	IL13	0.607
IFNA2	IL15	0.779
IFNA2	IL17A	0.671
IFNA2	IL18	0.726
IFNA2	IL1A	0.897
IFNA2	IL1B	0.913
IFNA2	IL1R1	0.402
IFNA2	IL2	0.892
IFNA2	IL21R	0.693
IFNA2	IL22	0.688
IFNA2	IL23R	0.694
IFNA2	IL2RA	0.793
IFNA2	IL2RB	0.702
IFNA2	IL2RG	0.722
IFNA2	IL3	0.858
IFNA2	IL33	0.407
IFNA2	IL3RA	0.861
IFNA2	IL4	0.628
IFNA2	IL4R	0.716
IFNA2	IL5	0.627
IFNA2	IL6	0.903
IFNA2	IL6R	0.752
IFNA2	IL7	0.769
IFNA2	IL7R	0.74
IFNA2	IL9	0.753
IFNA2	IRF8	0.595
IFNA2	ITGAM	0.407
IFNA2	ITGAX	0.447
IFNA2	LTA	0.765
IFNA2	MMP9	0.556
IFNA2	MTOR	0.473
IFNA2	MYD88	0.688
IFNA2	NCAM1	0.418
IFNA2	NFKB1	0.863
IFNA2	PDCD1	0.418
IFNA2	PDGFRA	0.771
IFNA2	PTPRC	0.418
IFNA2	STAT1	0.912
IFNA2	STAT3	0.474
IFNA2	STAT4	0.497
IFNA2	TGFB1	0.581
IFNA2	TLR2	0.422
IFNA2	TLR4	0.663
IFNA2	TLR7	0.868
IFNA2	TLR9	0.833
IFNA2	TNF	0.842
IFNA2	TNFSF13B	0.449
IFNB1	IFNG	0.95
IFNB1	IL10	0.809
IFNB1	IL10RA	0.773
IFNB1	IL12RB1	0.777
IFNB1	IL12RB2	0.755
IFNB1	IL13	0.622
IFNB1	IL15	0.617
IFNB1	IL17A	0.718
IFNB1	IL17F	0.605
IFNB1	IL18	0.717
IFNB1	IL1A	0.75
IFNB1	IL1B	0.881
IFNB1	IL1R1	0.747
IFNB1	IL2	0.73
IFNB1	IL21R	0.716
IFNB1	IL22	0.738
IFNB1	IL23A	0.415
IFNB1	IL23R	0.744
IFNB1	IL2RA	0.778
IFNB1	IL2RB	0.729
IFNB1	IL2RG	0.733
IFNB1	IL3	0.481
IFNB1	IL33	0.655
IFNB1	IL3RA	0.848
IFNB1	IL4	0.72
IFNB1	IL4R	0.776
IFNB1	IL5	0.585
IFNB1	IL6	0.922
IFNB1	IL6R	0.795
IFNB1	IL7	0.721
IFNB1	IL7R	0.77
IFNB1	IL9	0.502
IFNB1	IRF4	0.464
IFNB1	IRF8	0.751
IFNB1	ITGAE	0.433
IFNB1	ITGAM	0.62
IFNB1	ITGAX	0.726
IFNB1	KLRK1	0.432
IFNB1	LTA	0.483
IFNB1	MBP	0.538
IFNB1	MMP9	0.51
IFNB1	MOG	0.588
IFNB1	MRC1	0.416
IFNB1	MYD88	0.955
IFNB1	NCAM1	0.448
IFNB1	NFKB1	0.928
IFNB1	NLRP3	0.616
IFNB1	NOS2	0.479
IFNB1	PDCD1	0.432
IFNB1	PDGFRA	0.719
IFNB1	PRF1	0.506
IFNB1	PTGS2	0.522
IFNB1	PTPRC	0.581
IFNB1	PXDNL	0.515
IFNB1	SELL	0.409
IFNB1	STAT1	0.954
IFNB1	STAT3	0.741
IFNB1	STAT4	0.476
IFNB1	STAT6	0.544
IFNB1	TBX21	0.474
IFNB1	TGFB1	0.506
IFNB1	TLR2	0.91
IFNB1	TLR4	0.998
IFNB1	TLR7	0.891
IFNB1	TLR9	0.874
IFNB1	TNF	0.919
IFNB1	TNFRSF1A	0.577
IFNB1	TNFSF13B	0.542
IFNB1	VCAM1	0.477
IFNG	IL10	0.995
IFNG	IL10RA	0.912
IFNG	IL12A	0.461
IFNG	IL12B	0.74
IFNG	IL12RB1	0.955
IFNG	IL12RB2	0.949
IFNG	IL13	0.961
IFNG	IL15	0.939
IFNG	IL17A	0.978
IFNG	IL17F	0.882
IFNG	IL18	0.949
IFNG	IL1A	0.971
IFNG	IL1B	0.998
IFNG	IL1R1	0.726
IFNG	IL2	0.99
IFNG	IL21	0.747
IFNG	IL21R	0.872
IFNG	IL22	0.939
IFNG	IL23A	0.73
IFNG	IL23R	0.959
IFNG	IL2RA	0.967
IFNG	IL2RB	0.934
IFNG	IL2RG	0.91
IFNG	IL3	0.983
IFNG	IL33	0.778
IFNG	IL3RA	0.847
IFNG	IL4	0.99
IFNG	IL4R	0.962
IFNG	IL5	0.96
IFNG	IL6	0.983
IFNG	IL6R	0.896
IFNG	IL7	0.9
IFNG	IL7R	0.926
IFNG	IL9	0.838
IFNG	IRF4	0.7
IFNG	IRF8	0.859
IFNG	ITGA4	0.692
IFNG	ITGAE	0.77
IFNG	ITGAL	0.657
IFNG	ITGAM	0.92
IFNG	ITGAX	0.928
IFNG	ITGB1	0.511
IFNG	ITGB2	0.62
IFNG	KLRB1	0.826
IFNG	KLRG1	0.796
IFNG	KLRK1	0.841
IFNG	LAG3	0.877
IFNG	LCK	0.749
IFNG	LOC102723996	0.621
IFNG	LTA	0.861
IFNG	MBP	0.667
IFNG	MMP9	0.751
IFNG	MOG	0.823
IFNG	MPO	0.789
IFNG	MRC1	0.79
IFNG	MTOR	0.61
IFNG	MYD88	0.899
IFNG	NCAM1	0.863
IFNG	NEFL	0.551
IFNG	NFE2L2	0.515
IFNG	NFKB1	0.932
IFNG	NLRP3	0.669
IFNG	NOS2	0.862
IFNG	NOTCH1	0.471
IFNG	OCLN	0.711
IFNG	PDCD1	0.915
IFNG	PDCD1LG2	0.834
IFNG	PDGFRA	0.784
IFNG	PECAM1	0.656
IFNG	PRDM1	0.642
IFNG	PRF1	0.95
IFNG	PTGS2	0.816
IFNG	PTPRC	0.924
IFNG	PXDNL	0.782
IFNG	RORC	0.782
IFNG	S1PR1	0.526
IFNG	SCARB1	0.601
IFNG	SDC1	0.586
IFNG	SELE	0.693
IFNG	SELL	0.87
IFNG	SELP	0.645
IFNG	SIRT1	0.596
IFNG	SLC2A1	0.473
IFNG	SOD1	0.424
IFNG	SPN	0.564
IFNG	STAT1	0.986
IFNG	STAT3	0.907
IFNG	STAT4	0.981
IFNG	STAT6	0.9
IFNG	TBX21	0.964
IFNG	TGFB1	0.888
IFNG	THY1	0.69
IFNG	TJP1	0.598
IFNG	TLR2	0.918
IFNG	TLR4	0.946
IFNG	TLR7	0.867
IFNG	TLR9	0.891
IFNG	TNF	0.991
IFNG	TNFRSF13B	0.734
IFNG	TNFRSF18	0.694
IFNG	TNFRSF1A	0.919
IFNG	TNFRSF1B	0.801
IFNG	TNFRSF4	0.733
IFNG	TNFRSF9	0.801
IFNG	TNFSF13B	0.765
IFNG	TNFSF4	0.669
IFNG	TREM2	0.705
IFNG	TXN	0.503
IFNG	TYROBP	0.541
IFNG	VCAM1	0.748
IFNG	VWF	0.515
IGHV3-43D	IL12B	0.902
IGHV3-43D	IL13	0.9
IGHV3-43D	IL17A	0.9
IGHV3-43D	IL17F	0.9
IGHV3-43D	IL1B	0.9
IGHV3-43D	IL21R	0.902
IGHV3-43D	IL23A	0.8
IGHV3-43D	IL4R	0.907
IGHV3-43D	IL6	0.904
IGHV3-43D	IL6R	0.9
IGHV3-43D	ITGAL	0.904
IGHV3-43D	LAG3	0.908
IGHV3-43D	LINGO1	0.906
IGHV3-43D	LOC102723996	0.9
IGHV3-43D	MS4A1	0.905
IGHV3-43D	PDCD1	0.9
IGHV3-43D	TNF	0.901
IL10	IL10RA	0.999
IL10	IL12A	0.62
IL10	IL12B	0.725
IL10	IL12RB1	0.922
IL10	IL12RB2	0.93
IL10	IL13	0.952
IL10	IL15	0.914
IL10	IL17A	0.98
IL10	IL17F	0.874
IL10	IL18	0.955
IL10	IL1A	0.971
IL10	IL1B	0.991
IL10	IL1R1	0.917
IL10	IL2	0.964
IL10	IL21	0.651
IL10	IL21R	0.845
IL10	IL22	0.944
IL10	IL23A	0.838
IL10	IL23R	0.97
IL10	IL2RA	0.972
IL10	IL2RB	0.928
IL10	IL2RG	0.895
IL10	IL3	0.781
IL10	IL33	0.793
IL10	IL3RA	0.824
IL10	IL4	0.986
IL10	IL4R	0.965
IL10	IL5	0.982
IL10	IL6	0.997
IL10	IL6R	0.923
IL10	IL7	0.988
IL10	IL7R	0.919
IL10	IL9	0.959
IL10	IRF4	0.755
IL10	IRF8	0.601
IL10	ITGA4	0.566
IL10	ITGAE	0.735
IL10	ITGAL	0.556
IL10	ITGAM	0.856
IL10	ITGAX	0.834
IL10	ITGB1	0.503
IL10	ITGB2	0.576
IL10	KLRB1	0.549
IL10	KLRG1	0.543
IL10	KLRK1	0.663
IL10	LAG3	0.763
IL10	LCK	0.671
IL10	LOC102723996	0.843
IL10	LTA	0.846
IL10	MBP	0.606
IL10	MMP9	0.881
IL10	MOG	0.772
IL10	MPO	0.771
IL10	MRC1	0.856
IL10	MTOR	0.74
IL10	MYD88	0.898
IL10	NCAM1	0.702
IL10	NEFL	0.575
IL10	NFE2L2	0.567
IL10	NFKB1	0.877
IL10	NLRP3	0.69
IL10	NOS2	0.718
IL10	NOTCH1	0.437
IL10	NQO1	0.401
IL10	OCLN	0.721
IL10	PDCD1	0.827
IL10	PDCD1LG2	0.797
IL10	PDGFRA	0.776
IL10	PECAM1	0.65
IL10	PPARGC1A	0.445
IL10	PRDM1	0.592
IL10	PRF1	0.78
IL10	PTGS2	0.789
IL10	PTPRC	0.804
IL10	PXDNL	0.72
IL10	RORC	0.608
IL10	S1PR1	0.426
IL10	SCARB1	0.639
IL10	SDC1	0.58
IL10	SELE	0.675
IL10	SELL	0.741
IL10	SELP	0.631
IL10	SIRT1	0.575
IL10	SOD1	0.467
IL10	SOD2	0.436
IL10	SPN	0.488
IL10	STAT1	0.865
IL10	STAT3	0.968
IL10	STAT4	0.941
IL10	STAT6	0.907
IL10	TBX21	0.866
IL10	TGFB1	0.932
IL10	THY1	0.623
IL10	TJP1	0.715
IL10	TLR2	0.956
IL10	TLR4	0.943
IL10	TLR7	0.782
IL10	TLR9	0.868
IL10	TNF	0.992
IL10	TNFRSF13B	0.468
IL10	TNFRSF18	0.694
IL10	TNFRSF1A	0.968
IL10	TNFRSF1B	0.843
IL10	TNFRSF4	0.634
IL10	TNFRSF9	0.637
IL10	TNFSF13B	0.708
IL10	TNFSF4	0.757
IL10	TREM2	0.542
IL10	TYROBP	0.446
IL10	VCAM1	0.726
IL10	VWF	0.517
IL10RA	IL12A	0.677
IL10RA	IL12B	0.699
IL10RA	IL12RB1	0.587
IL10RA	IL12RB2	0.404
IL10RA	IL13	0.883
IL10RA	IL15	0.873
IL10RA	IL17A	0.555
IL10RA	IL18	0.629
IL10RA	IL1A	0.466
IL10RA	IL1B	0.791
IL10RA	IL1R1	0.669
IL10RA	IL2	0.82
IL10RA	IL21	0.695
IL10RA	IL21R	0.607
IL10RA	IL22	0.938
IL10RA	IL23A	0.786
IL10RA	IL23R	0.505
IL10RA	IL2RA	0.705
IL10RA	IL2RB	0.759
IL10RA	IL2RG	0.683
IL10RA	IL3	0.747
IL10RA	IL4	0.927
IL10RA	IL4R	0.802
IL10RA	IL5	0.855
IL10RA	IL6	0.956
IL10RA	IL6R	0.789
IL10RA	IL7	0.858
IL10RA	IL7R	0.714
IL10RA	IL9	0.75
IL10RA	IRF4	0.465
IL10RA	IRF8	0.631
IL10RA	ITGAL	0.55
IL10RA	ITGAM	0.656
IL10RA	ITGAX	0.583
IL10RA	ITGB2	0.599
IL10RA	LAG3	0.51
IL10RA	MRC1	0.413
IL10RA	MYD88	0.484
IL10RA	NFKB1	0.539
IL10RA	PDCD1	0.599
IL10RA	PDCD1LG2	0.684
IL10RA	PRDM1	0.459
IL10RA	PRF1	0.513
IL10RA	PTPRC	0.672
IL10RA	S1PR1	0.416
IL10RA	SELL	0.563
IL10RA	STAT1	0.861
IL10RA	STAT3	0.984
IL10RA	STAT4	0.476
IL10RA	STAT6	0.453
IL10RA	TBX21	0.557
IL10RA	TGFB1	0.658
IL10RA	TLR2	0.564
IL10RA	TLR4	0.535
IL10RA	TLR7	0.492
IL10RA	TLR9	0.436
IL10RA	TNF	0.864
IL10RA	TNFRSF1A	0.622
IL10RA	TNFRSF1B	0.726
IL10RA	TNFSF13B	0.432
IL10RA	TYROBP	0.583
IL12A	IL12B	0.999
IL12A	IL12RB1	0.974
IL12A	IL12RB2	0.971
IL12A	IL13	0.55
IL12A	IL18	0.51
IL12A	IL1A	0.531
IL12A	IL1B	0.579
IL12A	IL21R	0.659
IL12A	IL23A	0.408
IL12A	IL23R	0.724
IL12A	IL2RA	0.672
IL12A	IL2RB	0.667
IL12A	IL2RG	0.658
IL12A	IL3RA	0.65
IL12A	IL4R	0.733
IL12A	IL6	0.609
IL12A	IL6R	0.703
IL12A	IL7R	0.658
IL12A	PDGFRA	0.653
IL12A	STAT1	0.75
IL12A	STAT3	0.561
IL12A	STAT4	0.771
IL12A	TNF	0.579
IL12B	IL12RB1	0.998
IL12B	IL12RB2	0.958
IL12B	IL13	0.603
IL12B	IL15	0.403
IL12B	IL18	0.658
IL12B	IL1A	0.675
IL12B	IL1B	0.672
IL12B	IL2	0.453
IL12B	IL21R	0.705
IL12B	IL23A	0.999
IL12B	IL23R	0.986
IL12B	IL2RA	0.828
IL12B	IL2RB	0.673
IL12B	IL2RG	0.664
IL12B	IL3RA	0.667
IL12B	IL4	0.42
IL12B	IL4R	0.685
IL12B	IL6	0.691
IL12B	IL6R	0.757
IL12B	IL7R	0.667
IL12B	IL9	0.411
IL12B	MRC1	0.449
IL12B	PDGFRA	0.686
IL12B	STAT3	0.627
IL12B	STAT4	0.66
IL12B	TNF	0.714
IL12B	TREM2	0.442
IL12RB1	IL12RB2	0.999
IL12RB1	IL13	0.816
IL12RB1	IL15	0.834
IL12RB1	IL17A	0.799
IL12RB1	IL17F	0.635
IL12RB1	IL18	0.682
IL12RB1	IL1A	0.431
IL12RB1	IL1B	0.532
IL12RB1	IL1R1	0.636
IL12RB1	IL2	0.906
IL12RB1	IL21	0.726
IL12RB1	IL21R	0.784
IL12RB1	IL22	0.891
IL12RB1	IL23A	0.998
IL12RB1	IL23R	0.999
IL12RB1	IL2RA	0.779
IL12RB1	IL2RB	0.551
IL12RB1	IL2RG	0.466
IL12RB1	IL3	0.744
IL12RB1	IL4	0.898
IL12RB1	IL4R	0.692
IL12RB1	IL5	0.799
IL12RB1	IL6	0.92
IL12RB1	IL6R	0.645
IL12RB1	IL7	0.786
IL12RB1	IL7R	0.684
IL12RB1	IL9	0.773
IL12RB1	IRF4	0.406
IL12RB1	IRF8	0.73
IL12RB1	ITGAL	0.419
IL12RB1	ITGAM	0.435
IL12RB1	ITGAX	0.467
IL12RB1	KLRB1	0.441
IL12RB1	KLRG1	0.424
IL12RB1	KLRK1	0.466
IL12RB1	LAG3	0.415
IL12RB1	LCK	0.434
IL12RB1	MOG	0.645
IL12RB1	MRC1	0.406
IL12RB1	MYD88	0.416
IL12RB1	NOS2	0.428
IL12RB1	PRDM1	0.401
IL12RB1	PRF1	0.56
IL12RB1	PTPRC	0.456
IL12RB1	RORC	0.54
IL12RB1	SELL	0.552
IL12RB1	STAT1	0.812
IL12RB1	STAT3	0.976
IL12RB1	STAT4	0.99
IL12RB1	STAT6	0.47
IL12RB1	TBX21	0.833
IL12RB1	TLR2	0.46
IL12RB1	TLR4	0.455
IL12RB1	TLR7	0.415
IL12RB1	TNF	0.699
IL12RB1	TNFRSF1A	0.417
IL12RB2	IL13	0.821
IL12RB2	IL15	0.849
IL12RB2	IL17A	0.761
IL12RB2	IL17F	0.659
IL12RB2	IL18	0.546
IL12RB2	IL1B	0.454
IL12RB2	IL1R1	0.434
IL12RB2	IL2	0.846
IL12RB2	IL21	0.721
IL12RB2	IL21R	0.486
IL12RB2	IL22	0.824
IL12RB2	IL23A	0.929
IL12RB2	IL23R	0.625
IL12RB2	IL2RA	0.706
IL12RB2	IL2RB	0.469
IL12RB2	IL3	0.724
IL12RB2	IL4	0.901
IL12RB2	IL4R	0.522
IL12RB2	IL5	0.821
IL12RB2	IL6	0.943
IL12RB2	IL6R	0.516
IL12RB2	IL7	0.784
IL12RB2	IL7R	0.697
IL12RB2	IL9	0.778
IL12RB2	IRF4	0.411
IL12RB2	IRF8	0.445
IL12RB2	NFKB1	0.463
IL12RB2	PRF1	0.494
IL12RB2	RORC	0.655
IL12RB2	STAT1	0.879
IL12RB2	STAT3	0.85
IL12RB2	STAT4	0.996
IL12RB2	STAT6	0.457
IL12RB2	TBX21	0.881
IL12RB2	TNF	0.487
IL13	IL15	0.871
IL13	IL17A	0.94
IL13	IL17F	0.842
IL13	IL18	0.916
IL13	IL1A	0.943
IL13	IL1B	0.953
IL13	IL1R1	0.761
IL13	IL2	0.934
IL13	IL21	0.565
IL13	IL21R	0.787
IL13	IL22	0.847
IL13	IL23A	0.489
IL13	IL23R	0.83
IL13	IL2RA	0.905
IL13	IL2RB	0.788
IL13	IL2RG	0.932
IL13	IL3	0.891
IL13	IL33	0.937
IL13	IL3RA	0.8
IL13	IL4	0.993
IL13	IL4R	0.999
IL13	IL5	0.991
IL13	IL6	0.957
IL13	IL6R	0.92
IL13	IL7	0.889
IL13	IL7R	0.872
IL13	IL9	0.947
IL13	IRF4	0.59
IL13	ITGAE	0.608
IL13	ITGAM	0.828
IL13	ITGAX	0.824
IL13	ITGB1	0.544
IL13	ITGB2	0.618
IL13	KLRB1	0.507
IL13	KLRG1	0.569
IL13	KLRK1	0.48
IL13	LAG3	0.479
IL13	LOC102723996	0.49
IL13	LTA	0.747
IL13	MMP9	0.759
IL13	MOG	0.423
IL13	MPO	0.512
IL13	MRC1	0.84
IL13	MYD88	0.728
IL13	NCAM1	0.68
IL13	NFKB1	0.584
IL13	NLRP3	0.481
IL13	NOS2	0.622
IL13	OCLN	0.521
IL13	PDCD1	0.498
IL13	PDCD1LG2	0.681
IL13	PDGFRA	0.745
IL13	PECAM1	0.449
IL13	PRF1	0.6
IL13	PTGS2	0.577
IL13	PTPRC	0.694
IL13	PXDNL	0.556
IL13	RORC	0.603
IL13	SCARB1	0.447
IL13	SELE	0.481
IL13	SELL	0.595
IL13	SELP	0.457
IL13	STAT1	0.875
IL13	STAT3	0.843
IL13	STAT4	0.69
IL13	STAT6	0.971
IL13	TBX21	0.852
IL13	TGFB1	0.816
IL13	THY1	0.492
IL13	TJP1	0.4
IL13	TLR2	0.702
IL13	TLR4	0.806
IL13	TLR7	0.579
IL13	TLR9	0.613
IL13	TNF	0.957
IL13	TNFRSF18	0.507
IL13	TNFRSF1A	0.66
IL13	TNFRSF1B	0.416
IL13	TNFRSF4	0.582
IL13	TNFRSF9	0.466
IL13	TNFSF13B	0.511
IL13	TNFSF4	0.62
IL13	TREM2	0.41
IL13	VCAM1	0.74
IL15	IL17A	0.916
IL15	IL17F	0.679
IL15	IL18	0.865
IL15	IL1A	0.876
IL15	IL1B	0.872
IL15	IL1R1	0.731
IL15	IL2	0.958
IL15	IL21	0.714
IL15	IL21R	0.941
IL15	IL22	0.706
IL15	IL23A	0.442
IL15	IL23R	0.803
IL15	IL2RA	0.989
IL15	IL2RB	0.999
IL15	IL2RG	0.999
IL15	IL3	0.728
IL15	IL33	0.748
IL15	IL3RA	0.824
IL15	IL4	0.915
IL15	IL4R	0.88
IL15	IL5	0.821
IL15	IL6	0.884
IL15	IL6R	0.894
IL15	IL7	0.968
IL15	IL7R	0.985
IL15	IL9	0.976
IL15	IRF4	0.438
IL15	ITGA4	0.415
IL15	ITGAE	0.629
IL15	ITGAL	0.465
IL15	ITGAM	0.645
IL15	ITGAX	0.616
IL15	ITGB2	0.435
IL15	KLRB1	0.569
IL15	KLRG1	0.642
IL15	KLRK1	0.921
IL15	LAG3	0.621
IL15	LCK	0.471
IL15	LOC102723996	0.416
IL15	LTA	0.813
IL15	MMP9	0.479
IL15	MTOR	0.416
IL15	MYD88	0.538
IL15	NCAM1	0.841
IL15	NFKB1	0.519
IL15	PDCD1	0.596
IL15	PDCD1LG2	0.587
IL15	PDGFRA	0.704
IL15	PECAM1	0.428
IL15	PRDM1	0.526
IL15	PRF1	0.845
IL15	PTGS2	0.435
IL15	PTPRC	0.689
IL15	RORC	0.416
IL15	S1PR1	0.469
IL15	SELE	0.405
IL15	SELL	0.717
IL15	STAT1	0.753
IL15	STAT3	0.807
IL15	STAT4	0.569
IL15	STAT6	0.518
IL15	TBX21	0.885
IL15	TGFB1	0.606
IL15	TLR2	0.627
IL15	TLR4	0.656
IL15	TLR7	0.625
IL15	TLR9	0.57
IL15	TNF	0.885
IL15	TNFRSF18	0.514
IL15	TNFRSF1A	0.71
IL15	TNFRSF1B	0.472
IL15	TNFRSF4	0.589
IL15	TNFRSF9	0.71
IL15	TNFSF13B	0.746
IL15	TNFSF4	0.481
IL15	TYROBP	0.456
IL15	VCAM1	0.527
IL17A	IL17F	0.994
IL17A	IL18	0.835
IL17A	IL1A	0.929
IL17A	IL1B	0.962
IL17A	IL1R1	0.723
IL17A	IL2	0.984
IL17A	IL21	0.701
IL17A	IL21R	0.615
IL17A	IL22	0.976
IL17A	IL23A	0.92
IL17A	IL23R	0.927
IL17A	IL2RA	0.805
IL17A	IL2RB	0.638
IL17A	IL2RG	0.458
IL17A	IL3	0.757
IL17A	IL33	0.852
IL17A	IL3RA	0.436
IL17A	IL4	0.959
IL17A	IL4R	0.724
IL17A	IL5	0.939
IL17A	IL6	0.98
IL17A	IL6R	0.63
IL17A	IL7	0.833
IL17A	IL7R	0.813
IL17A	IL9	0.896
IL17A	IRF4	0.648
IL17A	IRF8	0.44
IL17A	ITGA4	0.506
IL17A	ITGAE	0.713
IL17A	ITGAL	0.473
IL17A	ITGAM	0.783
IL17A	ITGAX	0.867
IL17A	ITGB2	0.454
IL17A	KLRB1	0.699
IL17A	KLRG1	0.549
IL17A	KLRK1	0.578
IL17A	LAG3	0.597
IL17A	LCK	0.483
IL17A	LOC102723996	0.536
IL17A	LTA	0.732
IL17A	MBP	0.548
IL17A	MMP9	0.814
IL17A	MOG	0.856
IL17A	MPO	0.674
IL17A	MRC1	0.576
IL17A	MTOR	0.506
IL17A	MYD88	0.824
IL17A	NCAM1	0.616
IL17A	NFE2L2	0.418
IL17A	NFKB1	0.791
IL17A	NLRP3	0.612
IL17A	NOS2	0.542
IL17A	OCLN	0.541
IL17A	PDCD1	0.728
IL17A	PDCD1LG2	0.56
IL17A	PECAM1	0.506
IL17A	PRDM1	0.48
IL17A	PRF1	0.714
IL17A	PTGS2	0.642
IL17A	PTPRC	0.782
IL17A	PXDNL	0.616
IL17A	RORC	0.933
IL17A	S1PR1	0.44
IL17A	SCARB1	0.438
IL17A	SDC1	0.486
IL17A	SELE	0.577
IL17A	SELL	0.744
IL17A	SELP	0.534
IL17A	STAT1	0.819
IL17A	STAT3	0.944
IL17A	STAT4	0.779
IL17A	STAT6	0.877
IL17A	TBX21	0.937
IL17A	TGFB1	0.903
IL17A	THY1	0.574
IL17A	TJP1	0.505
IL17A	TLR2	0.766
IL17A	TLR4	0.867
IL17A	TLR7	0.685
IL17A	TLR9	0.669
IL17A	TNF	0.958
IL17A	TNFRSF18	0.615
IL17A	TNFRSF1A	0.826
IL17A	TNFRSF1B	0.65
IL17A	TNFRSF4	0.607
IL17A	TNFRSF9	0.679
IL17A	TNFSF13B	0.661
IL17A	TNFSF4	0.555
IL17A	VCAM1	0.621
IL17F	IL18	0.578
IL17F	IL1A	0.792
IL17F	IL1B	0.899
IL17F	IL1R1	0.522
IL17F	IL2	0.754
IL17F	IL21	0.492
IL17F	IL21R	0.533
IL17F	IL22	0.971
IL17F	IL23A	0.921
IL17F	IL23R	0.924
IL17F	IL2RA	0.471
IL17F	IL3	0.546
IL17F	IL33	0.593
IL17F	IL4	0.766
IL17F	IL5	0.845
IL17F	IL6	0.934
IL17F	IL6R	0.46
IL17F	IL7	0.522
IL17F	IL7R	0.453
IL17F	IL9	0.754
IL17F	IRF4	0.574
IL17F	ITGAM	0.471
IL17F	ITGAX	0.458
IL17F	KLRB1	0.51
IL17F	LTA	0.662
IL17F	MMP9	0.607
IL17F	MOG	0.45
IL17F	MYD88	0.438
IL17F	NFKB1	0.409
IL17F	PRF1	0.403
IL17F	PTPRC	0.479
IL17F	RORC	0.878
IL17F	SELL	0.444
IL17F	STAT1	0.633
IL17F	STAT3	0.868
IL17F	STAT4	0.562
IL17F	STAT6	0.767
IL17F	TBX21	0.843
IL17F	TGFB1	0.801
IL17F	TLR2	0.463
IL17F	TLR4	0.434
IL17F	TLR7	0.411
IL17F	TNF	0.832
IL17F	TNFRSF1A	0.566
IL17F	TNFRSF1B	0.503
IL17F	TNFSF13B	0.428
IL18	IL1A	0.997
IL18	IL1B	0.99
IL18	IL1R1	0.965
IL18	IL2	0.815
IL18	IL21	0.519
IL18	IL21R	0.479
IL18	IL22	0.837
IL18	IL23A	0.473
IL18	IL23R	0.501
IL18	IL2RA	0.706
IL18	IL2RB	0.437
IL18	IL2RG	0.426
IL18	IL3	0.826
IL18	IL33	0.869
IL18	IL4	0.897
IL18	IL4R	0.478
IL18	IL5	0.786
IL18	IL6	0.97
IL18	IL6R	0.69
IL18	IL7	0.826
IL18	IL7R	0.51
IL18	IL9	0.666
IL18	IRF4	0.4
IL18	IRF8	0.416
IL18	ITGAE	0.509
IL18	ITGAM	0.632
IL18	ITGAX	0.596
IL18	ITGB2	0.428
IL18	KLRB1	0.525
IL18	KLRG1	0.449
IL18	KLRK1	0.651
IL18	LAG3	0.426
IL18	LTA	0.641
IL18	MMP9	0.615
IL18	MPO	0.583
IL18	MRC1	0.687
IL18	MTOR	0.489
IL18	MYD88	0.961
IL18	NCAM1	0.589
IL18	NFE2L2	0.474
IL18	NFKB1	0.979
IL18	NLRP3	0.946
IL18	NOS2	0.479
IL18	NTRK2	0.447
IL18	OCLN	0.46
IL18	PDCD1	0.471
IL18	PRF1	0.669
IL18	PTGS2	0.714
IL18	PTPRC	0.6
IL18	PXDNL	0.507
IL18	SCARB1	0.479
IL18	SELE	0.533
IL18	SELL	0.523
IL18	SELP	0.464
IL18	SIRT1	0.475
IL18	STAT1	0.607
IL18	STAT3	0.806
IL18	STAT4	0.791
IL18	STAT6	0.483
IL18	TBX21	0.649
IL18	TGFB1	0.628
IL18	TJP1	0.418
IL18	TLR2	0.847
IL18	TLR4	0.908
IL18	TLR7	0.685
IL18	TLR9	0.808
IL18	TNF	0.961
IL18	TNFRSF1A	0.603
IL18	TNFRSF1B	0.45
IL18	TNFRSF4	0.613
IL18	TNFRSF9	0.478
IL18	TNFSF13B	0.515
IL18	TNFSF4	0.436
IL18	TREM2	0.528
IL18	TXN	0.466
IL18	TYROBP	0.44
IL18	VCAM1	0.609
IL18	VWF	0.403
IL1A	IL1B	0.999
IL1A	IL1R1	0.999
IL1A	IL2	0.997
IL1A	IL21	0.405
IL1A	IL22	0.775
IL1A	IL23A	0.558
IL1A	IL23R	0.53
IL1A	IL2RA	0.615
IL1A	IL2RG	0.561
IL1A	IL3	0.994
IL1A	IL33	0.82
IL1A	IL4	0.995
IL1A	IL4R	0.688
IL1A	IL5	0.918
IL1A	IL6	0.989
IL1A	IL6R	0.823
IL1A	IL7	0.789
IL1A	IL7R	0.713
IL1A	IL9	0.77
IL1A	IRF4	0.427
IL1A	ITGAE	0.463
IL1A	ITGAL	0.45
IL1A	ITGAM	0.7
IL1A	ITGAX	0.621
IL1A	ITGB1	0.404
IL1A	ITGB2	0.552
IL1A	KLRK1	0.448
IL1A	LAG3	0.405
IL1A	LTA	0.779
IL1A	MMP9	0.734
IL1A	MOG	0.401
IL1A	MPO	0.715
IL1A	MRC1	0.596
IL1A	MTOR	0.507
IL1A	MYD88	0.997
IL1A	NCAM1	0.461
IL1A	NFE2L2	0.491
IL1A	NFKB1	0.946
IL1A	NLRP3	0.845
IL1A	NOS2	0.62
IL1A	OCLN	0.45
IL1A	PDCD1	0.419
IL1A	PDCD1LG2	0.674
IL1A	PECAM1	0.533
IL1A	PRF1	0.567
IL1A	PTGS2	0.823
IL1A	PTPRC	0.764
IL1A	PXDNL	0.606
IL1A	SCARB1	0.532
IL1A	SELE	0.722
IL1A	SELL	0.558
IL1A	SELP	0.622
IL1A	SIRT1	0.447
IL1A	SOD1	0.42
IL1A	SOD2	0.648
IL1A	STAT1	0.741
IL1A	STAT3	0.861
IL1A	STAT4	0.441
IL1A	STAT6	0.518
IL1A	TBX21	0.507
IL1A	TGFB1	0.764
IL1A	THY1	0.48
IL1A	TJP1	0.432
IL1A	TLR2	0.87
IL1A	TLR4	0.974
IL1A	TLR7	0.766
IL1A	TLR9	0.897
IL1A	TNF	0.994
IL1A	TNFRSF1A	0.934
IL1A	TNFRSF1B	0.77
IL1A	TNFRSF4	0.651
IL1A	TNFRSF9	0.458
IL1A	TNFSF13B	0.543
IL1A	TNFSF4	0.418
IL1A	TREM2	0.478
IL1A	TXN	0.402
IL1A	VCAM1	0.72
IL1A	VWF	0.507
IL1B	IL1R1	0.999
IL1B	IL2	0.999
IL1B	IL21	0.541
IL1B	IL21R	0.429
IL1B	IL22	0.846
IL1B	IL23A	0.658
IL1B	IL23R	0.751
IL1B	IL2RA	0.869
IL1B	IL2RG	0.608
IL1B	IL3	0.977
IL1B	IL33	0.89
IL1B	IL3RA	0.46
IL1B	IL4	0.998
IL1B	IL4R	0.746
IL1B	IL5	0.998
IL1B	IL6	0.996
IL1B	IL6R	0.975
IL1B	IL7	0.909
IL1B	IL7R	0.758
IL1B	IL9	0.916
IL1B	IRF4	0.591
IL1B	IRF8	0.559
IL1B	ITGA4	0.489
IL1B	ITGAE	0.597
IL1B	ITGAL	0.587
IL1B	ITGAM	0.853
IL1B	ITGAX	0.805
IL1B	ITGB1	0.544
IL1B	ITGB2	0.786
IL1B	KLRB1	0.531
IL1B	KLRG1	0.432
IL1B	KLRK1	0.542
IL1B	LAG3	0.488
IL1B	LCK	0.475
IL1B	LOC102723996	0.403
IL1B	LTA	0.86
IL1B	MBP	0.589
IL1B	MMP9	0.949
IL1B	MOG	0.574
IL1B	MPO	0.86
IL1B	MRC1	0.812
IL1B	MTOR	0.667
IL1B	MYD88	0.999
IL1B	NCAM1	0.592
IL1B	NFE2L2	0.749
IL1B	NFKB1	0.996
IL1B	NLRP3	0.997
IL1B	NOS2	0.803
IL1B	NOTCH1	0.48
IL1B	NQO1	0.626
IL1B	NTRK2	0.476
IL1B	OCLN	0.802
IL1B	PDCD1	0.551
IL1B	PDCD1LG2	0.582
IL1B	PDGFRA	0.624
IL1B	PECAM1	0.701
IL1B	PPARGC1A	0.613
IL1B	PRDM1	0.44
IL1B	PRF1	0.664
IL1B	PTGS2	0.974
IL1B	PTPRC	0.807
IL1B	PXDNL	0.812
IL1B	RORC	0.713
IL1B	SCARB1	0.714
IL1B	SDC1	0.47
IL1B	SELE	0.804
IL1B	SELL	0.714
IL1B	SELP	0.746
IL1B	SIRT1	0.719
IL1B	SLC2A1	0.486
IL1B	SOD1	0.645
IL1B	SOD2	0.806
IL1B	STAT1	0.846
IL1B	STAT3	0.938
IL1B	STAT4	0.577
IL1B	STAT6	0.694
IL1B	TBX21	0.782
IL1B	TFAM	0.414
IL1B	TGFB1	0.932
IL1B	THY1	0.597
IL1B	TJP1	0.712
IL1B	TLR2	0.969
IL1B	TLR4	0.986
IL1B	TLR7	0.865
IL1B	TLR9	0.975
IL1B	TNF	0.998
IL1B	TNFRSF13B	0.542
IL1B	TNFRSF18	0.427
IL1B	TNFRSF1A	0.997
IL1B	TNFRSF1B	0.914
IL1B	TNFRSF4	0.688
IL1B	TNFRSF9	0.483
IL1B	TNFSF13B	0.656
IL1B	TNFSF4	0.479
IL1B	TREM2	0.668
IL1B	TXN	0.685
IL1B	TYROBP	0.579
IL1B	VCAM1	0.83
IL1B	VWF	0.629
IL1R1	IL2	0.749
IL1R1	IL21R	0.501
IL1R1	IL22	0.607
IL1R1	IL23A	0.435
IL1R1	IL23R	0.62
IL1R1	IL2RA	0.76
IL1R1	IL2RB	0.558
IL1R1	IL2RG	0.544
IL1R1	IL3	0.622
IL1R1	IL33	0.99
IL1R1	IL4	0.804
IL1R1	IL4R	0.699
IL1R1	IL5	0.803
IL1R1	IL6	0.997
IL1R1	IL6R	0.834
IL1R1	IL7	0.695
IL1R1	IL7R	0.69
IL1R1	IL9	0.528
IL1R1	IRF4	0.454
IL1R1	ITGAM	0.589
IL1R1	ITGAX	0.54
IL1R1	LTA	0.446
IL1R1	MMP9	0.492
IL1R1	MRC1	0.444
IL1R1	MYD88	0.999
IL1R1	NFKB1	0.817
IL1R1	NLRP3	0.806
IL1R1	PTGS2	0.569
IL1R1	PTPRC	0.51
IL1R1	RORC	0.53
IL1R1	SDC1	0.428
IL1R1	SELE	0.406
IL1R1	SOD1	0.495
IL1R1	STAT1	0.567
IL1R1	STAT3	0.807
IL1R1	STAT6	0.441
IL1R1	TBX21	0.486
IL1R1	TGFB1	0.514
IL1R1	TLR2	0.867
IL1R1	TLR4	0.944
IL1R1	TLR7	0.762
IL1R1	TLR9	0.801
IL1R1	TNF	0.996
IL1R1	TNFRSF1A	0.921
IL1R1	TNFRSF1B	0.703
IL1R1	TNFSF13B	0.439
IL1R1	VCAM1	0.452
IL2	IL21	0.734
IL2	IL21R	0.939
IL2	IL22	0.86
IL2	IL23A	0.519
IL2	IL23R	0.901
IL2	IL2RA	0.999
IL2	IL2RB	0.999
IL2	IL2RG	0.999
IL2	IL3	0.998
IL2	IL33	0.825
IL2	IL3RA	0.898
IL2	IL4	0.999
IL2	IL4R	0.932
IL2	IL5	0.999
IL2	IL6	0.999
IL2	IL6R	0.9
IL2	IL7	0.997
IL2	IL7R	0.978
IL2	IL9	0.991
IL2	IRF4	0.821
IL2	ITGA4	0.621
IL2	ITGAE	0.665
IL2	ITGAL	0.594
IL2	ITGAM	0.721
IL2	ITGAX	0.729
IL2	ITGB2	0.53
IL2	KLRB1	0.615
IL2	KLRG1	0.711
IL2	KLRK1	0.847
IL2	LAG3	0.744
IL2	LCK	0.913
IL2	LOC102723996	0.716
IL2	LTA	0.795
IL2	MBP	0.57
IL2	MMP9	0.601
IL2	MOG	0.621
IL2	MPO	0.514
IL2	MRC1	0.517
IL2	MTOR	0.612
IL2	MYD88	0.714
IL2	NCAM1	0.856
IL2	NEFL	0.532
IL2	NFKB1	0.804
IL2	NLRP3	0.478
IL2	NOS2	0.53
IL2	PDCD1	0.85
IL2	PDCD1LG2	0.699
IL2	PDGFRA	0.733
IL2	PECAM1	0.532
IL2	PRDM1	0.616
IL2	PRF1	0.899
IL2	PTGS2	0.607
IL2	PTPRC	0.794
IL2	PXDNL	0.634
IL2	RORC	0.78
IL2	S1PR1	0.446
IL2	SDC1	0.488
IL2	SELE	0.579
IL2	SELL	0.82
IL2	SELP	0.53
IL2	SLC2A1	0.488
IL2	SPN	0.511
IL2	STAT1	0.797
IL2	STAT3	0.828
IL2	STAT4	0.766
IL2	STAT6	0.826
IL2	TBX21	0.868
IL2	TGFB1	0.763
IL2	THY1	0.625
IL2	TLR2	0.67
IL2	TLR4	0.731
IL2	TLR7	0.647
IL2	TLR9	0.777
IL2	TNF	0.957
IL2	TNFRSF18	0.823
IL2	TNFRSF1A	0.74
IL2	TNFRSF1B	0.528
IL2	TNFRSF4	0.74
IL2	TNFRSF9	0.788
IL2	TNFSF13B	0.595
IL2	TNFSF4	0.602
IL2	TYROBP	0.432
IL2	VCAM1	0.624
IL21	IL21R	0.999
IL21	IL22	0.683
IL21	IL23R	0.777
IL21	IL2RA	0.784
IL21	IL2RB	0.797
IL21	IL2RG	0.969
IL21	IL3RA	0.663
IL21	IL4	0.719
IL21	IL4R	0.835
IL21	IL5	0.56
IL21	IL6	0.646
IL21	IL6R	0.744
IL21	IL7	0.602
IL21	IL7R	0.736
IL21	IL9	0.583
IL21	IRF4	0.422
IL21	LOC102723996	0.47
IL21	MS4A1	0.497
IL21	NCAM1	0.463
IL21	PDCD1	0.517
IL21	PDGFRA	0.654
IL21	PRDM1	0.688
IL21	STAT1	0.781
IL21	STAT3	0.777
IL21	STAT4	0.72
IL21	TBX21	0.501
IL21	TNF	0.535
IL21	TNFRSF4	0.506
IL21	TNFSF13B	0.421
IL21R	IL22	0.823
IL21R	IL23A	0.747
IL21R	IL23R	0.604
IL21R	IL2RA	0.833
IL21R	IL2RB	0.574
IL21R	IL2RG	0.996
IL21R	IL3	0.786
IL21R	IL4	0.978
IL21R	IL4R	0.781
IL21R	IL5	0.763
IL21R	IL6	0.929
IL21R	IL6R	0.547
IL21R	IL7	0.955
IL21R	IL7R	0.674
IL21R	IL9	0.924
IL21R	IRF4	0.612
IL21R	ITGAX	0.405
IL21R	LAG3	0.613
IL21R	LCK	0.567
IL21R	LOC102723996	0.607
IL21R	PDCD1	0.642
IL21R	POU2AF1	0.45
IL21R	PRDM1	0.705
IL21R	PRF1	0.473
IL21R	PTPRC	0.533
IL21R	SDC1	0.421
IL21R	SELL	0.485
IL21R	STAT1	0.833
IL21R	STAT3	0.981
IL21R	STAT4	0.745
IL21R	STAT6	0.407
IL21R	TBX21	0.662
IL21R	TNF	0.459
IL21R	TNFRSF13B	0.511
IL21R	TNFRSF18	0.411
IL21R	TNFRSF4	0.617
IL21R	TNFRSF9	0.618
IL21R	TNFSF13B	0.467
IL22	IL23A	0.892
IL22	IL23R	0.947
IL22	IL2RA	0.822
IL22	IL2RB	0.831
IL22	IL2RG	0.837
IL22	IL3	0.631
IL22	IL33	0.735
IL22	IL3RA	0.755
IL22	IL4	0.851
IL22	IL4R	0.811
IL22	IL5	0.85
IL22	IL6	0.863
IL22	IL6R	0.81
IL22	IL7	0.695
IL22	IL7R	0.872
IL22	IL9	0.866
IL22	IRF4	0.558
IL22	ITGAE	0.637
IL22	ITGAM	0.606
IL22	ITGAX	0.729
IL22	KLRB1	0.621
IL22	KLRG1	0.456
IL22	KLRK1	0.474
IL22	LCK	0.487
IL22	LTA	0.619
IL22	MMP9	0.447
IL22	MOG	0.623
IL22	MPO	0.476
IL22	MYD88	0.582
IL22	NCAM1	0.507
IL22	NFKB1	0.484
IL22	NLRP3	0.473
IL22	OCLN	0.541
IL22	PDCD1	0.606
IL22	PDGFRA	0.679
IL22	PRF1	0.599
IL22	PTGS2	0.416
IL22	PTPRC	0.599
IL22	RORC	0.85
IL22	SELL	0.529
IL22	STAT1	0.757
IL22	STAT3	0.926
IL22	STAT4	0.541
IL22	STAT6	0.541
IL22	TBX21	0.774
IL22	TGFB1	0.597
IL22	THY1	0.617
IL22	TJP1	0.418
IL22	TLR2	0.606
IL22	TLR4	0.625
IL22	TLR7	0.53
IL22	TLR9	0.528
IL22	TNF	0.827
IL22	TNFRSF1A	0.571
IL22	TNFRSF4	0.46
IL22	TNFSF13B	0.507
IL22	TNFSF4	0.431
IL22	VCAM1	0.416
IL23A	IL23R	0.999
IL23A	IL2RA	0.71
IL23A	IL2RB	0.668
IL23A	IL2RG	0.7
IL23A	IL3RA	0.668
IL23A	IL4	0.732
IL23A	IL4R	0.783
IL23A	IL5	0.478
IL23A	IL6	0.858
IL23A	IL6R	0.776
IL23A	IL7R	0.748
IL23A	ITGAE	0.403
IL23A	ITGAM	0.493
IL23A	ITGAX	0.574
IL23A	MMP9	0.546
IL23A	MOG	0.649
IL23A	MYD88	0.416
IL23A	PDGFRA	0.65
IL23A	PTPRC	0.407
IL23A	RORC	0.623
IL23A	STAT1	0.43
IL23A	STAT3	0.75
IL23A	STAT4	0.803
IL23A	STAT6	0.645
IL23A	TBX21	0.684
IL23A	TGFB1	0.608
IL23A	TLR2	0.481
IL23A	TLR4	0.477
IL23A	TLR7	0.401
IL23A	TNF	0.664
IL23R	IL2RA	0.639
IL23R	IL3	0.731
IL23R	IL4	0.909
IL23R	IL4R	0.577
IL23R	IL5	0.801
IL23R	IL6	0.934
IL23R	IL6R	0.799
IL23R	IL7	0.806
IL23R	IL7R	0.694
IL23R	IL9	0.821
IL23R	IRF4	0.587
IL23R	IRF8	0.435
IL23R	ITGAE	0.44
IL23R	ITGAM	0.406
IL23R	ITGAX	0.432
IL23R	KLRB1	0.596
IL23R	MOG	0.668
IL23R	PDCD1LG2	0.449
IL23R	PRDM1	0.424
IL23R	PTPRC	0.434
IL23R	RORC	0.875
IL23R	S1PR1	0.564
IL23R	SELL	0.426
IL23R	STAT1	0.514
IL23R	STAT3	0.98
IL23R	STAT4	0.911
IL23R	STAT6	0.764
IL23R	TBX21	0.818
IL23R	TGFB1	0.587
IL23R	TLR2	0.429
IL23R	TLR4	0.437
IL23R	TLR9	0.578
IL23R	TNF	0.833
IL23R	TNFRSF1B	0.559
IL2RA	IL2RB	0.999
IL2RA	IL2RG	0.999
IL2RA	IL3	0.894
IL2RA	IL33	0.635
IL2RA	IL3RA	0.63
IL2RA	IL4	0.984
IL2RA	IL4R	0.751
IL2RA	IL5	0.912
IL2RA	IL6	0.953
IL2RA	IL6R	0.831
IL2RA	IL7	0.972
IL2RA	IL7R	0.914
IL2RA	IL9	0.905
IL2RA	IRF4	0.595
IL2RA	IRF8	0.453
IL2RA	ITGAE	0.488
IL2RA	ITGAL	0.417
IL2RA	ITGAM	0.495
IL2RA	ITGAX	0.486
IL2RA	KLRB1	0.449
IL2RA	KLRG1	0.557
IL2RA	KLRK1	0.472
IL2RA	LAG3	0.631
IL2RA	LCK	0.8
IL2RA	LOC102723996	0.408
IL2RA	LTA	0.542
IL2RA	MMP9	0.486
IL2RA	MS4A1	0.417
IL2RA	MTOR	0.463
IL2RA	MYD88	0.537
IL2RA	NCAM1	0.554
IL2RA	NFKB1	0.644
IL2RA	PDCD1	0.754
IL2RA	PRDM1	0.704
IL2RA	PRF1	0.733
IL2RA	PTPRC	0.677
IL2RA	RORC	0.475
IL2RA	SELL	0.65
IL2RA	STAT1	0.638
IL2RA	STAT3	0.659
IL2RA	STAT4	0.564
IL2RA	STAT6	0.408
IL2RA	TBX21	0.841
IL2RA	TGFB1	0.475
IL2RA	THY1	0.465
IL2RA	TLR4	0.404
IL2RA	TLR7	0.549
IL2RA	TNF	0.876
IL2RA	TNFRSF18	0.888
IL2RA	TNFRSF1A	0.763
IL2RA	TNFRSF1B	0.775
IL2RA	TNFRSF4	0.664
IL2RA	TNFRSF9	0.751
IL2RA	TNFSF13B	0.611
IL2RA	TNFSF4	0.449
IL2RA	VCAM1	0.595
IL2RB	IL2RG	0.999
IL2RB	IL3	0.743
IL2RB	IL3RA	0.585
IL2RB	IL4	0.916
IL2RB	IL4R	0.82
IL2RB	IL5	0.772
IL2RB	IL6	0.859
IL2RB	IL6R	0.628
IL2RB	IL7	0.941
IL2RB	IL7R	0.891
IL2RB	IL9	0.837
IL2RB	IRF4	0.469
IL2RB	ITGA4	0.471
IL2RB	ITGAE	0.568
IL2RB	ITGAL	0.615
IL2RB	ITGAM	0.609
IL2RB	ITGAX	0.577
IL2RB	ITGB2	0.443
IL2RB	KLRB1	0.613
IL2RB	KLRG1	0.718
IL2RB	KLRK1	0.714
IL2RB	LAG3	0.647
IL2RB	LCK	0.874
IL2RB	MS4A1	0.551
IL2RB	NCAM1	0.53
IL2RB	PDCD1	0.715
IL2RB	PRDM1	0.545
IL2RB	PRF1	0.913
IL2RB	PTPRC	0.706
IL2RB	S1PR1	0.42
IL2RB	S1PR5	0.413
IL2RB	SELL	0.802
IL2RB	SPN	0.517
IL2RB	STAT1	0.545
IL2RB	STAT3	0.871
IL2RB	STAT4	0.609
IL2RB	TBX21	0.813
IL2RB	TNF	0.54
IL2RB	TNFRSF18	0.577
IL2RB	TNFRSF1B	0.451
IL2RB	TNFRSF4	0.473
IL2RB	TNFRSF9	0.508
IL2RB	TNFSF13B	0.405
IL2RG	IL3	0.802
IL2RG	IL3RA	0.658
IL2RG	IL4	0.999
IL2RG	IL4R	0.999
IL2RG	IL5	0.849
IL2RG	IL6	0.832
IL2RG	IL6R	0.619
IL2RG	IL7	0.999
IL2RG	IL7R	0.999
IL2RG	IL9	0.998
IL2RG	IRF4	0.431
IL2RG	ITGAL	0.524
IL2RG	ITGAM	0.692
IL2RG	ITGAX	0.48
IL2RG	ITGB2	0.7
IL2RG	KLRG1	0.495
IL2RG	KLRK1	0.542
IL2RG	LAG3	0.425
IL2RG	LCK	0.755
IL2RG	NCAM1	0.454
IL2RG	PDCD1	0.42
IL2RG	PRF1	0.697
IL2RG	PTPRC	0.783
IL2RG	SELL	0.721
IL2RG	SPN	0.439
IL2RG	STAT1	0.82
IL2RG	STAT3	0.947
IL2RG	STAT4	0.69
IL2RG	STAT6	0.969
IL2RG	TBX21	0.559
IL2RG	TLR7	0.424
IL2RG	TNF	0.549
IL2RG	TNFRSF18	0.406
IL2RG	TNFRSF1A	0.496
IL2RG	TNFRSF4	0.449
IL2RG	TNFRSF9	0.468
IL3	IL33	0.6
IL3	IL3RA	0.999
IL3	IL4	0.981
IL3	IL4R	0.798
IL3	IL5	0.999
IL3	IL6	0.998
IL3	IL6R	0.778
IL3	IL7	0.988
IL3	IL7R	0.82
IL3	IL9	0.945
IL3	ITGAM	0.629
IL3	ITGAX	0.576
IL3	ITGB1	0.431
IL3	LCK	0.576
IL3	LTA	0.706
IL3	MMP9	0.4
IL3	MPO	0.418
IL3	NCAM1	0.471
IL3	NFKB1	0.412
IL3	PDGFRA	0.76
IL3	PECAM1	0.453
IL3	PTPRC	0.701
IL3	PXDNL	0.46
IL3	SCARB1	0.417
IL3	SELL	0.629
IL3	SPN	0.474
IL3	STAT1	0.639
IL3	STAT3	0.711
IL3	STAT6	0.487
IL3	TBX21	0.404
IL3	TGFB1	0.523
IL3	THY1	0.478
IL3	TLR2	0.416
IL3	TLR4	0.482
IL3	TLR7	0.4
IL3	TLR9	0.431
IL3	TNF	0.852
IL3	TNFSF4	0.571
IL3	VCAM1	0.479
IL33	IL3RA	0.554
IL33	IL4	0.908
IL33	IL4R	0.769
IL33	IL5	0.938
IL33	IL6	0.798
IL33	IL6R	0.606
IL33	IL7	0.693
IL33	IL7R	0.621
IL33	IL9	0.771
IL33	IRF4	0.447
IL33	ITGAE	0.541
IL33	ITGAM	0.604
IL33	ITGAX	0.598
IL33	KLRB1	0.448
IL33	KLRG1	0.637
IL33	LOC102723996	0.433
IL33	LTA	0.404
IL33	MMP9	0.485
IL33	MPO	0.43
IL33	MRC1	0.512
IL33	MYD88	0.954
IL33	NFKB1	0.679
IL33	NLRP3	0.586
IL33	PDGFRA	0.581
IL33	PRF1	0.432
IL33	PTGS2	0.472
IL33	PTPRC	0.592
IL33	RORC	0.435
IL33	SELE	0.444
IL33	SELL	0.436
IL33	STAT1	0.542
IL33	STAT3	0.569
IL33	STAT6	0.609
IL33	TBX21	0.608
IL33	TGFB1	0.583
IL33	THY1	0.466
IL33	TLR2	0.814
IL33	TLR4	0.843
IL33	TLR7	0.562
IL33	TLR9	0.658
IL33	TNF	0.77
IL33	TNFRSF1A	0.403
IL33	TNFRSF4	0.431
IL33	TNFRSF9	0.504
IL33	TNFSF13B	0.502
IL33	TNFSF4	0.6
IL33	VCAM1	0.502
IL3RA	IL4	0.839
IL3RA	IL5	0.937
IL3RA	IL6	0.889
IL3RA	IL7	0.788
IL3RA	IL7R	0.655
IL3RA	IL9	0.742
IL3RA	IRF4	0.574
IL3RA	IRF8	0.476
IL3RA	ITGAE	0.584
IL3RA	ITGAM	0.752
IL3RA	ITGAX	0.878
IL3RA	KLRB1	0.533
IL3RA	KLRK1	0.445
IL3RA	MPO	0.584
IL3RA	MS4A1	0.563
IL3RA	MYD88	0.54
IL3RA	NCAM1	0.872
IL3RA	PDCD1	0.411
IL3RA	PRF1	0.434
IL3RA	PTPRC	0.749
IL3RA	SCARB1	0.591
IL3RA	SDC1	0.446
IL3RA	SELL	0.484
IL3RA	SPN	0.488
IL3RA	TBX21	0.403
IL3RA	THY1	0.477
IL3RA	TLR2	0.416
IL3RA	TLR4	0.444
IL3RA	TLR7	0.604
IL3RA	TLR9	0.586
IL3RA	TNF	0.556
IL3RA	TNFRSF4	0.432
IL3RA	TNFRSF9	0.513
IL3RA	TNFSF4	0.552
IL4	IL4R	0.999
IL4	IL5	0.988
IL4	IL6	0.986
IL4	IL6R	0.905
IL4	IL7	0.998
IL4	IL7R	0.952
IL4	IL9	0.996
IL4	IRF4	0.807
IL4	IRF8	0.559
IL4	ITGA4	0.506
IL4	ITGAE	0.656
IL4	ITGAL	0.515
IL4	ITGAM	0.794
IL4	ITGAX	0.815
IL4	ITGB1	0.539
IL4	ITGB2	0.52
IL4	KLRB1	0.581
IL4	KLRG1	0.486
IL4	KLRK1	0.575
IL4	LAG3	0.585
IL4	LCK	0.669
IL4	LOC102723996	0.602
IL4	LTA	0.779
IL4	MBP	0.574
IL4	MMP9	0.687
IL4	MOG	0.747
IL4	MPO	0.601
IL4	MRC1	0.874
IL4	MTOR	0.744
IL4	MYD88	0.797
IL4	NCAM1	0.656
IL4	NEFL	0.514
IL4	NFE2L2	0.568
IL4	NFKB1	0.8
IL4	NLRP3	0.546
IL4	NOS2	0.674
IL4	NOTCH1	0.408
IL4	OCLN	0.474
IL4	PDCD1	0.607
IL4	PDCD1LG2	0.654
IL4	PDGFRA	0.756
IL4	PECAM1	0.523
IL4	PRDM1	0.546
IL4	PRF1	0.699
IL4	PTGS2	0.764
IL4	PTPRC	0.79
IL4	PXDNL	0.671
IL4	RORC	0.641
IL4	SCARB1	0.571
IL4	SDC1	0.55
IL4	SELE	0.602
IL4	SELL	0.754
IL4	SELP	0.659
IL4	SIRT1	0.403
IL4	SPN	0.573
IL4	STAT1	0.891
IL4	STAT3	0.92
IL4	STAT4	0.773
IL4	STAT6	0.997
IL4	TBX21	0.887
IL4	TGFB1	0.852
IL4	THY1	0.563
IL4	TJP1	0.436
IL4	TLR2	0.834
IL4	TLR4	0.869
IL4	TLR7	0.672
IL4	TLR9	0.78
IL4	TNF	0.977
IL4	TNFRSF13B	0.407
IL4	TNFRSF18	0.615
IL4	TNFRSF1A	0.582
IL4	TNFRSF1B	0.477
IL4	TNFRSF4	0.654
IL4	TNFRSF9	0.579
IL4	TNFSF13B	0.666
IL4	TNFSF4	0.647
IL4	TREM2	0.512
IL4	TXN	0.572
IL4	VCAM1	0.666
IL4R	IL5	0.933
IL4R	IL6	0.937
IL4R	IL6R	0.828
IL4R	IL7	0.943
IL4R	IL7R	0.832
IL4R	IL9	0.924
IL4R	IRF4	0.545
IL4R	IRF8	0.402
IL4R	ITGAM	0.63
IL4R	ITGAX	0.568
IL4R	MRC1	0.598
IL4R	MYD88	0.468
IL4R	NFKB1	0.453
IL4R	NOS2	0.444
IL4R	PDCD1LG2	0.415
IL4R	PTPRC	0.574
IL4R	SELL	0.423
IL4R	STAT1	0.778
IL4R	STAT3	0.809
IL4R	STAT4	0.479
IL4R	STAT6	0.999
IL4R	TBX21	0.665
IL4R	TGFB1	0.557
IL4R	TLR2	0.531
IL4R	TLR4	0.547
IL4R	TLR9	0.426
IL4R	TNF	0.645
IL4R	TNFRSF1A	0.475
IL4R	TNFRSF1B	0.541
IL4R	TREM2	0.421
IL4R	VCAM1	0.411
IL4R	VWF	0.488
IL5	IL6	0.977
IL5	IL6R	0.793
IL5	IL7	0.995
IL5	IL7R	0.87
IL5	IL9	0.995
IL5	IRF4	0.52
IL5	ITGAE	0.565
IL5	ITGAM	0.672
IL5	ITGAX	0.675
IL5	KLRB1	0.479
IL5	KLRG1	0.567
IL5	KLRK1	0.418
IL5	LAG3	0.404
IL5	LOC102723996	0.492
IL5	LTA	0.783
IL5	MMP9	0.532
IL5	MOG	0.444
IL5	MPO	0.523
IL5	MRC1	0.446
IL5	MYD88	0.698
IL5	NCAM1	0.51
IL5	NFKB1	0.527
IL5	NOS2	0.432
IL5	PDCD1	0.444
IL5	PDCD1LG2	0.585
IL5	PDGFRA	0.775
IL5	PRF1	0.586
IL5	PTGS2	0.466
IL5	PTPRC	0.666
IL5	PXDNL	0.551
IL5	RORC	0.592
IL5	SELE	0.475
IL5	SELL	0.595
IL5	SELP	0.411
IL5	STAT1	0.646
IL5	STAT3	0.595
IL5	STAT4	0.689
IL5	STAT6	0.833
IL5	TBX21	0.839
IL5	TGFB1	0.67
IL5	THY1	0.472
IL5	TLR2	0.609
IL5	TLR4	0.677
IL5	TLR7	0.536
IL5	TLR9	0.573
IL5	TNF	0.93
IL5	TNFRSF18	0.479
IL5	TNFRSF1A	0.446
IL5	TNFRSF4	0.549
IL5	TNFRSF9	0.411
IL5	TNFSF13B	0.542
IL5	TNFSF4	0.6
IL5	VCAM1	0.582
IL6	IL6R	0.999
IL6	IL7	0.983
IL6	IL7R	0.916
IL6	IL9	0.99
IL6	IRF4	0.633
IL6	IRF8	0.544
IL6	ITGA4	0.5
IL6	ITGAE	0.608
IL6	ITGAL	0.53
IL6	ITGAM	0.897
IL6	ITGAX	0.797
IL6	ITGB1	0.704
IL6	ITGB2	0.64
IL6	KLRB1	0.453
IL6	KLRK1	0.58
IL6	LAG3	0.598
IL6	LCK	0.536
IL6	LOC102723996	0.643
IL6	LTA	0.793
IL6	MBP	0.659
IL6	MMP9	0.959
IL6	MOG	0.628
IL6	MPO	0.872
IL6	MRC1	0.782
IL6	MTOR	0.772
IL6	MYD88	0.949
IL6	NCAM1	0.639
IL6	NEFL	0.445
IL6	NFE2L2	0.812
IL6	NFKB1	0.994
IL6	NLRP3	0.86
IL6	NOS2	0.781
IL6	NOTCH1	0.589
IL6	NQO1	0.613
IL6	NTRK2	0.452
IL6	OCLN	0.727
IL6	PDCD1	0.635
IL6	PDCD1LG2	0.673
IL6	PDGFRA	0.817
IL6	PECAM1	0.709
IL6	PPARGC1A	0.67
IL6	PRDM1	0.503
IL6	PRF1	0.671
IL6	PTGS2	0.96
IL6	PTPRC	0.86
IL6	PXDNL	0.821
IL6	RORC	0.727
IL6	S1PR1	0.638
IL6	SCARB1	0.71
IL6	SDC1	0.63
IL6	SELE	0.884
IL6	SELL	0.722
IL6	SELP	0.827
IL6	SIRT1	0.726
IL6	SLC2A1	0.506
IL6	SOD1	0.584
IL6	SOD2	0.654
IL6	SPN	0.437
IL6	STAT1	0.972
IL6	STAT3	0.984
IL6	STAT4	0.861
IL6	STAT6	0.906
IL6	TBX21	0.829
IL6	TFAM	0.428
IL6	TGFB1	0.96
IL6	THY1	0.65
IL6	TJP1	0.698
IL6	TLR2	0.942
IL6	TLR4	0.973
IL6	TLR7	0.888
IL6	TLR9	0.895
IL6	TNF	0.994
IL6	TNFRSF13B	0.452
IL6	TNFRSF18	0.545
IL6	TNFRSF1A	0.997
IL6	TNFRSF1B	0.847
IL6	TNFRSF4	0.703
IL6	TNFRSF9	0.618
IL6	TNFSF13B	0.74
IL6	TNFSF4	0.703
IL6	TREM2	0.663
IL6	TXN	0.547
IL6	TYROBP	0.451
IL6	VCAM1	0.921
IL6	VWF	0.716
IL6R	IL7	0.908
IL6R	IL7R	0.674
IL6R	IL9	0.772
IL6R	IRF4	0.462
IL6R	ITGAM	0.465
IL6R	ITGAX	0.433
IL6R	MMP9	0.487
IL6R	MYD88	0.631
IL6R	NFKB1	0.496
IL6R	NTRK2	0.444
IL6R	PTGS2	0.478
IL6R	PTPRC	0.527
IL6R	RORC	0.415
IL6R	S1PR1	0.555
IL6R	SELL	0.45
IL6R	SOD1	0.447
IL6R	STAT1	0.791
IL6R	STAT3	0.993
IL6R	STAT6	0.714
IL6R	TBX21	0.473
IL6R	TGFB1	0.615
IL6R	TLR2	0.481
IL6R	TLR4	0.712
IL6R	TLR9	0.487
IL6R	TNF	0.982
IL6R	TNFRSF1A	0.916
IL6R	TNFRSF1B	0.822
IL6R	TNFRSF9	0.47
IL6R	TNFSF13B	0.465
IL6R	VCAM1	0.603
IL7	IL7R	0.999
IL7	IL9	0.997
IL7	IRF4	0.483
IL7	IRF8	0.42
IL7	ITGA4	0.592
IL7	ITGAE	0.507
IL7	ITGAM	0.583
IL7	ITGAX	0.581
IL7	KLRB1	0.515
IL7	KLRG1	0.722
IL7	KLRK1	0.748
IL7	LAG3	0.572
IL7	LCK	0.692
IL7	LTA	0.741
IL7	MMP9	0.429
IL7	MYD88	0.4
IL7	NCAM1	0.582
IL7	NFKB1	0.486
IL7	NOTCH1	0.423
IL7	PDCD1	0.56
IL7	PDCD1LG2	0.463
IL7	PDGFRA	0.732
IL7	PECAM1	0.441
IL7	PRDM1	0.434
IL7	PRF1	0.634
IL7	PTPRC	0.832
IL7	RORC	0.467
IL7	SELL	0.687
IL7	SPN	0.704
IL7	STAT1	0.697
IL7	STAT3	0.63
IL7	STAT4	0.478
IL7	STAT6	0.495
IL7	TBX21	0.653
IL7	TGFB1	0.715
IL7	THY1	0.507
IL7	TLR2	0.474
IL7	TLR4	0.546
IL7	TLR7	0.502
IL7	TLR9	0.442
IL7	TNF	0.828
IL7	TNFRSF18	0.412
IL7	TNFRSF1A	0.447
IL7	TNFRSF4	0.548
IL7	TNFRSF9	0.625
IL7	TNFSF13B	0.593
IL7	TNFSF4	0.475
IL7	VCAM1	0.563
IL7R	IL9	0.922
IL7R	IRF4	0.599
IL7R	IRF8	0.583
IL7R	ITGA4	0.63
IL7R	ITGAE	0.705
IL7R	ITGAL	0.606
IL7R	ITGAM	0.76
IL7R	ITGAX	0.756
IL7R	ITGB2	0.481
IL7R	KLRB1	0.861
IL7R	KLRG1	0.861
IL7R	KLRK1	0.75
IL7R	LAG3	0.675
IL7R	LCK	0.809
IL7R	LDLR	0.505
IL7R	LOC102723996	0.449
IL7R	LTA	0.403
IL7R	MRC1	0.408
IL7R	MS4A1	0.551
IL7R	NCAM1	0.717
IL7R	NFKB1	0.437
IL7R	NOTCH1	0.658
IL7R	PDCD1	0.634
IL7R	PDCD1LG2	0.464
IL7R	PECAM1	0.535
IL7R	PRDM1	0.764
IL7R	PRF1	0.713
IL7R	PTGS2	0.551
IL7R	PTPRC	0.906
IL7R	RORC	0.608
IL7R	S1PR1	0.554
IL7R	SELL	0.851
IL7R	SPN	0.658
IL7R	STAT1	0.666
IL7R	STAT3	0.746
IL7R	STAT4	0.543
IL7R	STAT6	0.439
IL7R	TBX21	0.794
IL7R	TGFB1	0.617
IL7R	THY1	0.608
IL7R	TLR2	0.666
IL7R	TLR4	0.49
IL7R	TLR7	0.633
IL7R	TNF	0.717
IL7R	TNFRSF13B	0.535
IL7R	TNFRSF18	0.675
IL7R	TNFRSF1A	0.442
IL7R	TNFRSF1B	0.479
IL7R	TNFRSF4	0.599
IL7R	TNFRSF9	0.748
IL7R	TNFSF13B	0.678
IL7R	TNFSF4	0.481
IL7R	VCAM1	0.612
IL9	IRF4	0.828
IL9	ITGAE	0.446
IL9	ITGAM	0.481
IL9	ITGAX	0.486
IL9	KLRB1	0.4
IL9	KLRG1	0.405
IL9	LTA	0.711
IL9	MPO	0.454
IL9	PDGFRA	0.688
IL9	PRF1	0.447
IL9	PTPRC	0.507
IL9	RORC	0.507
IL9	SELL	0.451
IL9	STAT1	0.886
IL9	STAT3	0.855
IL9	STAT4	0.443
IL9	STAT6	0.635
IL9	TBX21	0.639
IL9	TGFB1	0.688
IL9	TLR2	0.425
IL9	TLR4	0.458
IL9	TNF	0.777
IL9	TNFRSF18	0.428
IL9	TNFRSF4	0.503
IL9	TNFSF4	0.506
IRF4	IRF8	0.561
IRF4	ITGAE	0.63
IRF4	ITGAM	0.607
IRF4	ITGAX	0.604
IRF4	KLRG1	0.504
IRF4	LAG3	0.532
IRF4	LCK	0.486
IRF4	LOC102723996	0.445
IRF4	MRC1	0.523
IRF4	MS4A1	0.486
IRF4	MYD88	0.983
IRF4	NFKB1	0.728
IRF4	NLRP3	0.553
IRF4	NOS2	0.532
IRF4	NOTCH1	0.414
IRF4	PDCD1	0.525
IRF4	PDCD1LG2	0.503
IRF4	POU2AF1	0.691
IRF4	PPARGC1A	0.878
IRF4	PRDM1	0.938
IRF4	PRF1	0.438
IRF4	PTPRC	0.707
IRF4	RORC	0.743
IRF4	SDC1	0.801
IRF4	SELL	0.539
IRF4	SPN	0.493
IRF4	STAT1	0.81
IRF4	STAT3	0.973
IRF4	STAT4	0.569
IRF4	STAT6	0.975
IRF4	TBX21	0.76
IRF4	TGFB1	0.448
IRF4	TLR2	0.413
IRF4	TLR4	0.684
IRF4	TLR7	0.562
IRF4	TLR9	0.504
IRF4	TNF	0.616
IRF4	TNFRSF13B	0.526
IRF4	TNFRSF18	0.619
IRF4	TNFRSF4	0.471
IRF4	TNFRSF9	0.427
IRF4	TNFSF13B	0.537
IRF4	TNFSF4	0.429
IRF8	ITGAE	0.65
IRF8	ITGAM	0.733
IRF8	ITGAX	0.657
IRF8	ITGB2	0.539
IRF8	LCK	0.47
IRF8	MMP9	0.459
IRF8	MRC1	0.468
IRF8	MS4A1	0.498
IRF8	MYD88	0.705
IRF8	NFKB1	0.701
IRF8	PDGFRA	0.428
IRF8	POU2AF1	0.512
IRF8	PRDM1	0.619
IRF8	PTPRC	0.726
IRF8	RORC	0.415
IRF8	SCARB1	0.462
IRF8	SELL	0.448
IRF8	STAT1	0.904
IRF8	STAT3	0.711
IRF8	STAT4	0.56
IRF8	STAT6	0.503
IRF8	TBX21	0.716
IRF8	TLR2	0.536
IRF8	TLR4	0.559
IRF8	TLR7	0.671
IRF8	TLR9	0.539
IRF8	TNF	0.745
IRF8	TNFSF13B	0.465
IRF8	TREM2	0.504
IRF8	TYROBP	0.714
IRF8	VCAM1	0.482
ITGA4	ITGAE	0.647
ITGA4	ITGAL	0.963
ITGA4	ITGAM	0.797
ITGA4	ITGAX	0.861
ITGA4	ITGB1	0.999
ITGA4	ITGB2	0.994
ITGA4	KLRB1	0.464
ITGA4	KLRG1	0.491
ITGA4	KLRK1	0.408
ITGA4	LAG3	0.406
ITGA4	LCK	0.408
ITGA4	MMP9	0.428
ITGA4	NCAM1	0.543
ITGA4	NFKB1	0.574
ITGA4	PECAM1	0.746
ITGA4	PLP1	0.402
ITGA4	PRF1	0.482
ITGA4	PTPRC	0.765
ITGA4	SCARB1	0.563
ITGA4	SDC1	0.432
ITGA4	SELE	0.725
ITGA4	SELL	0.842
ITGA4	SELP	0.694
ITGA4	SPN	0.472
ITGA4	TBX21	0.491
ITGA4	TGFB1	0.626
ITGA4	THY1	0.566
ITGA4	TLR4	0.441
ITGA4	TNF	0.754
ITGA4	VCAM1	0.999
ITGA4	VWF	0.743
ITGAE	ITGAL	0.624
ITGAE	ITGAM	0.65
ITGAE	ITGAX	0.66
ITGAE	ITGB1	0.827
ITGAE	ITGB2	0.762
ITGAE	KLRB1	0.708
ITGAE	KLRG1	0.82
ITGAE	KLRK1	0.492
ITGAE	LAG3	0.617
ITGAE	LOC102723996	0.436
ITGAE	MOG	0.477
ITGAE	MRC1	0.52
ITGAE	MTOR	0.453
ITGAE	MYD88	0.533
ITGAE	NCAM1	0.582
ITGAE	PDCD1	0.587
ITGAE	PDCD1LG2	0.494
ITGAE	PECAM1	0.438
ITGAE	PRDM1	0.514
ITGAE	PRF1	0.62
ITGAE	PTPRC	0.812
ITGAE	RORC	0.476
ITGAE	S1PR1	0.629
ITGAE	SELL	0.848
ITGAE	SPN	0.672
ITGAE	STAT3	0.433
ITGAE	TBX21	0.694
ITGAE	TGFB1	0.516
ITGAE	THY1	0.482
ITGAE	TLR2	0.644
ITGAE	TLR4	0.522
ITGAE	TLR7	0.514
ITGAE	TLR9	0.511
ITGAE	TNF	0.654
ITGAE	TNFRSF18	0.806
ITGAE	TNFRSF4	0.57
ITGAE	TNFRSF9	0.529
ITGAE	TNFSF4	0.478
ITGAE	VCAM1	0.602
ITGAL	ITGAM	0.994
ITGAL	ITGAX	0.951
ITGAL	ITGB1	0.985
ITGAL	ITGB2	0.999
ITGAL	KLRB1	0.448
ITGAL	KLRG1	0.623
ITGAL	KLRK1	0.562
ITGAL	LAG3	0.419
ITGAL	LCK	0.703
ITGAL	MPO	0.443
ITGAL	NCAM1	0.589
ITGAL	PDCD1	0.585
ITGAL	PECAM1	0.616
ITGAL	PRF1	0.783
ITGAL	PTPRC	0.931
ITGAL	SELE	0.858
ITGAL	SELL	0.885
ITGAL	SELP	0.76
ITGAL	SPN	0.863
ITGAL	TBX21	0.51
ITGAL	THY1	0.46
ITGAL	TLR2	0.434
ITGAL	TLR4	0.423
ITGAL	TNF	0.71
ITGAL	TNFSF13B	0.514
ITGAL	TYROBP	0.437
ITGAL	VCAM1	0.992
ITGAM	ITGAX	0.729
ITGAM	ITGB1	0.974
ITGAM	ITGB2	0.999
ITGAM	KLRB1	0.517
ITGAM	KLRG1	0.789
ITGAM	KLRK1	0.599
ITGAM	LAG3	0.585
ITGAM	LCK	0.637
ITGAM	LOC102723996	0.478
ITGAM	MBP	0.7
ITGAM	MMP9	0.713
ITGAM	MOG	0.6
ITGAM	MPO	0.823
ITGAM	MRC1	0.931
ITGAM	MYD88	0.796
ITGAM	NCAM1	0.727
ITGAM	NFKB1	0.618
ITGAM	NLRP3	0.582
ITGAM	NOS2	0.613
ITGAM	NOTCH1	0.412
ITGAM	PDCD1	0.621
ITGAM	PDCD1LG2	0.617
ITGAM	PDGFRA	0.496
ITGAM	PECAM1	0.836
ITGAM	PLP1	0.518
ITGAM	PRDM1	0.619
ITGAM	PRF1	0.665
ITGAM	PTGS2	0.59
ITGAM	PTPRC	0.971
ITGAM	PXDNL	0.634
ITGAM	RORC	0.433
ITGAM	S1PR1	0.428
ITGAM	SCARB1	0.776
ITGAM	SDC1	0.727
ITGAM	SELE	0.762
ITGAM	SELL	0.929
ITGAM	SELP	0.934
ITGAM	SPN	0.749
ITGAM	STAT1	0.876
ITGAM	STAT3	0.828
ITGAM	STAT4	0.465
ITGAM	STAT6	0.795
ITGAM	TBX21	0.717
ITGAM	TGFB1	0.687
ITGAM	THY1	0.998
ITGAM	TLR2	0.893
ITGAM	TLR4	0.92
ITGAM	TLR7	0.807
ITGAM	TLR9	0.797
ITGAM	TNF	0.909
ITGAM	TNFRSF18	0.5
ITGAM	TNFRSF1A	0.646
ITGAM	TNFRSF1B	0.475
ITGAM	TNFRSF4	0.531
ITGAM	TNFRSF9	0.669
ITGAM	TNFSF13B	0.589
ITGAM	TNFSF4	0.51
ITGAM	TREM2	0.629
ITGAM	TYROBP	0.737
ITGAM	VCAM1	0.991
ITGAX	ITGB1	0.964
ITGAX	ITGB2	0.999
ITGAX	KLRB1	0.528
ITGAX	KLRG1	0.639
ITGAX	KLRK1	0.54
ITGAX	LAG3	0.55
ITGAX	LCK	0.47
ITGAX	LOC102723996	0.544
ITGAX	LTA	0.434
ITGAX	MMP9	0.53
ITGAX	MOG	0.577
ITGAX	MPO	0.543
ITGAX	MRC1	0.812
ITGAX	MYD88	0.703
ITGAX	NCAM1	0.731
ITGAX	NFKB1	0.53
ITGAX	NLRP3	0.506
ITGAX	NOS2	0.493
ITGAX	PDCD1	0.597
ITGAX	PDCD1LG2	0.62
ITGAX	PECAM1	0.732
ITGAX	PLP1	0.469
ITGAX	PRDM1	0.621
ITGAX	PRF1	0.632
ITGAX	PTGS2	0.417
ITGAX	PTPRC	0.939
ITGAX	PXDNL	0.582
ITGAX	RORC	0.448
ITGAX	S1PR1	0.405
ITGAX	SCARB1	0.581
ITGAX	SDC1	0.73
ITGAX	SELE	0.638
ITGAX	SELL	0.827
ITGAX	SELP	0.475
ITGAX	SPN	0.708
ITGAX	STAT1	0.865
ITGAX	STAT3	0.781
ITGAX	STAT6	0.762
ITGAX	TBX21	0.743
ITGAX	TGFB1	0.624
ITGAX	THY1	0.803
ITGAX	TLR2	0.763
ITGAX	TLR4	0.769
ITGAX	TLR7	0.738
ITGAX	TLR9	0.816
ITGAX	TNF	0.876
ITGAX	TNFRSF18	0.513
ITGAX	TNFRSF1A	0.428
ITGAX	TNFRSF1B	0.451
ITGAX	TNFRSF4	0.677
ITGAX	TNFRSF9	0.682
ITGAX	TNFSF13B	0.589
ITGAX	TNFSF4	0.585
ITGAX	TREM2	0.57
ITGAX	TYROBP	0.677
ITGAX	VCAM1	0.936
ITGB1	ITGB2	0.985
ITGB1	LCK	0.486
ITGB1	MMP9	0.674
ITGB1	NCAM1	0.683
ITGB1	NFKB1	0.549
ITGB1	NOTCH1	0.425
ITGB1	PDGFRA	0.56
ITGB1	PECAM1	0.828
ITGB1	PLP1	0.401
ITGB1	PTPRC	0.913
ITGB1	PXDNL	0.555
ITGB1	SCARB1	0.802
ITGB1	SDC1	0.685
ITGB1	SELE	0.694
ITGB1	SELL	0.669
ITGB1	SELP	0.667
ITGB1	SOX10	0.499
ITGB1	SPN	0.401
ITGB1	STAT1	0.637
ITGB1	STAT3	0.822
ITGB1	STAT6	0.577
ITGB1	TGFB1	0.885
ITGB1	THY1	0.893
ITGB1	TJP1	0.413
ITGB1	TLR4	0.627
ITGB1	TNF	0.718
ITGB1	VCAM1	0.999
ITGB1	VWF	0.834
ITGB2	KLRK1	0.539
ITGB2	LCK	0.641
ITGB2	MBP	0.538
ITGB2	MMP9	0.705
ITGB2	MPO	0.841
ITGB2	MRC1	0.449
ITGB2	MYD88	0.487
ITGB2	NCAM1	0.695
ITGB2	NFKB1	0.448
ITGB2	PECAM1	0.814
ITGB2	PRF1	0.679
ITGB2	PTPRC	0.87
ITGB2	SCARB1	0.785
ITGB2	SELE	0.993
ITGB2	SELL	0.976
ITGB2	SELP	0.978
ITGB2	SPN	0.722
ITGB2	STAT1	0.692
ITGB2	STAT3	0.684
ITGB2	STAT6	0.653
ITGB2	TGFB1	0.697
ITGB2	THY1	0.979
ITGB2	TLR2	0.791
ITGB2	TLR4	0.672
ITGB2	TLR7	0.66
ITGB2	TLR9	0.452
ITGB2	TNF	0.727
ITGB2	TNFRSF1B	0.51
ITGB2	TNFRSF9	0.508
ITGB2	TNFSF13B	0.539
ITGB2	TREM2	0.42
ITGB2	TYROBP	0.972
ITGB2	VCAM1	0.998
ITGB2	VWF	0.528
KLRB1	KLRK1	0.963
KLRB1	LAG3	0.53
KLRB1	LCK	0.671
KLRB1	MS4A1	0.458
KLRB1	NCAM1	0.734
KLRB1	PDCD1	0.657
KLRB1	PRF1	0.769
KLRB1	PTPRC	0.677
KLRB1	RORC	0.601
KLRB1	SELL	0.604
KLRB1	STAT4	0.486
KLRB1	TBX21	0.701
KLRB1	TNF	0.565
KLRB1	TNFRSF4	0.406
KLRB1	TNFRSF9	0.613
KLRB1	TYROBP	0.681
KLRG1	KLRK1	0.625
KLRG1	LAG3	0.741
KLRG1	LCK	0.42
KLRG1	NCAM1	0.551
KLRG1	PDCD1	0.76
KLRG1	PRDM1	0.625
KLRG1	PRF1	0.757
KLRG1	PTPRC	0.766
KLRG1	RORC	0.446
KLRG1	S1PR1	0.487
KLRG1	S1PR5	0.499
KLRG1	SELL	0.81
KLRG1	SPN	0.635
KLRG1	STAT4	0.448
KLRG1	TBX21	0.835
KLRG1	THY1	0.549
KLRG1	TNF	0.603
KLRG1	TNFRSF18	0.545
KLRG1	TNFRSF4	0.524
KLRG1	TNFRSF9	0.569
KLRG1	TNFSF4	0.416
KLRK1	LAG3	0.645
KLRK1	LCK	0.806
KLRK1	LTA	0.706
KLRK1	MS4A1	0.422
KLRK1	MYD88	0.409
KLRK1	NCAM1	0.83
KLRK1	PDCD1	0.739
KLRK1	PDCD1LG2	0.495
KLRK1	PECAM1	0.501
KLRK1	PRF1	0.932
KLRK1	PTPRC	0.773
KLRK1	SELL	0.618
KLRK1	SPN	0.431
KLRK1	STAT1	0.474
KLRK1	STAT3	0.53
KLRK1	STAT4	0.46
KLRK1	TBX21	0.748
KLRK1	TGFB1	0.516
KLRK1	TLR2	0.429
KLRK1	TLR4	0.46
KLRK1	TLR7	0.536
KLRK1	TLR9	0.438
KLRK1	TNF	0.666
KLRK1	TNFRSF18	0.534
KLRK1	TNFRSF4	0.647
KLRK1	TNFRSF9	0.807
KLRK1	TREM2	0.472
KLRK1	TYROBP	0.998
LAG3	LCK	0.553
LAG3	LOC102723996	0.571
LAG3	MRC1	0.411
LAG3	NCAM1	0.545
LAG3	PDCD1	0.95
LAG3	PDCD1LG2	0.872
LAG3	PECAM1	0.43
LAG3	PRDM1	0.601
LAG3	PRF1	0.816
LAG3	PTPRC	0.627
LAG3	SELL	0.718
LAG3	SPN	0.549
LAG3	STAT1	0.596
LAG3	STAT3	0.544
LAG3	STAT4	0.517
LAG3	TBX21	0.746
LAG3	TGFB1	0.677
LAG3	TLR7	0.427
LAG3	TLR9	0.409
LAG3	TNF	0.664
LAG3	TNFRSF18	0.786
LAG3	TNFRSF4	0.797
LAG3	TNFRSF9	0.799
LAG3	TNFSF4	0.713
LCK	MS4A1	0.603
LCK	MTOR	0.413
LCK	NFKB1	0.49
LCK	NOTCH1	0.763
LCK	PDCD1	0.733
LCK	PDCD1LG2	0.668
LCK	PECAM1	0.724
LCK	POU2AF1	0.45
LCK	PRF1	0.75
LCK	PTPRC	0.999
LCK	SELL	0.591
LCK	SPN	0.58
LCK	STAT1	0.82
LCK	STAT3	0.959
LCK	STAT4	0.466
LCK	STAT6	0.444
LCK	TBX21	0.6
LCK	TGFB1	0.428
LCK	THY1	0.809
LCK	TLR4	0.402
LCK	TLR7	0.555
LCK	TNF	0.537
LCK	TNFRSF1A	0.467
LCK	TNFRSF4	0.416
LCK	TNFRSF9	0.67
LCK	TREM2	0.538
LCK	TYROBP	0.935
LCK	VCAM1	0.416
LINGO1	MAG	0.949
LINGO1	MBP	0.537
LINGO1	MOG	0.484
LINGO1	NCAM1	0.415
LINGO1	OLIG1	0.485
LINGO1	OLIG2	0.551
LINGO1	PLP1	0.468
LINGO1	SOX10	0.405
LOC102723996	PDCD1	0.887
LOC102723996	PDCD1LG2	0.74
LOC102723996	PRDM1	0.458
LOC102723996	PTPRC	0.523
LOC102723996	SELL	0.46
LOC102723996	STAT3	0.443
LOC102723996	TBX21	0.531
LOC102723996	TLR7	0.41
LOC102723996	TLR9	0.432
LOC102723996	TNF	0.52
LOC102723996	TNFRSF13B	0.681
LOC102723996	TNFRSF18	0.716
LOC102723996	TNFRSF1A	0.527
LOC102723996	TNFRSF4	0.992
LOC102723996	TNFRSF9	0.929
LOC102723996	TNFSF13B	0.873
LOC102723996	TNFSF4	0.904
LTA	MMP9	0.435
LTA	NFKB1	0.489
LTA	PRF1	0.499
LTA	PTPRC	0.651
LTA	SELL	0.427
LTA	TBX21	0.485
LTA	TGFB1	0.505
LTA	TLR4	0.465
LTA	TLR9	0.404
LTA	TNF	0.984
LTA	TNFRSF1A	0.999
LTA	TNFRSF1B	0.999
LTA	TNFRSF4	0.479
LTA	TNFRSF9	0.459
LTA	TNFSF13B	0.734
LTA	TNFSF4	0.426
LTA	VCAM1	0.544
MAG	MBP	0.989
MAG	MOG	0.935
MAG	MYRF	0.582
MAG	NEFH	0.541
MAG	NEFL	0.512
MAG	OLIG1	0.694
MAG	OLIG2	0.708
MAG	PDGFRA	0.519
MAG	PLP1	0.897
MAG	SOX10	0.905
MBP	MMP9	0.463
MBP	MOG	0.955
MBP	MYRF	0.63
MBP	NCAM1	0.44
MBP	NEFH	0.718
MBP	NEFL	0.754
MBP	NTRK2	0.429
MBP	OLIG1	0.768
MBP	OLIG2	0.843
MBP	PDGFRA	0.707
MBP	PLP1	0.988
MBP	PTPRC	0.5
MBP	PXDNL	0.72
MBP	SOX10	0.933
MBP	TLR4	0.426
MBP	TNF	0.606
MMP9	MPO	0.969
MMP9	MTOR	0.588
MMP9	MYD88	0.568
MMP9	NCAM1	0.631
MMP9	NFE2L2	0.536
MMP9	NFKB1	0.802
MMP9	NLRP3	0.479
MMP9	NOS2	0.681
MMP9	NOTCH1	0.606
MMP9	NQO1	0.426
MMP9	OCLN	0.766
MMP9	PDCD1	0.405
MMP9	PDGFRA	0.435
MMP9	PECAM1	0.743
MMP9	PRF1	0.408
MMP9	PTGS2	0.815
MMP9	PTPRC	0.711
MMP9	PXDNL	0.755
MMP9	SCARB1	0.557
MMP9	SDC1	0.968
MMP9	SELE	0.65
MMP9	SELL	0.484
MMP9	SELP	0.601
MMP9	SIRT1	0.597
MMP9	SLC2A1	0.406
MMP9	SOD1	0.43
MMP9	SOD2	0.448
MMP9	STAT1	0.727
MMP9	STAT3	0.89
MMP9	STAT6	0.72
MMP9	TGFB1	0.968
MMP9	THY1	0.652
MMP9	TJP1	0.678
MMP9	TLR2	0.802
MMP9	TLR4	0.934
MMP9	TLR7	0.63
MMP9	TLR9	0.442
MMP9	TNF	0.93
MMP9	TNFRSF1A	0.554
MMP9	TNFRSF1B	0.644
MMP9	TNFSF13B	0.557
MMP9	TREM2	0.42
MMP9	TXN	0.436
MMP9	TYROBP	0.626
MMP9	VCAM1	0.748
MMP9	VWF	0.805
MOG	MYRF	0.49
MOG	NEFH	0.481
MOG	NEFL	0.555
MOG	OLIG1	0.754
MOG	OLIG2	0.646
MOG	PDGFRA	0.54
MOG	PLP1	0.903
MOG	PTPRC	0.61
MOG	PXDNL	0.426
MOG	RORC	0.464
MOG	SELL	0.495
MOG	SOX10	0.526
MOG	STAT3	0.444
MOG	STAT4	0.521
MOG	TBX21	0.575
MOG	TLR4	0.555
MOG	TNF	0.613
MPO	MRC1	0.436
MPO	MYD88	0.542
MPO	NCAM1	0.609
MPO	NFE2L2	0.525
MPO	NFKB1	0.518
MPO	NLRP3	0.544
MPO	NOS2	0.515
MPO	NQO1	0.666
MPO	OCLN	0.561
MPO	PECAM1	0.532
MPO	PTGS2	0.641
MPO	PTPRC	0.685
MPO	SCARB1	0.51
MPO	SDC1	0.475
MPO	SELE	0.743
MPO	SELL	0.546
MPO	SELP	0.675
MPO	SOD2	0.407
MPO	SPN	0.614
MPO	STAT3	0.53
MPO	TGFB1	0.519
MPO	TJP1	0.48
MPO	TLR2	0.611
MPO	TLR4	0.728
MPO	TLR9	0.466
MPO	TNF	0.832
MPO	TNFRSF1A	0.415
MPO	TNFRSF1B	0.407
MPO	TXN	0.402
MPO	VCAM1	0.621
MPO	VWF	0.58
MRC1	MYD88	0.504
MRC1	NCAM1	0.431
MRC1	NFKB1	0.467
MRC1	NLRP3	0.443
MRC1	NOS2	0.656
MRC1	PDCD1	0.582
MRC1	PDCD1LG2	0.486
MRC1	PECAM1	0.663
MRC1	PTGS2	0.514
MRC1	PTPRC	0.802
MRC1	PXDNL	0.511
MRC1	SCARB1	0.646
MRC1	SELL	0.713
MRC1	STAT1	0.573
MRC1	STAT3	0.582
MRC1	STAT6	0.661
MRC1	TGFB1	0.6
MRC1	THY1	0.426
MRC1	TLR2	0.638
MRC1	TLR4	0.79
MRC1	TLR7	0.487
MRC1	TLR9	0.46
MRC1	TNF	0.79
MRC1	TREM2	0.655
MRC1	TYROBP	0.509
MRC1	VCAM1	0.473
MRC1	VWF	0.41
MS4A1	NCAM1	0.629
MS4A1	PDCD1	0.417
MS4A1	POU2AF1	0.889
MS4A1	PRDM1	0.629
MS4A1	PTPRC	0.631
MS4A1	SCARB1	0.421
MS4A1	SDC1	0.504
MS4A1	SELL	0.736
MS4A1	TBX21	0.426
MS4A1	TNF	0.434
MS4A1	TNFRSF13B	0.668
MS4A1	TNFRSF1B	0.457
MS4A1	VCAM1	0.404
MTOR	MYD88	0.645
MTOR	NFE2L2	0.637
MTOR	NFKB1	0.76
MTOR	NLRP3	0.472
MTOR	NOTCH1	0.585
MTOR	NTRK2	0.513
MTOR	PDCD1	0.507
MTOR	PDGFRA	0.558
MTOR	PECAM1	0.427
MTOR	PPARGC1A	0.703
MTOR	PRKAA1	0.972
MTOR	PTGS2	0.575
MTOR	PTPRC	0.422
MTOR	PXDNL	0.671
MTOR	SCARB1	0.429
MTOR	SIRT1	0.937
MTOR	SLC2A1	0.634
MTOR	SOD1	0.44
MTOR	SOD2	0.493
MTOR	STAT1	0.827
MTOR	STAT3	0.926
MTOR	STAT6	0.417
MTOR	TBX21	0.434
MTOR	TFAM	0.503
MTOR	TGFB1	0.582
MTOR	TLR2	0.444
MTOR	TLR4	0.59
MTOR	TNF	0.671
MTOR	TREM2	0.508
MTOR	TXN	0.468
MYD88	NFE2L2	0.446
MYD88	NFKB1	0.972
MYD88	NLRP3	0.747
MYD88	NOS2	0.546
MYD88	NOTCH1	0.555
MYD88	OCLN	0.609
MYD88	PDCD1LG2	0.425
MYD88	PRDM1	0.446
MYD88	PRF1	0.492
MYD88	PTGS2	0.742
MYD88	PTPRC	0.605
MYD88	PXDNL	0.573
MYD88	SCARB1	0.633
MYD88	SELE	0.463
MYD88	SELL	0.53
MYD88	SELP	0.409
MYD88	SIRT1	0.461
MYD88	STAT1	0.877
MYD88	STAT3	0.838
MYD88	STAT4	0.423
MYD88	STAT6	0.583
MYD88	TBX21	0.517
MYD88	TGFB1	0.566
MYD88	TJP1	0.51
MYD88	TLR2	0.999
MYD88	TLR4	0.999
MYD88	TLR7	0.999
MYD88	TLR9	0.999
MYD88	TNF	0.939
MYD88	TNFRSF13B	0.827
MYD88	TNFRSF1A	0.818
MYD88	TNFRSF1B	0.409
MYD88	TNFSF13B	0.596
MYD88	TXN	0.61
MYD88	TYROBP	0.459
MYD88	VCAM1	0.691
MYRF	OLIG1	0.703
MYRF	OLIG2	0.693
MYRF	PDGFRA	0.539
MYRF	PLP1	0.752
MYRF	SOX10	0.799
NCAM1	NEFL	0.458
NCAM1	NOTCH1	0.456
NCAM1	NTRK2	0.693
NCAM1	OLIG2	0.506
NCAM1	PDCD1	0.577
NCAM1	PDCD1LG2	0.433
NCAM1	PECAM1	0.607
NCAM1	PRDM1	0.53
NCAM1	PRF1	0.925
NCAM1	PTPRC	0.875
NCAM1	SCARB1	0.706
NCAM1	SDC1	0.842
NCAM1	SELL	0.794
NCAM1	SOX10	0.472
NCAM1	SPN	0.643
NCAM1	STAT1	0.709
NCAM1	STAT3	0.625
NCAM1	TBX21	0.736
NCAM1	TGFB1	0.468
NCAM1	THY1	0.777
NCAM1	TLR2	0.431
NCAM1	TLR4	0.463
NCAM1	TLR7	0.463
NCAM1	TLR9	0.453
NCAM1	TNF	0.701
NCAM1	TNFRSF4	0.433
NCAM1	TNFRSF9	0.542
NCAM1	VCAM1	0.802
NDUFA1	SOD2	0.702
NEFH	NEFL	0.996
NEFH	NTRK2	0.428
NEFH	OLIG2	0.469
NEFH	SOD1	0.786
NEFL	NTRK2	0.436
NEFL	OLIG2	0.491
NEFL	PLP1	0.482
NEFL	SOD1	0.976
NEFL	THY1	0.432
NEFL	TNF	0.452
NEFL	TREM2	0.538
NFE2L2	NFKB1	0.659
NFE2L2	NLRP3	0.544
NFE2L2	NOS2	0.475
NFE2L2	NOTCH1	0.857
NFE2L2	NQO1	0.978
NFE2L2	OCLN	0.441
NFE2L2	PECAM1	0.476
NFE2L2	PPARGC1A	0.942
NFE2L2	PTGS2	0.698
NFE2L2	PXDNL	0.618
NFE2L2	SCARB1	0.436
NFE2L2	SIRT1	0.737
NFE2L2	SOD1	0.708
NFE2L2	SOD2	0.701
NFE2L2	STAT1	0.453
NFE2L2	STAT3	0.742
NFE2L2	TFAM	0.625
NFE2L2	TGFB1	0.556
NFE2L2	TJP1	0.404
NFE2L2	TLR2	0.408
NFE2L2	TLR4	0.626
NFE2L2	TNF	0.701
NFE2L2	TNFRSF1A	0.543
NFE2L2	TXN	0.741
NFE2L2	VCAM1	0.454
NFKB1	NLRP3	0.981
NFKB1	NOS2	0.696
NFKB1	NOTCH1	0.932
NFKB1	NQO1	0.482
NFKB1	OCLN	0.5
NFKB1	PDCD1	0.417
NFKB1	PDCD1LG2	0.425
NFKB1	PECAM1	0.514
NFKB1	PPARGC1A	0.77
NFKB1	PRDM1	0.449
NFKB1	PRF1	0.483
NFKB1	PTGS2	0.842
NFKB1	PTPRC	0.577
NFKB1	PXDNL	0.625
NFKB1	SCARB1	0.697
NFKB1	SELE	0.589
NFKB1	SELL	0.428
NFKB1	SELP	0.443
NFKB1	SIRT1	0.983
NFKB1	SLC2A1	0.452
NFKB1	SOD1	0.503
NFKB1	SOD2	0.56
NFKB1	STAT1	0.926
NFKB1	STAT3	0.962
NFKB1	STAT4	0.643
NFKB1	STAT6	0.858
NFKB1	TBX21	0.493
NFKB1	TFAM	0.419
NFKB1	TGFB1	0.711
NFKB1	TJP1	0.48
NFKB1	TLR2	0.992
NFKB1	TLR4	0.993
NFKB1	TLR7	0.817
NFKB1	TLR9	0.828
NFKB1	TNF	0.999
NFKB1	TNFRSF13B	0.447
NFKB1	TNFRSF18	0.546
NFKB1	TNFRSF1A	0.848
NFKB1	TNFRSF1B	0.731
NFKB1	TNFRSF4	0.4
NFKB1	TNFRSF9	0.433
NFKB1	TNFSF13B	0.735
NFKB1	TXN	0.983
NFKB1	VCAM1	0.769
NFKB1	VWF	0.534
NLRP3	NQO1	0.418
NLRP3	OCLN	0.402
NLRP3	PPARGC1A	0.476
NLRP3	PRF1	0.427
NLRP3	PTGS2	0.707
NLRP3	PTPRC	0.479
NLRP3	PXDNL	0.447
NLRP3	SCARB1	0.507
NLRP3	SIRT1	0.532
NLRP3	SOD2	0.426
NLRP3	STAT1	0.53
NLRP3	STAT3	0.558
NLRP3	TGFB1	0.472
NLRP3	TLR2	0.849
NLRP3	TLR4	0.874
NLRP3	TLR7	0.632
NLRP3	TLR9	0.746
NLRP3	TNF	0.869
NLRP3	TNFRSF1A	0.58
NLRP3	TNFRSF1B	0.517
NLRP3	TREM2	0.404
NLRP3	TXN	0.853
NLRP3	VCAM1	0.483
NOS2	PTGS2	0.908
NOS2	PTPRC	0.473
NOS2	PXDNL	0.525
NOS2	SELE	0.476
NOS2	SOD1	0.468
NOS2	STAT1	0.738
NOS2	STAT3	0.749
NOS2	STAT4	0.502
NOS2	STAT6	0.718
NOS2	TGFB1	0.495
NOS2	TLR2	0.692
NOS2	TLR4	0.754
NOS2	TNF	0.858
NOS2	TXN	0.409
NOS2	VCAM1	0.472
NOTCH1	PDGFRA	0.574
NOTCH1	PECAM1	0.529
NOTCH1	PTGS2	0.413
NOTCH1	PTPRC	0.54
NOTCH1	PXDNL	0.529
NOTCH1	SIRT1	0.542
NOTCH1	SOD1	0.454
NOTCH1	STAT1	0.444
NOTCH1	STAT3	0.677
NOTCH1	STAT6	0.427
NOTCH1	TGFB1	0.622
NOTCH1	THY1	0.449
NOTCH1	TJP1	0.569
NOTCH1	TLR2	0.407
NOTCH1	TLR4	0.462
NOTCH1	TNF	0.711
NOTCH1	VCAM1	0.44
NQO1	PPARGC1A	0.675
NQO1	PTGS2	0.578
NQO1	PXDNL	0.591
NQO1	SIRT1	0.537
NQO1	SOD1	0.673
NQO1	SOD2	0.692
NQO1	STAT3	0.427
NQO1	TGFB1	0.406
NQO1	TLR4	0.433
NQO1	TNF	0.712
NQO1	TXN	0.819
NTRK2	PDGFRA	0.508
NTRK2	PPARGC1A	0.408
NTRK2	STAT3	0.422
NTRK2	TGFB1	0.581
NTRK2	TNF	0.641
NTRK2	TNFRSF1A	0.428
OCLN	PECAM1	0.753
OCLN	PTGS2	0.534
OCLN	PXDNL	0.699
OCLN	SCARB1	0.861
OCLN	SELE	0.403
OCLN	SIRT1	0.405
OCLN	SLC2A1	0.425
OCLN	STAT3	0.446
OCLN	TGFB1	0.522
OCLN	TJP1	0.999
OCLN	TLR2	0.591
OCLN	TLR4	0.746
OCLN	TNF	0.726
OCLN	VCAM1	0.6
OCLN	VWF	0.591
OLIG1	OLIG2	0.909
OLIG1	PDGFRA	0.717
OLIG1	PLP1	0.815
OLIG1	SOX10	0.877
OLIG2	PDGFRA	0.808
OLIG2	PLP1	0.733
OLIG2	PXDNL	0.515
OLIG2	SOX10	0.892
OLIG2	STAT3	0.4
PDCD1	PDCD1LG2	0.999
PDCD1	PRDM1	0.536
PDCD1	PRF1	0.7
PDCD1	PTPRC	0.69
PDCD1	SDC1	0.421
PDCD1	SELL	0.646
PDCD1	STAT1	0.548
PDCD1	STAT3	0.639
PDCD1	STAT4	0.427
PDCD1	TBX21	0.7
PDCD1	TGFB1	0.52
PDCD1	TLR4	0.446
PDCD1	TLR7	0.439
PDCD1	TLR9	0.473
PDCD1	TNF	0.7
PDCD1	TNFRSF18	0.709
PDCD1	TNFRSF1A	0.564
PDCD1	TNFRSF4	0.812
PDCD1	TNFRSF9	0.826
PDCD1	TNFSF4	0.564
PDCD1LG2	PRF1	0.525
PDCD1LG2	PTPRC	0.613
PDCD1LG2	SELL	0.491
PDCD1LG2	STAT1	0.56
PDCD1LG2	STAT3	0.697
PDCD1LG2	STAT6	0.493
PDCD1LG2	TBX21	0.479
PDCD1LG2	TGFB1	0.567
PDCD1LG2	TLR2	0.409
PDCD1LG2	TLR4	0.517
PDCD1LG2	TLR7	0.623
PDCD1LG2	TLR9	0.424
PDCD1LG2	TNF	0.663
PDCD1LG2	TNFRSF18	0.621
PDCD1LG2	TNFRSF4	0.804
PDCD1LG2	TNFRSF9	0.71
PDCD1LG2	TNFSF4	0.775
PDGFRA	PECAM1	0.73
PDGFRA	PLP1	0.622
PDGFRA	PTGS2	0.562
PDGFRA	PTPRC	0.678
PDGFRA	PXDNL	0.446
PDGFRA	SOX10	0.711
PDGFRA	STAT1	0.914
PDGFRA	STAT3	0.961
PDGFRA	STAT6	0.614
PDGFRA	TGFB1	0.774
PDGFRA	THY1	0.649
PDGFRA	TNF	0.432
PDGFRA	TNFRSF1A	0.483
PDGFRA	VCAM1	0.624
PDGFRA	VWF	0.423
PECAM1	PTGS2	0.515
PECAM1	PTPRC	0.912
PECAM1	PXDNL	0.741
PECAM1	S1PR1	0.516
PECAM1	SCARB1	0.685
PECAM1	SDC1	0.718
PECAM1	SELE	0.959
PECAM1	SELL	0.797
PECAM1	SELP	0.908
PECAM1	SLC2A1	0.512
PECAM1	SOX10	0.435
PECAM1	SPN	0.716
PECAM1	STAT1	0.447
PECAM1	STAT3	0.621
PECAM1	STAT6	0.449
PECAM1	TGFB1	0.702
PECAM1	THY1	0.878
PECAM1	TJP1	0.788
PECAM1	TLR2	0.533
PECAM1	TLR4	0.608
PECAM1	TNF	0.728
PECAM1	TNFRSF1A	0.49
PECAM1	TNFSF13B	0.421
PECAM1	TYROBP	0.519
PECAM1	VCAM1	0.82
PECAM1	VWF	0.918
PLP1	SOX10	0.883
POU2AF1	PRDM1	0.464
POU2AF1	PTPRC	0.487
POU2AF1	TNFRSF13B	0.573
PPARGC1A	PRKAA1	0.962
PPARGC1A	PTGS2	0.521
PPARGC1A	PXDNL	0.615
PPARGC1A	SCARB1	0.671
PPARGC1A	SIRT1	0.999
PPARGC1A	SLC2A1	0.724
PPARGC1A	SOD1	0.958
PPARGC1A	SOD2	0.973
PPARGC1A	STAT1	0.623
PPARGC1A	STAT3	0.538
PPARGC1A	TFAM	0.988
PPARGC1A	TGFB1	0.484
PPARGC1A	TLR4	0.531
PPARGC1A	TNF	0.646
PPARGC1A	TNFRSF9	0.445
PPARGC1A	TXN	0.481
PRDM1	PRF1	0.546
PRDM1	PTPRC	0.624
PRDM1	RORC	0.465
PRDM1	S1PR1	0.541
PRDM1	SDC1	0.827
PRDM1	SELL	0.601
PRDM1	SPN	0.434
PRDM1	STAT1	0.484
PRDM1	STAT3	0.942
PRDM1	STAT4	0.567
PRDM1	STAT6	0.436
PRDM1	TBX21	0.805
PRDM1	TNF	0.523
PRDM1	TNFRSF13B	0.451
PRDM1	TNFRSF18	0.431
PRDM1	TNFRSF4	0.447
PRDM1	TNFSF13B	0.552
PRF1	PTPRC	0.716
PRF1	RORC	0.41
PRF1	S1PR1	0.419
PRF1	S1PR5	0.579
PRF1	SELL	0.738
PRF1	SELP	0.415
PRF1	SPN	0.524
PRF1	STAT1	0.576
PRF1	STAT3	0.547
PRF1	STAT4	0.584
PRF1	TBX21	0.872
PRF1	TGFB1	0.533
PRF1	TLR2	0.529
PRF1	TLR4	0.578
PRF1	TLR7	0.526
PRF1	TLR9	0.554
PRF1	TNF	0.808
PRF1	TNFRSF18	0.538
PRF1	TNFRSF1A	0.487
PRF1	TNFRSF4	0.616
PRF1	TNFRSF9	0.663
PRF1	TNFSF4	0.421
PRF1	TYROBP	0.539
PRF1	VWF	0.519
PRKAA1	SIRT1	0.553
PTGS2	PTPRC	0.473
PTGS2	SCARB1	0.486
PTGS2	SELE	0.581
PTGS2	SELP	0.417
PTGS2	SIRT1	0.592
PTGS2	SLC2A1	0.422
PTGS2	SOD1	0.523
PTGS2	SOD2	0.547
PTGS2	STAT1	0.604
PTGS2	STAT3	0.93
PTGS2	STAT6	0.717
PTGS2	TGFB1	0.688
PTGS2	TJP1	0.432
PTGS2	TLR2	0.756
PTGS2	TLR4	0.787
PTGS2	TLR9	0.618
PTGS2	TNF	0.916
PTGS2	TNFRSF1A	0.486
PTGS2	TNFRSF1B	0.583
PTGS2	TXN	0.452
PTGS2	VCAM1	0.758
PTPRC	PXDNL	0.712
PTPRC	RORC	0.493
PTPRC	S1PR1	0.498
PTPRC	SCARB1	0.746
PTPRC	SDC1	0.8
PTPRC	SELE	0.592
PTPRC	SELL	0.928
PTPRC	SELP	0.67
PTPRC	SPN	0.993
PTPRC	STAT1	0.764
PTPRC	STAT3	0.662
PTPRC	STAT4	0.456
PTPRC	STAT6	0.543
PTPRC	TBX21	0.765
PTPRC	TGFB1	0.701
PTPRC	THY1	0.913
PTPRC	TJP1	0.409
PTPRC	TLR2	0.712
PTPRC	TLR4	0.768
PTPRC	TLR7	0.821
PTPRC	TLR9	0.751
PTPRC	TNF	0.833
PTPRC	TNFRSF13B	0.446
PTPRC	TNFRSF18	0.608
PTPRC	TNFRSF1A	0.505
PTPRC	TNFRSF1B	0.514
PTPRC	TNFRSF4	0.574
PTPRC	TNFRSF9	0.604
PTPRC	TNFSF13B	0.718
PTPRC	TNFSF4	0.464
PTPRC	TREM2	0.527
PTPRC	TYROBP	0.828
PTPRC	VCAM1	0.832
PTPRC	VWF	0.664
PXDNL	SCARB1	0.526
PXDNL	SDC1	0.492
PXDNL	SELE	0.436
PXDNL	SELL	0.426
PXDNL	SELP	0.417
PXDNL	SIRT1	0.639
PXDNL	SLC2A1	0.481
PXDNL	SOD1	0.608
PXDNL	SOD2	0.598
PXDNL	STAT1	0.613
PXDNL	STAT3	0.824
PXDNL	STAT6	0.437
PXDNL	TFAM	0.47
PXDNL	TGFB1	0.724
PXDNL	THY1	0.587
PXDNL	TJP1	0.636
PXDNL	TLR9	0.436
PXDNL	TNF	0.8
PXDNL	TNFRSF1A	0.433
PXDNL	TXN	0.607
PXDNL	VWF	0.639
RORC	SELL	0.484
RORC	STAT1	0.481
RORC	STAT3	0.883
RORC	STAT4	0.511
RORC	STAT6	0.708
RORC	TBX21	0.906
RORC	TGFB1	0.609
RORC	TNF	0.554
S1PR1	S1PR5	0.46
S1PR1	SCARB1	0.433
S1PR1	SELL	0.83
S1PR1	STAT3	0.818
S1PR1	STAT6	0.612
S1PR1	TBX21	0.561
S1PR1	TNF	0.511
S1PR1	TNFRSF1B	0.498
S1PR1	VCAM1	0.427
S1PR5	TBX21	0.456
SCARB1	SELE	0.71
SCARB1	SELP	0.745
SCARB1	SIRT1	0.678
SCARB1	SLC2A1	0.516
SCARB1	STAT1	0.411
SCARB1	STAT3	0.483
SCARB1	STAT6	0.402
SCARB1	TGFB1	0.529
SCARB1	THY1	0.401
SCARB1	TLR2	0.996
SCARB1	TLR4	0.996
SCARB1	TLR7	0.456
SCARB1	TLR9	0.478
SCARB1	TNF	0.708
SCARB1	TREM2	0.513
SCARB1	VCAM1	0.781
SCARB1	VWF	0.513
SDC1	SELE	0.477
SDC1	SELL	0.586
SDC1	SELP	0.573
SDC1	SPN	0.807
SDC1	STAT3	0.448
SDC1	TBX21	0.4
SDC1	TGFB1	0.644
SDC1	TLR4	0.654
SDC1	TLR7	0.418
SDC1	TLR9	0.46
SDC1	TNF	0.716
SDC1	TNFRSF13B	0.608
SDC1	TNFSF13B	0.626
SDC1	TNFSF4	0.465
SDC1	VCAM1	0.639
SDC1	VWF	0.649
SELE	SELL	0.988
SELE	SELP	0.937
SELE	SPN	0.988
SELE	STAT3	0.449
SELE	TGFB1	0.526
SELE	TLR2	0.535
SELE	TLR4	0.646
SELE	TLR7	0.427
SELE	TNF	0.872
SELE	TNFRSF1A	0.655
SELE	TNFRSF1B	0.62
SELE	VCAM1	0.979
SELE	VWF	0.806
SELL	SELP	0.986
SELL	SPN	0.791
SELL	STAT1	0.468
SELL	STAT3	0.513
SELL	STAT4	0.451
SELL	STAT6	0.433
SELL	TBX21	0.763
SELL	TGFB1	0.566
SELL	THY1	0.581
SELL	TLR2	0.561
SELL	TLR4	0.743
SELL	TLR7	0.547
SELL	TLR9	0.533
SELL	TNF	0.796
SELL	TNFRSF13B	0.504
SELL	TNFRSF18	0.675
SELL	TNFRSF1A	0.504
SELL	TNFRSF1B	0.618
SELL	TNFRSF4	0.639
SELL	TNFRSF9	0.621
SELL	TNFSF13B	0.545
SELL	TNFSF4	0.465
SELL	TYROBP	0.73
SELL	VCAM1	0.97
SELL	VWF	0.774
SELP	SLC2A1	0.532
SELP	SPN	0.759
SELP	TGFB1	0.657
SELP	TLR2	0.524
SELP	TLR4	0.885
SELP	TLR7	0.458
SELP	TLR9	0.421
SELP	TNF	0.741
SELP	TNFRSF1B	0.535
SELP	VCAM1	0.963
SELP	VWF	0.999
SIRT1	SLC2A1	0.456
SIRT1	SOD1	0.638
SIRT1	SOD2	0.773
SIRT1	STAT1	0.635
SIRT1	STAT3	0.817
SIRT1	TFAM	0.903
SIRT1	TGFB1	0.594
SIRT1	TLR4	0.609
SIRT1	TNF	0.706
SIRT1	TXN	0.595
SIRT1	VCAM1	0.485
SLC2A1	SOD2	0.41
SLC2A1	STAT3	0.489
SLC2A1	TNF	0.816
SLC2A1	TXN	0.402
SOD1	SOD2	0.994
SOD1	STAT4	0.75
SOD1	TFAM	0.448
SOD1	TLR2	0.567
SOD1	TLR4	0.631
SOD1	TNF	0.574
SOD1	TREM2	0.418
SOD1	TXN	0.876
SOD2	STAT3	0.518
SOD2	STAT4	0.769
SOD2	TFAM	0.805
SOD2	TGFB1	0.438
SOD2	TLR4	0.474
SOD2	TNF	0.611
SOD2	TXN	0.728
SPN	TBX21	0.452
SPN	THY1	0.512
SPN	TNF	0.516
SPN	TNFSF13B	0.533
SPN	VCAM1	0.571
SPN	VWF	0.479
STAT1	STAT3	0.999
STAT1	STAT4	0.994
STAT1	STAT6	0.877
STAT1	TBX21	0.846
STAT1	TGFB1	0.647
STAT1	TLR2	0.681
STAT1	TLR4	0.867
STAT1	TLR7	0.702
STAT1	TLR9	0.617
STAT1	TNF	0.875
STAT1	TNFRSF1A	0.628
STAT1	TNFSF13B	0.719
STAT1	TYROBP	0.508
STAT1	VCAM1	0.758
STAT3	STAT4	0.973
STAT3	STAT6	0.899
STAT3	TBX21	0.789
STAT3	TFAM	0.577
STAT3	TGFB1	0.87
STAT3	THY1	0.487
STAT3	TJP1	0.589
STAT3	TLR2	0.656
STAT3	TLR4	0.846
STAT3	TLR7	0.727
STAT3	TLR9	0.592
STAT3	TNF	0.939
STAT3	TNFRSF18	0.407
STAT3	TNFRSF1A	0.829
STAT3	TNFRSF1B	0.694
STAT3	TNFRSF4	0.632
STAT3	TNFRSF9	0.426
STAT3	TNFSF13B	0.487
STAT3	TXN	0.581
STAT3	VCAM1	0.818
STAT4	STAT6	0.932
STAT4	TBX21	0.908
STAT4	TGFB1	0.424
STAT4	TLR2	0.474
STAT4	TLR4	0.459
STAT4	TLR7	0.471
STAT4	TLR9	0.411
STAT4	TNF	0.734
STAT4	TNFSF13B	0.41
STAT4	TNFSF4	0.491
STAT6	TBX21	0.878
STAT6	TGFB1	0.862
STAT6	TLR2	0.549
STAT6	TLR4	0.594
STAT6	TLR7	0.43
STAT6	TLR9	0.427
STAT6	TNF	0.782
STAT6	TNFRSF1B	0.625
STAT6	VCAM1	0.686
TBX21	TGFB1	0.73
TBX21	THY1	0.518
TBX21	TLR2	0.53
TBX21	TLR4	0.556
TBX21	TLR7	0.513
TBX21	TLR9	0.534
TBX21	TNF	0.838
TBX21	TNFRSF18	0.607
TBX21	TNFRSF4	0.638
TBX21	TNFRSF9	0.59
TBX21	TNFSF13B	0.492
TBX21	TNFSF4	0.479
TFAM	TLR9	0.593
TFAM	TNF	0.411
TFAM	TXN	0.423
TGFB1	THY1	0.657
TGFB1	TJP1	0.591
TGFB1	TLR2	0.676
TGFB1	TLR4	0.721
TGFB1	TLR7	0.409
TGFB1	TLR9	0.489
TGFB1	TNF	0.941
TGFB1	TNFRSF18	0.482
TGFB1	TNFRSF1A	0.677
TGFB1	TNFRSF1B	0.651
TGFB1	TNFRSF4	0.4
TGFB1	TNFSF13B	0.45
TGFB1	TXN	0.45
TGFB1	VCAM1	0.648
TGFB1	VWF	0.586
THY1	TLR4	0.405
THY1	TNF	0.619
THY1	VCAM1	0.727
THY1	VWF	0.593
TJP1	TLR2	0.507
TJP1	TLR4	0.639
TJP1	TNF	0.702
TJP1	VCAM1	0.521
TJP1	VWF	0.481
TLR2	TLR4	0.999
TLR2	TLR7	0.634
TLR2	TLR9	0.961
TLR2	TNF	0.951
TLR2	TNFRSF1A	0.745
TLR2	TNFRSF1B	0.638
TLR2	TNFSF13B	0.576
TLR2	TREM2	0.525
TLR2	TYROBP	0.681
TLR2	VCAM1	0.723
TLR2	VWF	0.445
TLR4	TLR7	0.94
TLR4	TLR9	0.979
TLR4	TNF	0.969
TLR4	TNFRSF1A	0.949
TLR4	TNFRSF1B	0.694
TLR4	TNFRSF4	0.407
TLR4	TNFSF13B	0.649
TLR4	TNFSF4	0.613
TLR4	TREM2	0.762
TLR4	TXN	0.462
TLR4	TYROBP	0.736
TLR4	VCAM1	0.772
TLR4	VWF	0.542
TLR7	TLR9	0.992
TLR7	TNF	0.88
TLR7	TNFRSF13B	0.636
TLR7	TNFRSF1A	0.441
TLR7	TNFRSF4	0.422
TLR7	TNFSF13B	0.692
TLR7	TNFSF4	0.452
TLR7	TYROBP	0.467
TLR7	VCAM1	0.439
TLR9	TNF	0.896
TLR9	TNFRSF13B	0.722
TLR9	TNFRSF1A	0.486
TLR9	TNFRSF4	0.471
TLR9	TNFRSF9	0.406
TLR9	TNFSF13B	0.622
TLR9	TNFSF4	0.418
TLR9	TYROBP	0.416
TLR9	VCAM1	0.417
TNF	TNFRSF13B	0.817
TNF	TNFRSF18	0.749
TNF	TNFRSF1A	0.999
TNF	TNFRSF1B	0.999
TNF	TNFRSF4	0.797
TNF	TNFRSF9	0.816
TNF	TNFSF13B	0.894
TNF	TNFSF4	0.754
TNF	TREM2	0.59
TNF	TXN	0.622
TNF	TYROBP	0.7
TNF	VCAM1	0.923
TNF	VWF	0.789
TNFRSF13B	TNFRSF1A	0.659
TNFRSF13B	TNFRSF4	0.453
TNFRSF13B	TNFRSF9	0.595
TNFRSF13B	TNFSF13B	0.999
TNFRSF18	TNFRSF1A	0.829
TNFRSF18	TNFRSF1B	0.538
TNFRSF18	TNFRSF4	0.959
TNFRSF18	TNFRSF9	0.916
TNFRSF18	TNFSF4	0.774
TNFRSF1A	TNFRSF1B	0.999
TNFRSF1A	TNFRSF4	0.802
TNFRSF1A	TNFRSF9	0.823
TNFRSF1A	TNFSF13B	0.857
TNFRSF1A	TNFSF4	0.7
TNFRSF1A	TREM2	0.44
TNFRSF1A	VCAM1	0.761
TNFRSF1B	TNFRSF4	0.423
TNFRSF1B	TNFRSF9	0.64
TNFRSF1B	TNFSF13B	0.838
TNFRSF1B	TNFSF4	0.554
TNFRSF1B	VCAM1	0.626
TNFRSF4	TNFRSF9	0.881
TNFRSF4	TNFSF13B	0.457
TNFRSF4	TNFSF4	0.999
TNFRSF9	TNFSF13B	0.573
TNFRSF9	TNFSF4	0.993
TNFRSF9	TYROBP	0.402
TNFRSF9	VCAM1	0.409
TNFSF13B	TNFSF4	0.481
TNFSF13B	TYROBP	0.412
TNFSF13B	VCAM1	0.465
TREM2	TYROBP	0.999
VCAM1	VWF	0.857
