protein_a	protein_b	combined_score
ACHE	AKT1	0.495
ACHE	ALB	0.589
ACHE	APOE	0.769
ACHE	APP	0.937
ACHE	BACE1	0.831
ACHE	BCL2	0.465
ACHE	BDNF	0.672
ACHE	CALB1	0.565
ACHE	CASP3	0.53
ACHE	CDK5	0.451
ACHE	CHAT	0.933
ACHE	COMT	0.478
ACHE	CREB1	0.512
ACHE	CYCS	0.416
ACHE	DBH	0.513
ACHE	DLG4	0.481
ACHE	DRD2	0.427
ACHE	EGFR	0.506
ACHE	FOS	0.407
ACHE	GDNF	0.442
ACHE	GFAP	0.461
ACHE	GPX2	0.68
ACHE	GPX3	0.687
ACHE	GPX5	0.69
ACHE	GPX6	0.69
ACHE	GPX7	0.701
ACHE	GPX8	0.702
ACHE	GSK3B	0.517
ACHE	GSR	0.596
ACHE	HMOX1	0.465
ACHE	HSPA4	0.401
ACHE	HTT	0.415
ACHE	IFNG	0.423
ACHE	IL10	0.421
ACHE	IL1B	0.583
ACHE	IL6	0.555
ACHE	INS	0.528
ACHE	MAOA	0.761
ACHE	MAOB	0.91
ACHE	MAPT	0.817
ACHE	NFE2L2	0.405
ACHE	NGF	0.635
ACHE	NTRK2	0.437
ACHE	PPARG	0.4
ACHE	PSEN1	0.751
ACHE	PSEN2	0.489
ACHE	PTGS2	0.508
ACHE	PXDN	0.695
ACHE	PXDNL	0.695
ACHE	SLC18A2	0.402
ACHE	SLC6A3	0.447
ACHE	SNCA	0.541
ACHE	SYN1	0.434
ACHE	SYP	0.55
ACHE	TAC1	0.62
ACHE	TARDBP	0.406
ACHE	TH	0.639
ACHE	TNF	0.528
ACHE	XDH	0.739
ACSL4	FTH1	0.62
ACSL4	FTL	0.5
ACSL4	GAPDH	0.418
ACSL4	GPX4	0.834
ACSL4	HMOX1	0.418
ACSL4	HSPA5	0.401
ACSL4	HSPA9	0.482
ACSL4	KEAP1	0.411
ACSL4	MFN2	0.604
ACSL4	NCOA4	0.623
ACSL4	NFE2L2	0.645
ACSL4	NOX1	0.411
ACSL4	PPARA	0.585
ACSL4	PPARG	0.588
ACSL4	PRKN	0.472
ACSL4	PTGS2	0.54
ACSL4	RIPK3	0.429
ACSL4	SCARB2	0.602
ACSL4	SLC11A2	0.559
ACSL4	SLC40A1	0.472
ACSL4	TFRC	0.657
ACSL4	TP53	0.55
ACSL4	VDAC1	0.437
ACSL4	VDAC2	0.448
ACTB	AGT	0.582
ACTB	AIF1	0.754
ACTB	AKT1	0.923
ACTB	ALB	0.886
ACTB	ALDH1A1	0.548
ACTB	ANXA5	0.95
ACTB	APOE	0.643
ACTB	APP	0.801
ACTB	ATF4	0.548
ACTB	ATF6	0.627
ACTB	ATG12	0.564
ACTB	ATG16L1	0.423
ACTB	ATG3	0.484
ACTB	ATG5	0.742
ACTB	ATG7	0.666
ACTB	ATP5F1A	0.642
ACTB	BACE1	0.596
ACTB	BAX	0.611
ACTB	BCL2	0.885
ACTB	BCL2L1	0.784
ACTB	BDNF	0.71
ACTB	BECN1	0.785
ACTB	BNIP3	0.479
ACTB	CALB1	0.488
ACTB	CALM3	0.636
ACTB	CALML5	0.599
ACTB	CASP1	0.729
ACTB	CASP3	0.989
ACTB	CASP8	0.779
ACTB	CASP9	0.819
ACTB	CCL2	0.697
ACTB	CD63	0.662
ACTB	CD68	0.637
ACTB	CDK5	0.516
ACTB	CHAT	0.43
ACTB	COMT	0.568
ACTB	COX4I1	0.763
ACTB	CREB1	0.696
ACTB	CTNNB1	0.86
ACTB	CTSB	0.547
ACTB	CTSD	0.557
ACTB	CTSS	0.463
ACTB	CYBA	0.501
ACTB	CYBB	0.72
ACTB	CYCS	0.871
ACTB	DDIT3	0.593
ACTB	DLG4	0.673
ACTB	DNAJB1	0.421
ACTB	DNM1L	0.579
ACTB	EGFR	0.839
ACTB	EIF2AK3	0.772
ACTB	ERN1	0.644
ACTB	FADD	0.532
ACTB	FIS1	0.538
ACTB	FOS	0.722
ACTB	FOXO1	0.642
ACTB	FOXO3	0.633
ACTB	FTH1	0.547
ACTB	FTL	0.57
ACTB	GAPDH	0.975
ACTB	GCLC	0.573
ACTB	GCLM	0.525
ACTB	GDNF	0.514
ACTB	GFAP	0.738
ACTB	GPX2	0.593
ACTB	GPX3	0.593
ACTB	GPX4	0.57
ACTB	GPX5	0.591
ACTB	GPX6	0.59
ACTB	GPX7	0.594
ACTB	GPX8	0.594
ACTB	GRIN2B	0.738
ACTB	GSK3B	0.847
ACTB	GSR	0.525
ACTB	HDAC6	0.716
ACTB	HIF1A	0.787
ACTB	HMGB1	0.643
ACTB	HMOX1	0.785
ACTB	HSP90AA1	0.967
ACTB	HSP90AB1	0.911
ACTB	HSPA1B	0.674
ACTB	HSPA4	0.72
ACTB	HSPA5	0.808
ACTB	HSPA8	0.955
ACTB	HSPA9	0.828
ACTB	HSPB1	0.591
ACTB	HSPB2	0.622
ACTB	HSPB3	0.55
ACTB	HTT	0.535
ACTB	ICAM1	0.697
ACTB	IFNG	0.795
ACTB	IL10	0.729
ACTB	IL18	0.593
ACTB	IL1A	0.621
ACTB	IL1B	0.847
ACTB	IL4	0.7
ACTB	IL6	0.847
ACTB	INS	0.801
ACTB	ITPR1	0.439
ACTB	JUN	0.806
ACTB	KEAP1	0.63
ACTB	LAMP1	0.679
ACTB	LAMP2	0.553
ACTB	LGALS3	0.506
ACTB	LRRK2	0.702
ACTB	MAOA	0.444
ACTB	MAOB	0.434
ACTB	MAP1A	0.7
ACTB	MAP1B	0.585
ACTB	MAP1LC3A	0.687
ACTB	MAP1LC3B	0.832
ACTB	MAP1S	0.558
ACTB	MAP2	0.669
ACTB	MAP3K5	0.447
ACTB	MAPK3	0.844
ACTB	MAPK8	0.669
ACTB	MAPT	0.817
ACTB	MBP	0.584
ACTB	MCL1	0.768
ACTB	MFN1	0.531
ACTB	MFN2	0.627
ACTB	MMP9	0.778
ACTB	MPO	0.532
ACTB	MRC1	0.587
ACTB	MTOR	0.752
ACTB	NDUFA9	0.406
ACTB	NEFL	0.441
ACTB	NFE2L2	0.758
ACTB	NFKB1	0.766
ACTB	NFKBIA	0.823
ACTB	NGF	0.585
ACTB	NLRP3	0.61
ACTB	NOS1	0.625
ACTB	NOX1	0.51
ACTB	NOX4	0.596
ACTB	NQO1	0.667
ACTB	NTRK2	0.558
ACTB	OPA1	0.482
ACTB	PARK7	0.45
ACTB	PIK3C3	0.448
ACTB	PINK1	0.547
ACTB	PPARA	0.663
ACTB	PPARG	0.971
ACTB	PPARGC1A	0.725
ACTB	PPIF	0.427
ACTB	PRDX1	0.533
ACTB	PRDX3	0.538
ACTB	PRKCA	0.955
ACTB	PRKN	0.711
ACTB	PRNP	0.436
ACTB	PSEN1	0.477
ACTB	PTEN	0.72
ACTB	PTGS2	0.728
ACTB	PXDN	0.925
ACTB	PXDNL	0.924
ACTB	PYCARD	0.419
ACTB	RBFOX3	0.716
ACTB	RIPK1	0.525
ACTB	RIPK3	0.495
ACTB	S100B	0.492
ACTB	SCARB2	0.611
ACTB	SDHB	0.632
ACTB	SIRT1	0.79
ACTB	SIRT3	0.523
ACTB	SLC11A2	0.4
ACTB	SLC1A2	0.435
ACTB	SLC6A3	0.406
ACTB	SNCA	0.661
ACTB	SOD1	0.658
ACTB	SOD2	0.653
ACTB	SOD2-2	0.638
ACTB	SQSTM1	0.725
ACTB	SRC	0.774
ACTB	STAT3	0.798
ACTB	STUB1	0.565
ACTB	SYN1	0.614
ACTB	SYP	0.62
ACTB	TARDBP	0.529
ACTB	TFAM	0.726
ACTB	TFEB	0.514
ACTB	TFRC	0.761
ACTB	TGFB1	0.773
ACTB	TH	0.596
ACTB	TLR2	0.644
ACTB	TLR4	0.745
ACTB	TNF	0.847
ACTB	TOMM20	0.646
ACTB	TP53	0.879
ACTB	TRAF6	0.603
ACTB	TXN	0.571
ACTB	UCHL1	0.418
ACTB	UCP2	0.506
ACTB	VCP	0.728
ACTB	VDAC1	0.864
ACTB	VDAC2	0.558
ACTB	XBP1	0.634
ACTB	XDH	0.464
AGT	AKT1	0.821
AGT	ALB	0.868
AGT	APOE	0.853
AGT	APP	0.627
AGT	BCL2	0.561
AGT	BDNF	0.606
AGT	CALM3	0.632
AGT	CALML5	0.624
AGT	CASP1	0.454
AGT	CASP3	0.606
AGT	CCL2	0.729
AGT	CD68	0.511
AGT	CREB1	0.511
AGT	CTNNB1	0.492
AGT	CTSB	0.433
AGT	CTSD	0.909
AGT	CTSS	0.493
AGT	CYBA	0.697
AGT	CYBB	0.771
AGT	CYCS	0.514
AGT	EGFR	0.551
AGT	FOS	0.613
AGT	FOXO1	0.435
AGT	FOXO3	0.451
AGT	GAPDH	0.643
AGT	GFAP	0.612
AGT	GPX2	0.539
AGT	GPX3	0.571
AGT	GPX5	0.541
AGT	GPX6	0.547
AGT	GPX7	0.542
AGT	GPX8	0.54
AGT	GSK3B	0.485
AGT	HIF1A	0.634
AGT	HMOX1	0.612
AGT	HSPA5	0.486
AGT	ICAM1	0.659
AGT	IFNG	0.607
AGT	IL10	0.618
AGT	IL18	0.524
AGT	IL1A	0.588
AGT	IL1B	0.731
AGT	IL4	0.653
AGT	IL6	0.788
AGT	INS	0.863
AGT	ITPR1	0.405
AGT	JUN	0.623
AGT	KEAP1	0.415
AGT	LGALS3	0.434
AGT	MAOB	0.405
AGT	MAP3K5	0.771
AGT	MAPK3	0.706
AGT	MAPK8	0.449
AGT	MMP9	0.704
AGT	MPO	0.455
AGT	MTOR	0.531
AGT	NFE2L2	0.504
AGT	NFKB1	0.588
AGT	NFKBIA	0.492
AGT	NLRP3	0.473
AGT	NOS1	0.605
AGT	NOX1	0.715
AGT	NOX4	0.771
AGT	NTRK2	0.511
AGT	PPARA	0.767
AGT	PPARG	0.677
AGT	PPARGC1A	0.558
AGT	PRDX1	0.503
AGT	PRKCA	0.457
AGT	PTEN	0.409
AGT	PTGS2	0.609
AGT	PXDN	0.615
AGT	PXDNL	0.609
AGT	S100B	0.539
AGT	SCARB2	0.469
AGT	SIRT1	0.602
AGT	SIRT3	0.511
AGT	SOD2	0.46
AGT	SOD2-2	0.461
AGT	SRC	0.799
AGT	STAT3	0.805
AGT	TAC1	0.995
AGT	TGFB1	0.812
AGT	TH	0.44
AGT	TLR4	0.866
AGT	TNF	0.856
AGT	TP53	0.605
AGT	TXN	0.621
AGT	UCP2	0.402
AGT	XDH	0.646
AIF1	AKT1	0.51
AIF1	ALB	0.729
AIF1	APOE	0.594
AIF1	APP	0.77
AIF1	BACE1	0.575
AIF1	BCL2	0.467
AIF1	BDNF	0.72
AIF1	CALB1	0.582
AIF1	CALM3	0.489
AIF1	CALML5	0.487
AIF1	CASP1	0.67
AIF1	CASP3	0.698
AIF1	CASP9	0.474
AIF1	CCL2	0.698
AIF1	CD68	0.871
AIF1	CHAT	0.529
AIF1	CREB1	0.465
AIF1	CTSB	0.642
AIF1	CTSD	0.443
AIF1	CTSS	0.562
AIF1	CYBA	0.404
AIF1	CYBB	0.744
AIF1	CYCS	0.421
AIF1	DLG4	0.798
AIF1	FOS	0.547
AIF1	GAPDH	0.75
AIF1	GDNF	0.515
AIF1	GFAP	0.913
AIF1	GRIN2B	0.447
AIF1	GRN	0.418
AIF1	GSK3B	0.428
AIF1	HLA-DRA	0.506
AIF1	HMGB1	0.465
AIF1	HMOX1	0.528
AIF1	HTT	0.412
AIF1	ICAM1	0.478
AIF1	IFNG	0.626
AIF1	IL10	0.705
AIF1	IL18	0.52
AIF1	IL1A	0.558
AIF1	IL1B	0.851
AIF1	IL4	0.589
AIF1	IL6	0.777
AIF1	INS	0.436
AIF1	JUN	0.416
AIF1	LAMP1	0.515
AIF1	LGALS3	0.52
AIF1	MAP2	0.671
AIF1	MAPK3	0.503
AIF1	MAPT	0.587
AIF1	MBP	0.782
AIF1	MMP9	0.535
AIF1	MPO	0.541
AIF1	MRC1	0.758
AIF1	NEFL	0.516
AIF1	NFKB1	0.805
AIF1	NFKBIA	0.499
AIF1	NGF	0.518
AIF1	NLRP3	0.561
AIF1	NTRK2	0.454
AIF1	OPA1	0.42
AIF1	PRNP	0.452
AIF1	PSEN1	0.578
AIF1	PTGS2	0.59
AIF1	PXDN	0.738
AIF1	PXDNL	0.738
AIF1	PYCARD	0.591
AIF1	RBFOX3	0.909
AIF1	S100B	0.706
AIF1	SLC1A2	0.577
AIF1	SLC6A3	0.408
AIF1	SNCA	0.624
AIF1	SOD1	0.587
AIF1	STAT3	0.453
AIF1	SYN1	0.58
AIF1	SYP	0.706
AIF1	TARDBP	0.596
AIF1	TGFB1	0.485
AIF1	TH	0.683
AIF1	TLR2	0.627
AIF1	TLR4	0.722
AIF1	TNF	0.846
AIF1	TREM2	0.752
AKT1	ALB	0.795
AKT1	ALDH1A1	0.575
AKT1	ANXA5	0.821
AKT1	APOE	0.697
AKT1	APP	0.665
AKT1	ATF4	0.826
AKT1	ATF6	0.606
AKT1	ATG12	0.622
AKT1	ATG16L1	0.461
AKT1	ATG3	0.556
AKT1	ATG5	0.772
AKT1	ATG7	0.735
AKT1	BACE1	0.524
AKT1	BAX	0.761
AKT1	BCL2	0.993
AKT1	BCL2L1	0.991
AKT1	BDNF	0.835
AKT1	BECN1	0.918
AKT1	BECN2	0.421
AKT1	BNIP3	0.622
AKT1	BNIP3L	0.438
AKT1	CALM3	0.802
AKT1	CALML5	0.719
AKT1	CASP1	0.617
AKT1	CASP3	0.945
AKT1	CASP8	0.79
AKT1	CASP9	0.989
AKT1	CCL2	0.72
AKT1	CD63	0.568
AKT1	CD68	0.537
AKT1	COMT	0.406
AKT1	COX4I1	0.514
AKT1	CREB1	0.965
AKT1	CTNNB1	0.979
AKT1	CTSB	0.5
AKT1	CTSD	0.482
AKT1	CTSS	0.483
AKT1	CYBA	0.992
AKT1	CYBB	0.994
AKT1	CYCS	0.812
AKT1	DDIT3	0.58
AKT1	DLG4	0.747
AKT1	DNAJB1	0.494
AKT1	DNM1L	0.639
AKT1	DRD2	0.677
AKT1	EGFR	0.792
AKT1	EIF2AK3	0.546
AKT1	FADD	0.583
AKT1	FIS1	0.402
AKT1	FOS	0.746
AKT1	FOXO1	0.999
AKT1	FOXO3	0.998
AKT1	GAPDH	0.911
AKT1	GCLC	0.496
AKT1	GCLM	0.417
AKT1	GDNF	0.592
AKT1	GFAP	0.623
AKT1	GPX2	0.635
AKT1	GPX3	0.635
AKT1	GPX4	0.445
AKT1	GPX5	0.635
AKT1	GPX6	0.635
AKT1	GPX7	0.644
AKT1	GPX8	0.644
AKT1	GRIN2B	0.51
AKT1	GSK3B	0.996
AKT1	GSR	0.542
AKT1	HDAC6	0.712
AKT1	HIF1A	0.932
AKT1	HMGB1	0.598
AKT1	HMOX1	0.796
AKT1	HSP90AA1	0.999
AKT1	HSP90AB1	0.999
AKT1	HSPA1B	0.557
AKT1	HSPA4	0.964
AKT1	HSPA5	0.971
AKT1	HSPA8	0.85
AKT1	HSPA9	0.711
AKT1	HSPB1	0.991
AKT1	HSPB2	0.927
AKT1	HSPB3	0.923
AKT1	HTT	0.664
AKT1	ICAM1	0.704
AKT1	IFNG	0.817
AKT1	IL10	0.731
AKT1	IL18	0.581
AKT1	IL1A	0.666
AKT1	IL1B	0.864
AKT1	IL4	0.699
AKT1	IL6	0.872
AKT1	INS	0.953
AKT1	ITPR1	0.981
AKT1	JUN	0.991
AKT1	KEAP1	0.724
AKT1	LAMP1	0.587
AKT1	LAMP2	0.485
AKT1	LGALS3	0.697
AKT1	MAOA	0.42
AKT1	MAOB	0.418
AKT1	MAP1A	0.611
AKT1	MAP1B	0.59
AKT1	MAP1LC3A	0.615
AKT1	MAP1LC3B	0.738
AKT1	MAP1S	0.596
AKT1	MAP2	0.423
AKT1	MAP3K5	0.985
AKT1	MAPK3	0.957
AKT1	MAPK8	0.706
AKT1	MAPT	0.872
AKT1	MBP	0.456
AKT1	MCL1	0.867
AKT1	MFN1	0.422
AKT1	MFN2	0.534
AKT1	MMP9	0.827
AKT1	MPO	0.546
AKT1	MRC1	0.482
AKT1	MTOR	0.999
AKT1	NCOA4	0.42
AKT1	NFE2L2	0.923
AKT1	NFKB1	0.896
AKT1	NFKBIA	0.849
AKT1	NGF	0.818
AKT1	NLRP3	0.569
AKT1	NOS1	0.953
AKT1	NOX1	0.949
AKT1	NOX4	0.686
AKT1	NQO1	0.706
AKT1	PARK7	0.656
AKT1	PIK3C3	0.78
AKT1	PINK1	0.677
AKT1	PPARA	0.7
AKT1	PPARG	0.79
AKT1	PPARGC1A	0.756
AKT1	PPIF	0.487
AKT1	PRDX1	0.439
AKT1	PRKN	0.528
AKT1	PRNP	0.424
AKT1	PSEN1	0.521
AKT1	PTEN	0.988
AKT1	PTGS2	0.775
AKT1	PXDN	0.876
AKT1	PXDNL	0.875
AKT1	RBFOX3	0.549
AKT1	RET	0.415
AKT1	RIPK1	0.556
AKT1	S100B	0.418
AKT1	SCARB2	0.588
AKT1	SDHB	0.519
AKT1	SIRT1	0.873
AKT1	SIRT3	0.627
AKT1	SLC1A2	0.412
AKT1	SLC6A3	0.407
AKT1	SNCA	0.661
AKT1	SOD1	0.568
AKT1	SOD2	0.631
AKT1	SOD2-2	0.629
AKT1	SQSTM1	0.672
AKT1	SRC	0.995
AKT1	STAT3	0.966
AKT1	STUB1	0.861
AKT1	SYN1	0.466
AKT1	SYP	0.511
AKT1	TAC1	0.436
AKT1	TFAM	0.57
AKT1	TFEB	0.582
AKT1	TFRC	0.516
AKT1	TGFB1	0.868
AKT1	TH	0.515
AKT1	TLR2	0.704
AKT1	TLR4	0.769
AKT1	TNF	0.907
AKT1	TP53	0.994
AKT1	TRAF2	0.671
AKT1	TRAF6	0.954
AKT1	TXN	0.765
AKT1	UCHL1	0.488
AKT1	UCP2	0.517
AKT1	VCP	0.735
AKT1	VDAC1	0.54
AKT1	XBP1	0.739
AKT1	XDH	0.546
ALB	ALDH1A1	0.445
ALB	ANXA5	0.786
ALB	APOE	0.953
ALB	APP	0.901
ALB	ATF6	0.508
ALB	ATG5	0.543
ALB	ATG7	0.477
ALB	BACE1	0.454
ALB	BAX	0.446
ALB	BCL2	0.748
ALB	BCL2L1	0.572
ALB	BDNF	0.684
ALB	BECN1	0.59
ALB	BNIP3	0.42
ALB	CALB1	0.561
ALB	CALM3	0.789
ALB	CALML5	0.794
ALB	CASP1	0.611
ALB	CASP3	0.815
ALB	CASP8	0.595
ALB	CASP9	0.634
ALB	CCL2	0.739
ALB	CD63	0.739
ALB	CD68	0.727
ALB	CHAT	0.507
ALB	COX4I1	0.532
ALB	CREB1	0.608
ALB	CTNNB1	0.709
ALB	CTSB	0.606
ALB	CTSD	0.547
ALB	CTSS	0.522
ALB	CYBB	0.553
ALB	CYCS	0.986
ALB	DDIT3	0.46
ALB	DLG4	0.555
ALB	DNM1L	0.416
ALB	EGFR	0.808
ALB	EIF2AK3	0.583
ALB	ERN1	0.452
ALB	FOS	0.621
ALB	FOXO1	0.511
ALB	FOXO3	0.452
ALB	FTH1	0.72
ALB	GAPDH	0.895
ALB	GBA	0.479
ALB	GDNF	0.584
ALB	GFAP	0.771
ALB	GPX2	0.721
ALB	GPX3	0.716
ALB	GPX4	0.425
ALB	GPX5	0.713
ALB	GPX6	0.713
ALB	GPX7	0.71
ALB	GPX8	0.723
ALB	GRIN2B	0.436
ALB	GSK3B	0.674
ALB	GSR	0.589
ALB	HIF1A	0.642
ALB	HMGB1	0.553
ALB	HMOX1	0.683
ALB	HSP90AA1	0.584
ALB	HSP90AB1	0.583
ALB	HSPA1B	0.408
ALB	HSPA4	0.742
ALB	HSPA5	0.687
ALB	HSPA8	0.712
ALB	HSPA9	0.447
ALB	HSPB1	0.687
ALB	HSPB2	0.617
ALB	HSPB3	0.626
ALB	HTT	0.447
ALB	ICAM1	0.709
ALB	IFNG	0.866
ALB	IL10	0.847
ALB	IL18	0.63
ALB	IL1A	0.725
ALB	IL1B	0.836
ALB	IL4	0.725
ALB	IL6	0.926
ALB	INS	0.999
ALB	JUN	0.697
ALB	KEAP1	0.532
ALB	LAMP1	0.65
ALB	LAMP2	0.507
ALB	LGALS3	0.77
ALB	LRRK2	0.431
ALB	MAOA	0.406
ALB	MAOB	0.434
ALB	MAP1A	0.487
ALB	MAP1B	0.449
ALB	MAP1LC3A	0.532
ALB	MAP1LC3B	0.667
ALB	MAP1S	0.422
ALB	MAP2	0.613
ALB	MAPK3	0.697
ALB	MAPK8	0.526
ALB	MAPT	0.54
ALB	MBP	0.649
ALB	MCL1	0.446
ALB	MFN2	0.455
ALB	MMP9	0.745
ALB	MPO	0.887
ALB	MRC1	0.721
ALB	MTOR	0.628
ALB	NEFL	0.534
ALB	NFE2L2	0.59
ALB	NFKB1	0.621
ALB	NFKBIA	0.624
ALB	NGF	0.763
ALB	NLRP3	0.481
ALB	NOS1	0.484
ALB	NOX1	0.455
ALB	NOX4	0.551
ALB	NQO1	0.529
ALB	NTRK2	0.426
ALB	OPA1	0.568
ALB	PARK7	0.597
ALB	PINK1	0.438
ALB	PPARA	0.751
ALB	PPARG	0.682
ALB	PPARGC1A	0.599
ALB	PRDX1	0.56
ALB	PRKCA	0.468
ALB	PRKN	0.48
ALB	PRNP	0.466
ALB	PSEN1	0.43
ALB	PTEN	0.607
ALB	PTGS2	0.772
ALB	PXDN	0.938
ALB	PXDNL	0.937
ALB	RBFOX3	0.728
ALB	RET	0.429
ALB	S100B	0.585
ALB	SCARB2	0.596
ALB	SDHB	0.452
ALB	SIRT1	0.611
ALB	SIRT3	0.423
ALB	SLC1A2	0.428
ALB	SLC40A1	0.515
ALB	SLC6A3	0.4
ALB	SNCA	0.603
ALB	SOD1	0.623
ALB	SOD2	0.521
ALB	SOD2-2	0.497
ALB	SQSTM1	0.52
ALB	SRC	0.655
ALB	STAT3	0.694
ALB	SYN1	0.516
ALB	SYP	0.587
ALB	TAC1	0.603
ALB	TFAM	0.444
ALB	TFRC	0.88
ALB	TGFB1	0.784
ALB	TH	0.601
ALB	TLR2	0.733
ALB	TLR4	0.821
ALB	TNF	0.87
ALB	TOMM20	0.548
ALB	TP53	0.722
ALB	TRAF6	0.404
ALB	TXN	0.617
ALB	UCHL1	0.631
ALB	UCP2	0.443
ALB	VCP	0.593
ALB	VDAC1	0.512
ALB	XBP1	0.471
ALB	XDH	0.605
ALDH1A1	ANXA5	0.432
ALDH1A1	BCL2	0.457
ALDH1A1	CASP3	0.411
ALDH1A1	CAT	0.414
ALDH1A1	CTNNB1	0.738
ALDH1A1	DDC	0.468
ALDH1A1	EGFR	0.582
ALDH1A1	GAPDH	0.622
ALDH1A1	HIF1A	0.451
ALDH1A1	IL6	0.433
ALDH1A1	INS	0.42
ALDH1A1	MAOA	0.445
ALDH1A1	MAOB	0.467
ALDH1A1	MMP9	0.408
ALDH1A1	NFKB1	0.406
ALDH1A1	PTEN	0.454
ALDH1A1	PTGS2	0.407
ALDH1A1	PXDN	0.529
ALDH1A1	PXDNL	0.527
ALDH1A1	SDHB	0.486
ALDH1A1	SLC1A2	0.505
ALDH1A1	SRC	0.41
ALDH1A1	STAT3	0.544
ALDH1A1	TP53	0.541
ANXA5	APOE	0.437
ANXA5	APP	0.651
ANXA5	ATF4	0.443
ANXA5	ATF6	0.551
ANXA5	ATG12	0.435
ANXA5	ATG3	0.401
ANXA5	ATG5	0.622
ANXA5	ATG7	0.562
ANXA5	BAX	0.649
ANXA5	BCL2	0.899
ANXA5	BCL2L1	0.796
ANXA5	BECN1	0.678
ANXA5	BNIP3	0.413
ANXA5	CASP1	0.62
ANXA5	CASP3	0.921
ANXA5	CASP8	0.842
ANXA5	CASP9	0.885
ANXA5	CCL2	0.539
ANXA5	CD63	0.818
ANXA5	CD68	0.499
ANXA5	COX4I1	0.583
ANXA5	CREB1	0.433
ANXA5	CTNNB1	0.694
ANXA5	CTSB	0.515
ANXA5	CTSD	0.414
ANXA5	CTSS	0.449
ANXA5	CYBB	0.426
ANXA5	CYCS	0.841
ANXA5	DDIT3	0.572
ANXA5	EGFR	0.745
ANXA5	EIF2AK3	0.652
ANXA5	ERN1	0.529
ANXA5	FADD	0.615
ANXA5	FOS	0.426
ANXA5	FOXO1	0.465
ANXA5	FOXO3	0.523
ANXA5	GAPDH	0.943
ANXA5	GFAP	0.624
ANXA5	GPX2	0.466
ANXA5	GPX3	0.48
ANXA5	GPX4	0.41
ANXA5	GPX5	0.475
ANXA5	GPX6	0.475
ANXA5	GPX7	0.483
ANXA5	GPX8	0.555
ANXA5	GSK3B	0.598
ANXA5	HIF1A	0.639
ANXA5	HMGB1	0.476
ANXA5	HMOX1	0.627
ANXA5	HSP90AA1	0.599
ANXA5	HSP90AB1	0.598
ANXA5	HSPA4	0.741
ANXA5	HSPA5	0.679
ANXA5	HSPA8	0.44
ANXA5	HSPB1	0.51
ANXA5	HSPB2	0.446
ANXA5	HSPB3	0.434
ANXA5	ICAM1	0.591
ANXA5	IFNG	0.716
ANXA5	IL10	0.621
ANXA5	IL18	0.428
ANXA5	IL1A	0.461
ANXA5	IL1B	0.716
ANXA5	IL4	0.599
ANXA5	IL6	0.75
ANXA5	INS	0.645
ANXA5	JUN	0.63
ANXA5	KEAP1	0.469
ANXA5	LAMP1	0.602
ANXA5	LAMP2	0.415
ANXA5	LGALS3	0.477
ANXA5	MAP1A	0.541
ANXA5	MAP1B	0.487
ANXA5	MAP1LC3A	0.545
ANXA5	MAP1LC3B	0.687
ANXA5	MAP1S	0.507
ANXA5	MAP3K5	0.4
ANXA5	MAPK3	0.697
ANXA5	MAPK8	0.519
ANXA5	MAPT	0.642
ANXA5	MCL1	0.751
ANXA5	MMP9	0.662
ANXA5	MPO	0.426
ANXA5	MRC1	0.448
ANXA5	MTOR	0.609
ANXA5	NFE2L2	0.499
ANXA5	NFKB1	0.609
ANXA5	NFKBIA	0.631
ANXA5	NQO1	0.477
ANXA5	PPARG	0.507
ANXA5	PRDX1	0.441
ANXA5	PRNP	0.416
ANXA5	PTEN	0.661
ANXA5	PTGS2	0.532
ANXA5	PXDN	0.888
ANXA5	PXDNL	0.888
ANXA5	RIPK1	0.545
ANXA5	RIPK3	0.486
ANXA5	SCARB2	0.456
ANXA5	SDHB	0.42
ANXA5	SIRT1	0.543
ANXA5	SOD1	0.846
ANXA5	SOD2	0.473
ANXA5	SOD2-2	0.457
ANXA5	SQSTM1	0.54
ANXA5	SRC	0.736
ANXA5	STAT3	0.73
ANXA5	TFRC	0.528
ANXA5	TGFB1	0.624
ANXA5	TLR2	0.45
ANXA5	TLR4	0.582
ANXA5	TNF	0.758
ANXA5	TOMM20	0.417
ANXA5	TP53	0.818
ANXA5	TXN	0.478
ANXA5	VDAC1	0.481
ANXA5	XBP1	0.539
APOE	APP	0.999
APOE	ATF4	0.478
APOE	ATF6	0.525
APOE	BACE1	0.785
APOE	BCL2	0.491
APOE	BDNF	0.831
APOE	C9orf72	0.541
APOE	CALM3	0.4
APOE	CASP1	0.517
APOE	CASP3	0.614
APOE	CCL2	0.746
APOE	CD63	0.421
APOE	CD68	0.843
APOE	CDK5	0.631
APOE	CHAT	0.446
APOE	COMT	0.634
APOE	CREB1	0.474
APOE	CTNNB1	0.681
APOE	CTSB	0.699
APOE	CTSD	0.763
APOE	CTSS	0.531
APOE	CYBA	0.476
APOE	CYBB	0.594
APOE	CYCS	0.418
APOE	DLG4	0.49
APOE	EGFR	0.608
APOE	FOS	0.413
APOE	FOXO1	0.401
APOE	FOXO3	0.447
APOE	GAPDH	0.636
APOE	GBA	0.659
APOE	GFAP	0.644
APOE	GPX2	0.676
APOE	GPX3	0.715
APOE	GPX4	0.421
APOE	GPX5	0.664
APOE	GPX6	0.663
APOE	GPX7	0.664
APOE	GPX8	0.663
APOE	GRIN2B	0.418
APOE	GRN	0.575
APOE	GSK3B	0.703
APOE	HIF1A	0.485
APOE	HMOX1	0.572
APOE	HSPA5	0.493
APOE	HTT	0.472
APOE	ICAM1	0.789
APOE	IFNG	0.838
APOE	IL10	0.734
APOE	IL18	0.549
APOE	IL1A	0.602
APOE	IL1B	0.846
APOE	IL4	0.542
APOE	IL6	0.835
APOE	INS	0.92
APOE	JUN	0.545
APOE	LAMP1	0.453
APOE	LGALS3	0.581
APOE	LRRK2	0.486
APOE	MAOA	0.434
APOE	MAOB	0.468
APOE	MAPK3	0.506
APOE	MAPT	0.991
APOE	MMP9	0.769
APOE	MPO	0.63
APOE	MRC1	0.533
APOE	MTOR	0.447
APOE	NEFL	0.613
APOE	NFE2L2	0.49
APOE	NFKB1	0.554
APOE	NFKBIA	0.478
APOE	NGF	0.609
APOE	NLRP3	0.505
APOE	NOS1	0.586
APOE	NOX1	0.501
APOE	NOX4	0.562
APOE	OPTN	0.562
APOE	PARK7	0.431
APOE	PINK1	0.472
APOE	PPARA	0.632
APOE	PPARG	0.74
APOE	PPARGC1A	0.522
APOE	PRKN	0.617
APOE	PRNP	0.717
APOE	PSEN1	0.956
APOE	PSEN2	0.961
APOE	PTEN	0.528
APOE	PTGS2	0.521
APOE	PXDN	0.611
APOE	PXDNL	0.608
APOE	RBFOX3	0.426
APOE	S100B	0.527
APOE	SCARB2	0.797
APOE	SIRT1	0.584
APOE	SLC1A2	0.42
APOE	SLC6A3	0.451
APOE	SNCA	0.996
APOE	SNCAIP	0.417
APOE	SOD1	0.536
APOE	SOD2	0.448
APOE	SOD2-2	0.447
APOE	SQSTM1	0.598
APOE	SRC	0.592
APOE	STAT3	0.487
APOE	SYP	0.493
APOE	TARDBP	0.667
APOE	TFRC	0.48
APOE	TGFB1	0.694
APOE	TLR2	0.543
APOE	TLR4	0.777
APOE	TNF	0.806
APOE	TP53	0.678
APOE	TREM2	0.997
APOE	TXN	0.438
APOE	UCP2	0.404
APOE	VCP	0.622
APOE	VDAC1	0.761
APOE	XBP1	0.432
APOE	XDH	0.539
APP	ATG5	0.475
APP	ATG7	0.453
APP	ATP13A2	0.434
APP	ATXN3	0.401
APP	BACE1	0.999
APP	BCL2	0.594
APP	BDNF	0.858
APP	BECN1	0.511
APP	C9orf72	0.749
APP	CALB1	0.442
APP	CALM3	0.52
APP	CALML5	0.488
APP	CASP1	0.502
APP	CASP3	0.908
APP	CASP8	0.431
APP	CASP9	0.43
APP	CCL2	0.506
APP	CD63	0.538
APP	CD68	0.533
APP	CDK5	0.868
APP	CHAT	0.619
APP	CREB1	0.713
APP	CTNNB1	0.814
APP	CTSB	0.902
APP	CTSD	0.735
APP	CTSS	0.448
APP	CYCS	0.709
APP	DLG4	0.829
APP	DNM1L	0.478
APP	EGFR	0.889
APP	FIS1	0.419
APP	FOS	0.543
APP	FOXO3	0.836
APP	GAPDH	0.98
APP	GBA	0.455
APP	GDNF	0.506
APP	GFAP	0.772
APP	GPX2	0.449
APP	GPX3	0.449
APP	GPX5	0.449
APP	GPX6	0.449
APP	GPX7	0.45
APP	GPX8	0.45
APP	GRIN2B	0.872
APP	GRN	0.601
APP	GSK3B	0.897
APP	HIF1A	0.483
APP	HMGB1	0.583
APP	HMOX1	0.512
APP	HSP90AA1	0.63
APP	HSP90AB1	0.465
APP	HSPA4	0.849
APP	HSPA5	0.563
APP	HSPA8	0.826
APP	HSPB1	0.602
APP	HSPB2	0.609
APP	HSPB3	0.573
APP	HTRA2	0.581
APP	HTT	0.826
APP	ICAM1	0.595
APP	IFNG	0.55
APP	IL10	0.561
APP	IL18	0.416
APP	IL1A	0.507
APP	IL1B	0.828
APP	IL4	0.452
APP	IL6	0.68
APP	INS	0.799
APP	JUN	0.79
APP	KEAP1	0.463
APP	LAMP1	0.558
APP	LRRK2	0.684
APP	MAOA	0.491
APP	MAOB	0.589
APP	MAP1B	0.657
APP	MAP1LC3A	0.511
APP	MAP1LC3B	0.58
APP	MAP2	0.592
APP	MAP3K5	0.728
APP	MAPK3	0.753
APP	MAPK8	0.718
APP	MAPT	0.995
APP	MBP	0.744
APP	MFN1	0.417
APP	MFN2	0.463
APP	MMP9	0.644
APP	MTOR	0.491
APP	NEFL	0.861
APP	NFE2L2	0.546
APP	NFKB1	0.87
APP	NFKBIA	0.417
APP	NGF	0.85
APP	NOS1	0.501
APP	NTRK2	0.602
APP	OPA1	0.495
APP	OPTN	0.525
APP	PARK7	0.731
APP	PINK1	0.633
APP	PPARG	0.548
APP	PPARGC1A	0.493
APP	PPIF	0.644
APP	PRKN	0.856
APP	PRNP	0.998
APP	PSEN1	0.999
APP	PSEN2	0.969
APP	PTEN	0.592
APP	PTGS2	0.642
APP	PXDN	0.669
APP	PXDNL	0.658
APP	RBFOX3	0.67
APP	S100B	0.748
APP	SCARB2	0.647
APP	SIRT1	0.572
APP	SLC1A2	0.632
APP	SLC40A1	0.633
APP	SLC6A3	0.479
APP	SNCA	0.993
APP	SNCB	0.628
APP	SOD1	0.802
APP	SQSTM1	0.522
APP	SRC	0.864
APP	STAT3	0.753
APP	STUB1	0.693
APP	SYN1	0.773
APP	SYP	0.918
APP	TARDBP	0.881
APP	TFEB	0.447
APP	TFRC	0.651
APP	TGFB1	0.895
APP	TH	0.506
APP	TLR2	0.578
APP	TLR4	0.67
APP	TNF	0.799
APP	TOMM20	0.579
APP	TP53	0.714
APP	TRAF6	0.52
APP	TREM2	0.901
APP	UCHL1	0.746
APP	VCP	0.652
APP	VDAC1	0.659
APP	VPS35	0.533
ATF4	ATF6	0.942
ATF4	ATG5	0.463
ATF4	ATG7	0.428
ATF4	BAX	0.417
ATF4	BCL2	0.597
ATF4	BECN1	0.472
ATF4	CASP3	0.602
ATF4	CASP9	0.435
ATF4	CCL2	0.814
ATF4	CREB1	0.959
ATF4	CYCS	0.453
ATF4	DDIT3	0.996
ATF4	EIF2AK3	0.992
ATF4	ERN1	0.835
ATF4	FOS	0.831
ATF4	FOXO1	0.663
ATF4	GAPDH	0.555
ATF4	GCLC	0.518
ATF4	GCLM	0.66
ATF4	GPX4	0.429
ATF4	GSK3B	0.932
ATF4	HIF1A	0.499
ATF4	HMOX1	0.76
ATF4	HSPA5	0.975
ATF4	IL1B	0.428
ATF4	IL6	0.414
ATF4	INS	0.518
ATF4	JUN	0.928
ATF4	KEAP1	0.694
ATF4	MAP1LC3B	0.502
ATF4	MAP3K5	0.513
ATF4	MAPK3	0.75
ATF4	MTOR	0.572
ATF4	NFE2L2	0.953
ATF4	NFKBIA	0.419
ATF4	NQO1	0.561
ATF4	PARK7	0.429
ATF4	PINK1	0.434
ATF4	PPARG	0.424
ATF4	PPARGC1A	0.406
ATF4	PRKCA	0.687
ATF4	PXDN	0.446
ATF4	PXDNL	0.445
ATF4	SQSTM1	0.453
ATF4	STAT3	0.565
ATF4	TNF	0.405
ATF4	TP53	0.45
ATF4	TRAF2	0.403
ATF4	XBP1	0.917
ATF6	ATG12	0.559
ATF6	ATG3	0.421
ATF6	ATG5	0.653
ATF6	ATG7	0.563
ATF6	BAX	0.447
ATF6	BCL2	0.716
ATF6	BCL2L1	0.504
ATF6	BECN1	0.645
ATF6	CASP1	0.467
ATF6	CASP3	0.737
ATF6	CASP8	0.524
ATF6	CASP9	0.627
ATF6	CREB1	0.701
ATF6	CYCS	0.614
ATF6	DDIT3	0.989
ATF6	DNAJB1	0.455
ATF6	EIF2AK3	0.978
ATF6	ERN1	0.976
ATF6	FOS	0.573
ATF6	FOXO1	0.426
ATF6	FOXO3	0.411
ATF6	GAPDH	0.63
ATF6	GSK3B	0.457
ATF6	HIF1A	0.438
ATF6	HMOX1	0.449
ATF6	HSP90AA1	0.551
ATF6	HSP90AB1	0.529
ATF6	HSPA4	0.718
ATF6	HSPA5	0.999
ATF6	HSPA8	0.427
ATF6	HSPA9	0.455
ATF6	IL1B	0.519
ATF6	IL6	0.678
ATF6	INS	0.598
ATF6	ITPR1	0.541
ATF6	JUN	0.672
ATF6	KEAP1	0.443
ATF6	MAP1LC3B	0.556
ATF6	MAP3K5	0.712
ATF6	MAPK3	0.4
ATF6	MAPK8	0.514
ATF6	MCL1	0.458
ATF6	MFN2	0.41
ATF6	MTOR	0.523
ATF6	NFE2L2	0.541
ATF6	NFKB1	0.63
ATF6	PIK3C3	0.431
ATF6	PINK1	0.409
ATF6	PPARA	0.442
ATF6	PPARG	0.431
ATF6	PPARGC1A	0.786
ATF6	PSEN1	0.496
ATF6	PXDN	0.579
ATF6	PXDNL	0.579
ATF6	SIRT1	0.467
ATF6	SOD1	0.423
ATF6	SOD2	0.473
ATF6	SOD2-2	0.466
ATF6	SQSTM1	0.471
ATF6	STAT3	0.449
ATF6	TFAM	0.585
ATF6	TLR4	0.409
ATF6	TNF	0.523
ATF6	TP53	0.51
ATF6	TRAF2	0.572
ATF6	TXN	0.408
ATF6	VCP	0.593
ATF6	XBP1	0.998
ATG12	ATG16L1	0.999
ATG12	ATG3	0.999
ATG12	ATG5	0.999
ATG12	ATG7	0.999
ATG12	ATXN3	0.496
ATG12	BCL2	0.989
ATG12	BCL2L1	0.729
ATG12	BECN1	0.991
ATG12	BECN2	0.746
ATG12	BNIP3	0.712
ATG12	BNIP3L	0.701
ATG12	CASP3	0.608
ATG12	CASP8	0.899
ATG12	CASP9	0.472
ATG12	CTSB	0.523
ATG12	CTSD	0.522
ATG12	CTSS	0.49
ATG12	CYCS	0.523
ATG12	DNM1L	0.408
ATG12	EGFR	0.578
ATG12	EIF2AK3	0.44
ATG12	ERN1	0.481
ATG12	FADD	0.982
ATG12	FOXO1	0.505
ATG12	FOXO3	0.613
ATG12	FUNDC1	0.733
ATG12	GAPDH	0.685
ATG12	GRN	0.461
ATG12	HDAC6	0.477
ATG12	HIF1A	0.442
ATG12	HSP90AA1	0.437
ATG12	HSP90AB1	0.41
ATG12	HSPA4	0.437
ATG12	HSPA5	0.692
ATG12	HSPA8	0.524
ATG12	HTT	0.589
ATG12	LAMP1	0.676
ATG12	LAMP2	0.643
ATG12	MAP1A	0.928
ATG12	MAP1B	0.925
ATG12	MAP1LC3A	0.98
ATG12	MAP1LC3B	0.969
ATG12	MAP1S	0.923
ATG12	MAPK8	0.446
ATG12	MCL1	0.988
ATG12	MFN1	0.712
ATG12	MFN2	0.824
ATG12	MTOR	0.761
ATG12	OPTN	0.595
ATG12	PIK3C3	0.969
ATG12	PINK1	0.715
ATG12	PRKN	0.63
ATG12	PTEN	0.449
ATG12	PXDN	0.431
ATG12	PXDNL	0.431
ATG12	RIPK1	0.635
ATG12	SIRT1	0.551
ATG12	SQSTM1	0.981
ATG12	TFEB	0.636
ATG12	TP53	0.511
ATG12	TRAF6	0.434
ATG12	VDAC1	0.701
ATG12	XBP1	0.568
ATG16L1	ATG3	0.999
ATG16L1	ATG5	0.999
ATG16L1	ATG7	0.995
ATG16L1	BCL2	0.52
ATG16L1	BECN1	0.965
ATG16L1	BECN2	0.617
ATG16L1	BNIP3	0.58
ATG16L1	BNIP3L	0.573
ATG16L1	CASP1	0.637
ATG16L1	CASP3	0.584
ATG16L1	CASP8	0.616
ATG16L1	ERN1	0.423
ATG16L1	FADD	0.587
ATG16L1	GAPDH	0.411
ATG16L1	HIF1A	0.467
ATG16L1	HSPA4	0.469
ATG16L1	HSPA5	0.612
ATG16L1	HSPA8	0.411
ATG16L1	HTT	0.541
ATG16L1	IFNG	0.447
ATG16L1	IL10	0.445
ATG16L1	IL18	0.529
ATG16L1	IL1B	0.545
ATG16L1	IL6	0.43
ATG16L1	LAMP1	0.583
ATG16L1	LAMP2	0.571
ATG16L1	LRRK2	0.45
ATG16L1	MAP1A	0.856
ATG16L1	MAP1B	0.791
ATG16L1	MAP1LC3A	0.854
ATG16L1	MAP1LC3B	0.955
ATG16L1	MAP1S	0.836
ATG16L1	MTOR	0.624
ATG16L1	NLRP3	0.673
ATG16L1	OPTN	0.691
ATG16L1	PIK3C3	0.929
ATG16L1	PINK1	0.517
ATG16L1	PRKN	0.419
ATG16L1	PTEN	0.401
ATG16L1	RIPK1	0.545
ATG16L1	SQSTM1	0.973
ATG16L1	TFEB	0.579
ATG16L1	TFRC	0.402
ATG16L1	TLR2	0.773
ATG16L1	TLR4	0.477
ATG16L1	TNF	0.479
ATG16L1	TRAF6	0.403
ATG16L1	VDAC2	0.472
ATG16L1	XBP1	0.577
ATG3	ATG5	0.999
ATG3	ATG7	0.999
ATG3	ATXN3	0.581
ATG3	BCL2	0.749
ATG3	BCL2L1	0.678
ATG3	BECN1	0.991
ATG3	BECN2	0.677
ATG3	BNIP3	0.598
ATG3	BNIP3L	0.587
ATG3	CASP3	0.523
ATG3	CASP8	0.473
ATG3	CASP9	0.42
ATG3	CTSB	0.428
ATG3	CTSD	0.402
ATG3	CTSS	0.423
ATG3	CYCS	0.442
ATG3	FADD	0.727
ATG3	FOXO3	0.476
ATG3	GAPDH	0.525
ATG3	HDAC6	0.422
ATG3	HSPA8	0.513
ATG3	IL1B	0.502
ATG3	LAMP1	0.578
ATG3	LAMP2	0.59
ATG3	LRRK2	0.438
ATG3	MAP1A	0.875
ATG3	MAP1B	0.805
ATG3	MAP1LC3A	0.997
ATG3	MAP1LC3B	0.998
ATG3	MAP1S	0.773
ATG3	MAPK8	0.401
ATG3	MCL1	0.41
ATG3	MTOR	0.685
ATG3	OPTN	0.507
ATG3	PIK3C3	0.933
ATG3	PINK1	0.655
ATG3	PRKN	0.542
ATG3	PSMD4	0.501
ATG3	SIRT1	0.463
ATG3	SQSTM1	0.804
ATG3	TFEB	0.602
ATG3	TP53	0.436
ATG5	ATG7	0.999
ATG5	BAX	0.426
ATG5	BCL2	0.845
ATG5	BCL2L1	0.992
ATG5	BECN1	0.986
ATG5	BECN2	0.769
ATG5	BNIP3	0.797
ATG5	BNIP3L	0.728
ATG5	CALM3	0.403
ATG5	CALML5	0.403
ATG5	CASP1	0.805
ATG5	CASP3	0.787
ATG5	CASP8	0.975
ATG5	CASP9	0.668
ATG5	COX4I1	0.425
ATG5	CREB1	0.56
ATG5	CTNNB1	0.434
ATG5	CTSB	0.601
ATG5	CTSD	0.622
ATG5	CTSS	0.529
ATG5	CYBB	0.463
ATG5	CYCS	0.82
ATG5	DDIT3	0.476
ATG5	DNM1L	0.553
ATG5	EGFR	0.495
ATG5	EIF2AK3	0.562
ATG5	ERN1	0.601
ATG5	FADD	0.994
ATG5	FIS1	0.584
ATG5	FOXO1	0.593
ATG5	FOXO3	0.664
ATG5	FUNDC1	0.777
ATG5	GAPDH	0.795
ATG5	GSK3B	0.461
ATG5	HDAC6	0.722
ATG5	HIF1A	0.595
ATG5	HMGB1	0.498
ATG5	HMOX1	0.475
ATG5	HSP90AA1	0.511
ATG5	HSP90AB1	0.496
ATG5	HSPA4	0.497
ATG5	HSPA5	0.627
ATG5	HSPA8	0.548
ATG5	HTT	0.725
ATG5	IFNG	0.481
ATG5	IL18	0.476
ATG5	IL1B	0.598
ATG5	IL6	0.531
ATG5	INS	0.517
ATG5	ITPR1	0.627
ATG5	JUN	0.482
ATG5	KEAP1	0.621
ATG5	LAMP1	0.793
ATG5	LAMP2	0.748
ATG5	MAP1A	0.904
ATG5	MAP1B	0.867
ATG5	MAP1LC3A	0.977
ATG5	MAP1LC3B	0.987
ATG5	MAP1S	0.886
ATG5	MAP3K5	0.423
ATG5	MAPK3	0.508
ATG5	MAPK8	0.549
ATG5	MCL1	0.55
ATG5	MFN1	0.804
ATG5	MFN2	0.886
ATG5	MTOR	0.83
ATG5	NCOA4	0.457
ATG5	NFE2L2	0.519
ATG5	NFKB1	0.453
ATG5	NLRP3	0.683
ATG5	OPTN	0.798
ATG5	PIK3C3	0.972
ATG5	PINK1	0.776
ATG5	PPARGC1A	0.52
ATG5	PPIF	0.432
ATG5	PRKN	0.717
ATG5	PSEN1	0.439
ATG5	PTEN	0.582
ATG5	PXDN	0.627
ATG5	PXDNL	0.624
ATG5	RIPK1	0.897
ATG5	RIPK3	0.639
ATG5	SIRT1	0.993
ATG5	SIRT3	0.498
ATG5	SNCA	0.639
ATG5	SOD1	0.437
ATG5	SQSTM1	0.991
ATG5	SRC	0.402
ATG5	STAT3	0.604
ATG5	TFAM	0.456
ATG5	TFEB	0.762
ATG5	TLR4	0.456
ATG5	TNF	0.548
ATG5	TOMM20	0.601
ATG5	TP53	0.764
ATG5	TRAF6	0.555
ATG5	VCP	0.572
ATG5	VDAC1	0.764
ATG5	VPS35	0.437
ATG5	XBP1	0.674
ATG7	ATXN3	0.512
ATG7	BCL2	0.807
ATG7	BCL2L1	0.734
ATG7	BECN1	0.983
ATG7	BECN2	0.759
ATG7	BNIP3	0.759
ATG7	BNIP3L	0.691
ATG7	CASP1	0.494
ATG7	CASP3	0.807
ATG7	CASP8	0.711
ATG7	CASP9	0.688
ATG7	COX4I1	0.406
ATG7	CTNNB1	0.457
ATG7	CTSB	0.573
ATG7	CTSD	0.595
ATG7	CTSS	0.519
ATG7	CYBB	0.428
ATG7	CYCS	0.595
ATG7	DDIT3	0.428
ATG7	DNM1L	0.55
ATG7	EGFR	0.433
ATG7	EIF2AK3	0.474
ATG7	ERN1	0.571
ATG7	FADD	0.546
ATG7	FIS1	0.501
ATG7	FOXO1	0.998
ATG7	FOXO3	0.79
ATG7	FUNDC1	0.577
ATG7	GAPDH	0.711
ATG7	GSK3B	0.455
ATG7	HDAC6	0.548
ATG7	HIF1A	0.535
ATG7	HMGB1	0.403
ATG7	HMOX1	0.465
ATG7	HSP90AA1	0.48
ATG7	HSP90AB1	0.473
ATG7	HSPA4	0.488
ATG7	HSPA5	0.576
ATG7	HSPA8	0.565
ATG7	HTT	0.556
ATG7	IFNG	0.4
ATG7	IL1B	0.663
ATG7	IL6	0.472
ATG7	INS	0.541
ATG7	JUN	0.614
ATG7	KEAP1	0.708
ATG7	LAMP1	0.738
ATG7	LAMP2	0.71
ATG7	LRRK2	0.404
ATG7	MAP1A	0.866
ATG7	MAP1B	0.784
ATG7	MAP1LC3A	0.998
ATG7	MAP1LC3B	0.998
ATG7	MAP1S	0.864
ATG7	MAPK3	0.485
ATG7	MAPK8	0.467
ATG7	MCL1	0.487
ATG7	MFN1	0.541
ATG7	MFN2	0.599
ATG7	MTOR	0.772
ATG7	NCOA4	0.443
ATG7	NFE2L2	0.582
ATG7	NFKB1	0.41
ATG7	NLRP3	0.656
ATG7	OPTN	0.571
ATG7	PIK3C3	0.927
ATG7	PINK1	0.78
ATG7	PPARA	0.42
ATG7	PPARG	0.421
ATG7	PPARGC1A	0.547
ATG7	PRKN	0.733
ATG7	PSEN1	0.471
ATG7	PSMD4	0.555
ATG7	PTEN	0.575
ATG7	PXDN	0.566
ATG7	PXDNL	0.562
ATG7	RIPK1	0.695
ATG7	RIPK3	0.572
ATG7	SIRT1	0.993
ATG7	SIRT3	0.422
ATG7	SNCA	0.551
ATG7	SOD1	0.448
ATG7	SQSTM1	0.938
ATG7	SRC	0.678
ATG7	STAT3	0.48
ATG7	TARDBP	0.472
ATG7	TFAM	0.41
ATG7	TFEB	0.758
ATG7	TLR4	0.478
ATG7	TNF	0.512
ATG7	TOMM20	0.552
ATG7	TP53	0.907
ATG7	TRAF6	0.467
ATG7	VCP	0.437
ATG7	VDAC1	0.49
ATG7	VPS35	0.509
ATG7	XBP1	0.565
ATP13A2	C9orf72	0.418
ATP13A2	CTSD	0.574
ATP13A2	DNAJC13	0.734
ATP13A2	DNAJC6	0.789
ATP13A2	FBXO7	0.885
ATP13A2	FTL	0.454
ATP13A2	GAK	0.766
ATP13A2	GBA	0.871
ATP13A2	GRN	0.426
ATP13A2	HDAC6	0.647
ATP13A2	HSPA8	0.534
ATP13A2	HTRA2	0.687
ATP13A2	HTT	0.478
ATP13A2	LAMP1	0.653
ATP13A2	LAMP2	0.405
ATP13A2	LRRK2	0.848
ATP13A2	MAP1S	0.472
ATP13A2	MAPT	0.724
ATP13A2	PARK7	0.957
ATP13A2	PINK1	0.924
ATP13A2	PLA2G6	0.844
ATP13A2	PRKN	0.836
ATP13A2	PSEN1	0.418
ATP13A2	RAB29	0.567
ATP13A2	SLC11A2	0.564
ATP13A2	SLC6A3	0.816
ATP13A2	SNCA	0.941
ATP13A2	SNCAIP	0.446
ATP13A2	SNCB	0.551
ATP13A2	SOD1	0.412
ATP13A2	TARDBP	0.462
ATP13A2	TFEB	0.408
ATP13A2	TH	0.446
ATP13A2	TMEM230	0.582
ATP13A2	UCHL1	0.683
ATP13A2	VPS35	0.856
ATP5F1A	BACE1	0.403
ATP5F1A	COX4I1	0.922
ATP5F1A	CTNNB1	0.441
ATP5F1A	CYCS	0.635
ATP5F1A	GAPDH	0.785
ATP5F1A	GSR	0.569
ATP5F1A	HSP90AA1	0.645
ATP5F1A	HSP90AB1	0.706
ATP5F1A	HSPA1B	0.538
ATP5F1A	HSPA5	0.63
ATP5F1A	HSPA8	0.63
ATP5F1A	HSPA9	0.871
ATP5F1A	LRRK2	0.526
ATP5F1A	MFN2	0.409
ATP5F1A	MTOR	0.433
ATP5F1A	NDUFA9	0.947
ATP5F1A	NDUFS1	0.961
ATP5F1A	PARK7	0.457
ATP5F1A	PPARGC1A	0.437
ATP5F1A	PPIF	0.413
ATP5F1A	PRDX1	0.499
ATP5F1A	PRDX3	0.63
ATP5F1A	SDHB	0.949
ATP5F1A	SIRT3	0.674
ATP5F1A	SOD1	0.53
ATP5F1A	SOD2	0.603
ATP5F1A	SOD2-2	0.603
ATP5F1A	TFAM	0.525
ATP5F1A	TOMM20	0.686
ATP5F1A	VCP	0.457
ATP5F1A	VDAC1	0.889
ATP5F1A	VDAC2	0.715
ATXN3	BECN1	0.989
ATXN3	BECN2	0.913
ATXN3	C9orf72	0.513
ATXN3	CREB1	0.419
ATXN3	DNAJB1	0.61
ATXN3	FBXO7	0.562
ATXN3	FOXO1	0.547
ATXN3	FOXO3	0.543
ATXN3	GSK3B	0.455
ATXN3	HDAC6	0.921
ATXN3	HSP90AA1	0.637
ATXN3	HSP90AB1	0.51
ATXN3	HSPA4	0.562
ATXN3	HSPA8	0.514
ATXN3	HSPA9	0.509
ATXN3	HTRA2	0.43
ATXN3	HTT	0.878
ATXN3	ITPR1	0.996
ATXN3	LRRK2	0.434
ATXN3	MAP1LC3A	0.554
ATXN3	MAPT	0.446
ATXN3	PIK3C3	0.416
ATXN3	PINK1	0.463
ATXN3	PLA2G6	0.499
ATXN3	PRKN	0.996
ATXN3	PSMD4	0.521
ATXN3	SNCA	0.722
ATXN3	SOD1	0.53
ATXN3	SOD2	0.795
ATXN3	SQSTM1	0.525
ATXN3	STUB1	0.983
ATXN3	TARDBP	0.614
ATXN3	TP53	0.499
ATXN3	TRAF6	0.433
ATXN3	TXN	0.493
ATXN3	UCHL1	0.659
ATXN3	VCP	0.999
BACE1	BCL2	0.67
BACE1	BCL2L1	0.47
BACE1	BDNF	0.638
BACE1	BECN1	0.4
BACE1	CALM3	0.636
BACE1	CASP3	0.67
BACE1	CDK5	0.876
BACE1	CHAT	0.447
BACE1	CREB1	0.541
BACE1	CTNNB1	0.505
BACE1	CTSB	0.771
BACE1	CTSS	0.594
BACE1	CYCS	0.419
BACE1	DLG4	0.618
BACE1	DRD2	0.464
BACE1	GAPDH	0.516
BACE1	GFAP	0.566
BACE1	GRIN2B	0.418
BACE1	GSK3B	0.677
BACE1	HMOX1	0.4
BACE1	HSPA5	0.597
BACE1	HTT	0.579
BACE1	IL1B	0.559
BACE1	IL6	0.503
BACE1	INS	0.513
BACE1	JUN	0.448
BACE1	LAMP1	0.427
BACE1	MAOA	0.454
BACE1	MAOB	0.541
BACE1	MAP2	0.473
BACE1	MAPK3	0.406
BACE1	MAPT	0.77
BACE1	NEFL	0.489
BACE1	NFE2L2	0.433
BACE1	NFKB1	0.497
BACE1	NGF	0.485
BACE1	NTRK2	0.446
BACE1	PINK1	0.414
BACE1	PPARG	0.493
BACE1	PRNP	0.744
BACE1	PSEN1	0.972
BACE1	PSEN2	0.853
BACE1	PTGS2	0.446
BACE1	PXDN	0.514
BACE1	PXDNL	0.481
BACE1	RBFOX3	0.427
BACE1	SIRT1	0.553
BACE1	SNCA	0.657
BACE1	SOD1	0.706
BACE1	STUB1	0.442
BACE1	SYN1	0.656
BACE1	SYP	0.786
BACE1	TARDBP	0.488
BACE1	TFRC	0.67
BACE1	TNF	0.532
BACE1	TREM2	0.573
BACE1	UCHL1	0.416
BACE1	VPS35	0.606
BAG5	BCL2	0.698
BAG5	CALM3	0.597
BAG5	CALML5	0.42
BAG5	CASP3	0.496
BAG5	DNAJB1	0.85
BAG5	DNAJC13	0.555
BAG5	GAK	0.936
BAG5	HSPA1B	0.991
BAG5	HSPA4	0.96
BAG5	HSPA5	0.623
BAG5	HSPA8	0.979
BAG5	HSPA9	0.622
BAG5	HSPB1	0.506
BAG5	HSPB2	0.492
BAG5	HSPB3	0.493
BAG5	LRRK2	0.843
BAG5	MAPK8	0.421
BAG5	PARK7	0.675
BAG5	PINK1	0.809
BAG5	PRKN	0.859
BAG5	RAB29	0.89
BAG5	SNCA	0.521
BAG5	SNCAIP	0.528
BAG5	SQSTM1	0.581
BAG5	STUB1	0.919
BAG5	TGFB1	0.403
BAG5	TNF	0.441
BAG5	TP53	0.703
BAG5	VDAC1	0.551
BAX	BCL2	0.999
BAX	BCL2L1	0.999
BAX	BDNF	0.464
BAX	BECN1	0.726
BAX	BECN2	0.548
BAX	CASP1	0.469
BAX	CASP3	0.884
BAX	CASP8	0.853
BAX	CASP9	0.856
BAX	CTNNB1	0.411
BAX	CYCS	0.993
BAX	DDIT3	0.555
BAX	DNM1L	0.676
BAX	EGFR	0.418
BAX	EIF2AK3	0.443
BAX	ERN1	0.815
BAX	FADD	0.503
BAX	GAPDH	0.735
BAX	GPX2	0.518
BAX	GPX3	0.514
BAX	GPX5	0.528
BAX	GPX6	0.523
BAX	GPX7	0.526
BAX	GPX8	0.523
BAX	GSK3B	0.576
BAX	HIF1A	0.447
BAX	HMOX1	0.729
BAX	HSPA4	0.547
BAX	HSPA5	0.479
BAX	IL1B	0.55
BAX	IL6	0.515
BAX	JUN	0.56
BAX	KEAP1	0.403
BAX	MAP1A	0.443
BAX	MAP1LC3B	0.408
BAX	MAP3K5	0.662
BAX	MAPK3	0.515
BAX	MAPK8	0.58
BAX	MCL1	0.999
BAX	MFN1	0.419
BAX	MFN2	0.431
BAX	MMP9	0.448
BAX	MTOR	0.534
BAX	NFE2L2	0.549
BAX	NQO1	0.409
BAX	PARK7	0.415
BAX	PPIF	0.931
BAX	PRKN	0.94
BAX	PTEN	0.442
BAX	PTGS2	0.664
BAX	PXDN	0.581
BAX	PXDNL	0.578
BAX	PYCARD	0.556
BAX	SIRT1	0.942
BAX	SNCA	0.513
BAX	STAT3	0.47
BAX	TGFB1	0.44
BAX	TNF	0.503
BAX	TP53	0.994
BAX	TRAF2	0.606
BAX	VDAC1	0.983
BAX	VDAC2	0.642
BAX	XBP1	0.413
BCL2	BCL2L1	0.999
BCL2	BDNF	0.793
BCL2	BECN1	0.999
BCL2	BECN2	0.999
BCL2	BNIP3	0.999
BCL2	BNIP3L	0.995
BCL2	CALM3	0.677
BCL2	CALML5	0.505
BCL2	CASP1	0.817
BCL2	CASP3	0.987
BCL2	CASP8	0.984
BCL2	CASP9	0.946
BCL2	CCL2	0.607
BCL2	CD63	0.413
BCL2	CD68	0.661
BCL2	CDK5	0.452
BCL2	COX4I1	0.639
BCL2	CREB1	0.925
BCL2	CTNNB1	0.781
BCL2	CTSB	0.947
BCL2	CTSD	0.949
BCL2	CTSS	0.946
BCL2	CYBA	0.402
BCL2	CYBB	0.706
BCL2	CYCS	0.997
BCL2	DDIT3	0.972
BCL2	DLG4	0.403
BCL2	DNAJB1	0.575
BCL2	DNM1L	0.631
BCL2	EGFR	0.839
BCL2	EIF2AK3	0.729
BCL2	ERN1	0.781
BCL2	FADD	0.745
BCL2	FIS1	0.775
BCL2	FOS	0.784
BCL2	FOXO1	0.7
BCL2	FOXO3	0.73
BCL2	FUNDC1	0.671
BCL2	GAPDH	0.876
BCL2	GCLC	0.62
BCL2	GDNF	0.506
BCL2	GFAP	0.538
BCL2	GPX2	0.73
BCL2	GPX3	0.725
BCL2	GPX4	0.464
BCL2	GPX5	0.726
BCL2	GPX6	0.726
BCL2	GPX7	0.731
BCL2	GPX8	0.734
BCL2	GSK3B	0.731
BCL2	GSR	0.549
BCL2	HDAC6	0.479
BCL2	HIF1A	0.946
BCL2	HMGB1	0.602
BCL2	HMOX1	0.856
BCL2	HSP90AA1	0.929
BCL2	HSP90AB1	0.775
BCL2	HSPA1B	0.613
BCL2	HSPA4	0.899
BCL2	HSPA5	0.738
BCL2	HSPA8	0.679
BCL2	HSPA9	0.588
BCL2	HSPB1	0.597
BCL2	HSPB2	0.581
BCL2	HSPB3	0.988
BCL2	HTRA2	0.719
BCL2	HTT	0.441
BCL2	ICAM1	0.618
BCL2	IFNG	0.795
BCL2	IL10	0.718
BCL2	IL18	0.552
BCL2	IL1A	0.625
BCL2	IL1B	0.808
BCL2	IL4	0.607
BCL2	IL6	0.868
BCL2	INS	0.721
BCL2	ITPR1	0.996
BCL2	JUN	0.927
BCL2	KEAP1	0.92
BCL2	LAMP1	0.434
BCL2	LAMP2	0.404
BCL2	LGALS3	0.915
BCL2	LRRK2	0.497
BCL2	MAOA	0.562
BCL2	MAOB	0.455
BCL2	MAP1A	0.623
BCL2	MAP1B	0.588
BCL2	MAP1LC3A	0.63
BCL2	MAP1LC3B	0.73
BCL2	MAP1S	0.597
BCL2	MAP3K5	0.755
BCL2	MAPK3	0.985
BCL2	MAPK8	0.979
BCL2	MAPT	0.413
BCL2	MCL1	0.764
BCL2	MFN1	0.764
BCL2	MFN2	0.948
BCL2	MMP9	0.804
BCL2	MPO	0.583
BCL2	MTOR	0.765
BCL2	NFE2L2	0.687
BCL2	NFKB1	0.818
BCL2	NFKBIA	0.73
BCL2	NGF	0.623
BCL2	NLRP3	0.516
BCL2	NOS1	0.616
BCL2	NOX1	0.442
BCL2	NOX4	0.574
BCL2	NQO1	0.611
BCL2	NR4A2	0.583
BCL2	NTRK2	0.52
BCL2	OPA1	0.643
BCL2	PARK7	0.415
BCL2	PIK3C3	0.976
BCL2	PINK1	0.636
BCL2	PPARA	0.649
BCL2	PPARG	0.649
BCL2	PPARGC1A	0.744
BCL2	PPIF	0.961
BCL2	PRKCA	0.695
BCL2	PRKN	0.705
BCL2	PRNP	0.69
BCL2	PSEN1	0.804
BCL2	PSEN2	0.499
BCL2	PTEN	0.815
BCL2	PTGS2	0.745
BCL2	PXDN	0.844
BCL2	PXDNL	0.844
BCL2	RBFOX3	0.524
BCL2	RET	0.44
BCL2	RIPK1	0.563
BCL2	RIPK3	0.513
BCL2	SDHB	0.61
BCL2	SIRT1	0.744
BCL2	SIRT3	0.523
BCL2	SNCA	0.527
BCL2	SOD1	0.998
BCL2	SOD2	0.633
BCL2	SOD2-2	0.632
BCL2	SQSTM1	0.812
BCL2	SRC	0.86
BCL2	STAT3	0.959
BCL2	STUB1	0.416
BCL2	SYP	0.522
BCL2	TFAM	0.639
BCL2	TFEB	0.428
BCL2	TFRC	0.457
BCL2	TGFB1	0.689
BCL2	TH	0.504
BCL2	TLR2	0.632
BCL2	TLR4	0.724
BCL2	TNF	0.885
BCL2	TOMM20	0.757
BCL2	TP53	0.999
BCL2	TRAF2	0.503
BCL2	TRAF6	0.695
BCL2	TXN	0.618
BCL2	UCP2	0.478
BCL2	VDAC1	0.998
BCL2	VDAC2	0.911
BCL2	XBP1	0.666
BCL2	XDH	0.494
BCL2L1	BDNF	0.512
BCL2L1	BECN1	0.999
BCL2L1	BECN2	0.992
BCL2L1	BNIP3	0.998
BCL2L1	BNIP3L	0.951
BCL2L1	CALM3	0.429
BCL2L1	CALML5	0.412
BCL2L1	CASP1	0.728
BCL2L1	CASP3	0.95
BCL2L1	CASP8	0.933
BCL2L1	CASP9	0.992
BCL2L1	CCL2	0.457
BCL2L1	COX4I1	0.555
BCL2L1	CREB1	0.525
BCL2L1	CTNNB1	0.766
BCL2L1	CTSB	0.938
BCL2L1	CTSD	0.934
BCL2L1	CTSS	0.936
BCL2L1	CYCS	0.998
BCL2L1	DDIT3	0.52
BCL2L1	DNM1L	0.919
BCL2L1	EGFR	0.847
BCL2L1	EIF2AK3	0.587
BCL2L1	ERN1	0.522
BCL2L1	FADD	0.739
BCL2L1	FIS1	0.753
BCL2L1	FOS	0.681
BCL2L1	FOXO1	0.519
BCL2L1	FOXO3	0.629
BCL2L1	GAPDH	0.752
BCL2L1	GPX2	0.481
BCL2L1	GPX3	0.475
BCL2L1	GPX5	0.479
BCL2L1	GPX6	0.477
BCL2L1	GPX7	0.499
BCL2L1	GPX8	0.498
BCL2L1	GSK3B	0.828
BCL2L1	HDAC6	0.417
BCL2L1	HIF1A	0.674
BCL2L1	HMOX1	0.594
BCL2L1	HSP90AA1	0.727
BCL2L1	HSP90AB1	0.603
BCL2L1	HSPA4	0.73
BCL2L1	HSPA5	0.571
BCL2L1	HSPB1	0.54
BCL2L1	HSPB2	0.449
BCL2L1	HSPB3	0.45
BCL2L1	HTRA2	0.609
BCL2L1	ICAM1	0.482
BCL2L1	IFNG	0.609
BCL2L1	IL10	0.581
BCL2L1	IL18	0.406
BCL2L1	IL1A	0.556
BCL2L1	IL1B	0.764
BCL2L1	IL4	0.513
BCL2L1	IL6	0.809
BCL2L1	INS	0.544
BCL2L1	ITPR1	0.856
BCL2L1	JUN	0.706
BCL2L1	KEAP1	0.671
BCL2L1	MAP1A	0.419
BCL2L1	MAP1LC3A	0.447
BCL2L1	MAP1LC3B	0.557
BCL2L1	MAP3K5	0.543
BCL2L1	MAPK3	0.701
BCL2L1	MAPK8	0.986
BCL2L1	MCL1	0.989
BCL2L1	MFN1	0.828
BCL2L1	MFN2	0.959
BCL2L1	MMP9	0.649
BCL2L1	MTOR	0.813
BCL2L1	NFE2L2	0.484
BCL2L1	NFKB1	0.67
BCL2L1	NFKBIA	0.772
BCL2L1	NGF	0.445
BCL2L1	NQO1	0.412
BCL2L1	PARK7	0.97
BCL2L1	PIK3C3	0.771
BCL2L1	PINK1	0.986
BCL2L1	PPARG	0.505
BCL2L1	PPIF	0.51
BCL2L1	PRKCA	0.418
BCL2L1	PRKN	0.777
BCL2L1	PSEN1	0.624
BCL2L1	PTEN	0.669
BCL2L1	PTGS2	0.627
BCL2L1	PXDN	0.688
BCL2L1	PXDNL	0.684
BCL2L1	RIPK1	0.499
BCL2L1	RIPK3	0.413
BCL2L1	SDHB	0.468
BCL2L1	SIRT1	0.548
BCL2L1	SNCA	0.706
BCL2L1	SOD2	0.679
BCL2L1	SOD2-2	0.676
BCL2L1	SQSTM1	0.485
BCL2L1	SRC	0.673
BCL2L1	STAT3	0.949
BCL2L1	TFAM	0.571
BCL2L1	TGFB1	0.521
BCL2L1	TLR2	0.585
BCL2L1	TLR4	0.455
BCL2L1	TNF	0.878
BCL2L1	TP53	0.999
BCL2L1	TRAF6	0.423
BCL2L1	TXN	0.453
BCL2L1	VDAC1	0.998
BCL2L1	VDAC2	0.713
BCL2L1	VPS35	0.464
BCL2L1	XBP1	0.484
BDNF	C9orf72	0.41
BDNF	CALB1	0.616
BDNF	CALM3	0.746
BDNF	CALML5	0.748
BDNF	CASP1	0.457
BDNF	CASP3	0.72
BDNF	CASP9	0.435
BDNF	CCL2	0.597
BDNF	CD68	0.434
BDNF	CDK5	0.847
BDNF	CHAT	0.697
BDNF	COMT	0.919
BDNF	CREB1	0.956
BDNF	CTNNB1	0.556
BDNF	CYCS	0.593
BDNF	DBH	0.48
BDNF	DDC	0.429
BDNF	DLG4	0.786
BDNF	DRD1	0.795
BDNF	DRD2	0.79
BDNF	EGFR	0.877
BDNF	EIF2AK3	0.479
BDNF	FOS	0.748
BDNF	GAPDH	0.709
BDNF	GDNF	0.963
BDNF	GFAP	0.804
BDNF	GPX2	0.522
BDNF	GPX3	0.525
BDNF	GPX5	0.532
BDNF	GPX6	0.531
BDNF	GPX7	0.53
BDNF	GPX8	0.551
BDNF	GRIN2B	0.931
BDNF	GSK3B	0.672
BDNF	GSR	0.418
BDNF	HIF1A	0.521
BDNF	HMGB1	0.423
BDNF	HMOX1	0.627
BDNF	HSPA4	0.65
BDNF	HTT	0.823
BDNF	ICAM1	0.621
BDNF	IFNG	0.604
BDNF	IL10	0.695
BDNF	IL18	0.482
BDNF	IL1A	0.645
BDNF	IL1B	0.844
BDNF	IL4	0.589
BDNF	IL6	0.846
BDNF	INS	0.75
BDNF	ITPR1	0.569
BDNF	JUN	0.644
BDNF	MAOA	0.741
BDNF	MAOB	0.708
BDNF	MAP1B	0.416
BDNF	MAP2	0.713
BDNF	MAPK3	0.942
BDNF	MAPT	0.651
BDNF	MBP	0.683
BDNF	MMP9	0.74
BDNF	MPO	0.473
BDNF	MTOR	0.652
BDNF	NEFL	0.535
BDNF	NFE2L2	0.494
BDNF	NFKB1	0.54
BDNF	NFKBIA	0.4
BDNF	NGF	0.698
BDNF	NOS1	0.511
BDNF	NR4A2	0.58
BDNF	NTRK2	0.999
BDNF	PARK7	0.438
BDNF	PINK1	0.418
BDNF	PPARA	0.439
BDNF	PPARG	0.561
BDNF	PPARGC1A	0.589
BDNF	PRKN	0.423
BDNF	PSEN1	0.686
BDNF	PSEN2	0.517
BDNF	PTEN	0.625
BDNF	PTGS2	0.654
BDNF	PXDN	0.773
BDNF	PXDNL	0.766
BDNF	RBFOX3	0.769
BDNF	RET	0.741
BDNF	S100B	0.786
BDNF	SIRT1	0.652
BDNF	SLC18A2	0.518
BDNF	SLC1A2	0.619
BDNF	SLC6A3	0.697
BDNF	SNCA	0.798
BDNF	SOD1	0.587
BDNF	SRC	0.688
BDNF	STAT3	0.685
BDNF	SYN1	0.772
BDNF	SYP	0.833
BDNF	TAC1	0.84
BDNF	TARDBP	0.5
BDNF	TFAM	0.411
BDNF	TGFB1	0.57
BDNF	TH	0.837
BDNF	TLR2	0.615
BDNF	TLR4	0.593
BDNF	TNF	0.739
BDNF	TP53	0.52
BDNF	TREM2	0.471
BDNF	TXN	0.576
BDNF	UCHL1	0.478
BECN1	BECN2	0.972
BECN1	BNIP3	0.953
BECN1	BNIP3L	0.873
BECN1	CALM3	0.454
BECN1	CALML5	0.446
BECN1	CASP1	0.613
BECN1	CASP3	0.925
BECN1	CASP8	0.914
BECN1	CASP9	0.928
BECN1	COX4I1	0.481
BECN1	CREB1	0.413
BECN1	CTNNB1	0.547
BECN1	CTSB	0.613
BECN1	CTSD	0.647
BECN1	CTSS	0.502
BECN1	CYBB	0.457
BECN1	CYCS	0.778
BECN1	DDIT3	0.543
BECN1	DNM1L	0.75
BECN1	EGFR	0.837
BECN1	EIF2AK3	0.596
BECN1	ERN1	0.619
BECN1	FADD	0.513
BECN1	FIS1	0.587
BECN1	FOXO1	0.6
BECN1	FOXO3	0.691
BECN1	FUNDC1	0.637
BECN1	GAPDH	0.757
BECN1	GCLC	0.433
BECN1	GFAP	0.444
BECN1	GPX2	0.449
BECN1	GPX3	0.444
BECN1	GPX4	0.465
BECN1	GPX5	0.444
BECN1	GPX6	0.444
BECN1	GPX7	0.458
BECN1	GPX8	0.448
BECN1	GSK3B	0.554
BECN1	HDAC6	0.536
BECN1	HIF1A	0.632
BECN1	HMGB1	0.999
BECN1	HMOX1	0.58
BECN1	HSP90AA1	0.793
BECN1	HSP90AB1	0.719
BECN1	HSPA1B	0.456
BECN1	HSPA4	0.885
BECN1	HSPA5	0.765
BECN1	HSPA8	0.549
BECN1	HSPA9	0.618
BECN1	HSPB1	0.52
BECN1	HTT	0.979
BECN1	IFNG	0.476
BECN1	IL10	0.485
BECN1	IL18	0.532
BECN1	IL1B	0.65
BECN1	IL6	0.609
BECN1	INS	0.563
BECN1	ITPR1	0.998
BECN1	JUN	0.725
BECN1	KEAP1	0.535
BECN1	LAMP1	0.852
BECN1	LAMP2	0.796
BECN1	MAP1A	0.946
BECN1	MAP1B	0.924
BECN1	MAP1LC3A	0.964
BECN1	MAP1LC3B	0.972
BECN1	MAP1S	0.91
BECN1	MAP3K5	0.421
BECN1	MAPK3	0.6
BECN1	MAPK8	0.769
BECN1	MCL1	0.998
BECN1	MFN1	0.613
BECN1	MFN2	0.669
BECN1	MMP9	0.473
BECN1	MTOR	0.891
BECN1	NCOA4	0.42
BECN1	NFE2L2	0.568
BECN1	NFKB1	0.504
BECN1	NFKBIA	0.445
BECN1	NLRP3	0.718
BECN1	OPTN	0.583
BECN1	PARK7	0.442
BECN1	PIK3C3	0.999
BECN1	PINK1	0.996
BECN1	PPARG	0.451
BECN1	PPARGC1A	0.577
BECN1	PRKN	0.989
BECN1	PRNP	0.519
BECN1	PSEN1	0.487
BECN1	PTEN	0.639
BECN1	PTGS2	0.435
BECN1	PXDN	0.738
BECN1	PXDNL	0.734
BECN1	PYCARD	0.455
BECN1	RIPK1	0.472
BECN1	RIPK3	0.434
BECN1	S100B	0.623
BECN1	SIRT1	0.7
BECN1	SIRT3	0.681
BECN1	SNCA	0.585
BECN1	SOD1	0.655
BECN1	SOD2	0.467
BECN1	SOD2-2	0.463
BECN1	SQSTM1	0.958
BECN1	SRC	0.466
BECN1	STAT3	0.803
BECN1	TFAM	0.453
BECN1	TFEB	0.787
BECN1	TGFB1	0.448
BECN1	TLR2	0.619
BECN1	TLR4	0.574
BECN1	TNF	0.602
BECN1	TOMM20	0.562
BECN1	TP53	0.939
BECN1	TRAF2	0.995
BECN1	TRAF6	0.982
BECN1	VDAC1	0.588
BECN1	VDAC2	0.616
BECN1	VPS35	0.841
BECN1	XBP1	0.59
BECN2	BNIP3	0.714
BECN2	CASP3	0.602
BECN2	CYCS	0.455
BECN2	GAPDH	0.401
BECN2	HMGB1	0.958
BECN2	HTT	0.913
BECN2	ITPR1	0.908
BECN2	LAMP1	0.477
BECN2	LAMP2	0.507
BECN2	MAP1A	0.663
BECN2	MAP1B	0.576
BECN2	MAP1LC3A	0.598
BECN2	MAP1LC3B	0.664
BECN2	MAP1S	0.607
BECN2	MCL1	0.557
BECN2	MTOR	0.53
BECN2	PIK3C3	0.999
BECN2	PINK1	0.943
BECN2	PRKN	0.63
BECN2	PXDN	0.418
BECN2	PXDNL	0.418
BECN2	SQSTM1	0.615
BECN2	TFEB	0.556
BNIP3	BNIP3L	0.967
BNIP3	CALB1	0.427
BNIP3	CASP3	0.644
BNIP3	CASP8	0.472
BNIP3	CASP9	0.578
BNIP3	COX4I1	0.524
BNIP3	CTSB	0.413
BNIP3	CTSS	0.414
BNIP3	CYCS	0.647
BNIP3	DNM1L	0.635
BNIP3	FIS1	0.673
BNIP3	FOXO1	0.572
BNIP3	FOXO3	0.708
BNIP3	FUNDC1	0.951
BNIP3	GAPDH	0.519
BNIP3	HIF1A	0.895
BNIP3	HMOX1	0.401
BNIP3	HSPB3	0.685
BNIP3	HTRA2	0.543
BNIP3	IL1B	0.53
BNIP3	JUN	0.4
BNIP3	LAMP1	0.462
BNIP3	LAMP2	0.649
BNIP3	MAP1A	0.935
BNIP3	MAP1B	0.674
BNIP3	MAP1LC3A	0.877
BNIP3	MAP1LC3B	0.943
BNIP3	MAP1S	0.698
BNIP3	MAPK3	0.566
BNIP3	MCL1	0.795
BNIP3	MFN1	0.675
BNIP3	MFN2	0.687
BNIP3	MTOR	0.584
BNIP3	OPA1	0.639
BNIP3	OPTN	0.611
BNIP3	PIK3C3	0.657
BNIP3	PINK1	0.89
BNIP3	PPARGC1A	0.616
BNIP3	PPIF	0.667
BNIP3	PRKN	0.798
BNIP3	PTEN	0.54
BNIP3	PXDN	0.431
BNIP3	PXDNL	0.414
BNIP3	SDHB	0.465
BNIP3	SIRT1	0.596
BNIP3	SIRT3	0.509
BNIP3	SOD2	0.532
BNIP3	SOD2-2	0.526
BNIP3	SQSTM1	0.862
BNIP3	TFAM	0.572
BNIP3	TFEB	0.537
BNIP3	TOMM20	0.616
BNIP3	TP53	0.582
BNIP3	VDAC1	0.924
BNIP3L	CASP3	0.496
BNIP3L	COX4I1	0.4
BNIP3L	CYCS	0.528
BNIP3L	DNM1L	0.613
BNIP3L	FIS1	0.656
BNIP3L	FOXO3	0.629
BNIP3L	FUNDC1	0.966
BNIP3L	HDAC6	0.469
BNIP3L	HIF1A	0.659
BNIP3L	HSPA4	0.502
BNIP3L	HSPA8	0.554
BNIP3L	HSPB3	0.51
BNIP3L	HTRA2	0.44
BNIP3L	LAMP2	0.403
BNIP3L	MAP1A	0.94
BNIP3L	MAP1B	0.66
BNIP3L	MAP1LC3A	0.851
BNIP3L	MAP1LC3B	0.937
BNIP3L	MAP1S	0.678
BNIP3L	MCL1	0.46
BNIP3L	MFN1	0.631
BNIP3L	MFN2	0.656
BNIP3L	MTOR	0.447
BNIP3L	OPA1	0.485
BNIP3L	OPTN	0.81
BNIP3L	PIK3C3	0.626
BNIP3L	PINK1	0.876
BNIP3L	PPARGC1A	0.519
BNIP3L	PRKN	0.752
BNIP3L	PTEN	0.46
BNIP3L	SIRT1	0.493
BNIP3L	SIRT3	0.448
BNIP3L	SNCA	0.434
BNIP3L	SQSTM1	0.854
BNIP3L	STUB1	0.432
BNIP3L	TFAM	0.437
BNIP3L	TFEB	0.463
BNIP3L	TOMM20	0.599
BNIP3L	TP53	0.855
BNIP3L	VDAC1	0.533
C9orf72	GBA	0.434
C9orf72	GDNF	0.417
C9orf72	GRN	0.887
C9orf72	HSPA8	0.518
C9orf72	HTT	0.666
C9orf72	LRRK2	0.588
C9orf72	MAP1LC3B	0.509
C9orf72	MAPT	0.851
C9orf72	NEFL	0.596
C9orf72	OPTN	0.774
C9orf72	PARK7	0.447
C9orf72	PINK1	0.48
C9orf72	PRKN	0.518
C9orf72	PRNP	0.532
C9orf72	PSEN1	0.646
C9orf72	PSEN2	0.633
C9orf72	RAB10	0.518
C9orf72	RAB29	0.786
C9orf72	SLC1A2	0.446
C9orf72	SNCA	0.668
C9orf72	SOD1	0.897
C9orf72	SQSTM1	0.82
C9orf72	TARDBP	0.943
C9orf72	TNF	0.499
C9orf72	TREM2	0.559
C9orf72	VCP	0.856
CACNA1D	CALB1	0.596
CACNA1D	CALM3	0.99
CACNA1D	CALML5	0.99
CACNA1D	INS	0.934
CACNA1D	ITPR1	0.753
CACNA1D	MAP2	0.456
CACNA1D	NOS1	0.918
CACNA1D	PRKCA	0.917
CACNA1D	PRNP	0.905
CALB1	CALM3	0.593
CALB1	CALML5	0.586
CALB1	CASP3	0.81
CALB1	CHAT	0.728
CALB1	DDC	0.45
CALB1	DLG4	0.551
CALB1	FOS	0.542
CALB1	GAPDH	0.504
CALB1	GDNF	0.447
CALB1	GFAP	0.765
CALB1	GRIN2B	0.418
CALB1	HTT	0.402
CALB1	ITPR1	0.665
CALB1	MAP2	0.576
CALB1	MBP	0.467
CALB1	NEFL	0.477
CALB1	NOS1	0.486
CALB1	NR4A2	0.413
CALB1	NTRK2	0.479
CALB1	PRKCA	0.619
CALB1	PXDN	0.512
CALB1	PXDNL	0.512
CALB1	RBFOX3	0.805
CALB1	S100B	0.757
CALB1	SLC18A2	0.446
CALB1	SLC6A3	0.505
CALB1	SNCA	0.499
CALB1	SYN1	0.546
CALB1	SYP	0.755
CALB1	TAC1	0.681
CALB1	TH	0.778
CALM3	CALML5	0.996
CALM3	CASP3	0.518
CALM3	CDK5	0.739
CALM3	CREB1	0.891
CALM3	CTNNB1	0.528
CALM3	CYBB	0.573
CALM3	CYCS	0.649
CALM3	DLG4	0.989
CALM3	DNM1L	0.573
CALM3	DRD2	0.756
CALM3	EGFR	0.859
CALM3	FOS	0.672
CALM3	GAPDH	0.684
CALM3	GPX2	0.411
CALM3	GPX3	0.409
CALM3	GPX5	0.412
CALM3	GPX6	0.411
CALM3	GPX7	0.426
CALM3	GPX8	0.426
CALM3	GRIN2B	0.91
CALM3	GSK3B	0.812
CALM3	HDAC6	0.475
CALM3	HIF1A	0.446
CALM3	HSP90AA1	0.996
CALM3	HSP90AB1	0.995
CALM3	HSPA1B	0.551
CALM3	HSPA4	0.694
CALM3	HSPA5	0.637
CALM3	HSPA8	0.723
CALM3	HSPA9	0.583
CALM3	HTT	0.469
CALM3	ICAM1	0.405
CALM3	IFNG	0.446
CALM3	IL1B	0.516
CALM3	IL6	0.482
CALM3	INS	0.77
CALM3	ITPR1	0.983
CALM3	JUN	0.582
CALM3	LRRK2	0.471
CALM3	MAP2	0.679
CALM3	MAPK3	0.673
CALM3	MAPK8	0.411
CALM3	MAPT	0.838
CALM3	MBP	0.988
CALM3	MTOR	0.714
CALM3	NFKB1	0.652
CALM3	NFKBIA	0.6
CALM3	NGF	0.868
CALM3	NOS1	0.999
CALM3	NOX1	0.537
CALM3	NOX4	0.543
CALM3	NTRK2	0.708
CALM3	PIK3C3	0.978
CALM3	PLA2G6	0.659
CALM3	PPARA	0.595
CALM3	PPARG	0.423
CALM3	PPARGC1A	0.434
CALM3	PRKCA	0.73
CALM3	PRKN	0.553
CALM3	PTEN	0.451
CALM3	PTGS2	0.411
CALM3	PXDN	0.586
CALM3	PXDNL	0.586
CALM3	RIPK3	0.549
CALM3	S100B	0.658
CALM3	SIRT1	0.429
CALM3	SLC6A3	0.565
CALM3	SNCA	0.995
CALM3	SNCAIP	0.486
CALM3	SRC	0.858
CALM3	STAT3	0.607
CALM3	SYN1	0.835
CALM3	SYP	0.662
CALM3	TAC1	0.791
CALM3	TFAM	0.418
CALM3	TH	0.42
CALM3	TLR4	0.412
CALM3	TNF	0.82
CALM3	TP53	0.508
CALM3	TXN	0.539
CALM3	UCHL1	0.52
CALM3	VCP	0.464
CALM3	VDAC1	0.471
CALM3	VDAC2	0.416
CALM3	XDH	0.418
CALML5	CASP3	0.518
CALML5	CDK5	0.567
CALML5	CREB1	0.89
CALML5	CTNNB1	0.627
CALML5	CTSD	0.534
CALML5	CYBB	0.573
CALML5	CYCS	0.649
CALML5	DLG4	0.891
CALML5	DNM1L	0.417
CALML5	EGFR	0.81
CALML5	FOS	0.654
CALML5	GAPDH	0.67
CALML5	GPX2	0.408
CALML5	GPX3	0.403
CALML5	GPX5	0.407
CALML5	GPX6	0.406
CALML5	GPX7	0.421
CALML5	GPX8	0.422
CALML5	GRIN2B	0.927
CALML5	GSK3B	0.781
CALML5	HDAC6	0.473
CALML5	HIF1A	0.444
CALML5	HSP90AA1	0.996
CALML5	HSP90AB1	0.995
CALML5	HSPA4	0.719
CALML5	HSPA5	0.426
CALML5	HSPA8	0.664
CALML5	HTT	0.633
CALML5	IFNG	0.445
CALML5	IL1B	0.514
CALML5	IL6	0.478
CALML5	INS	0.764
CALML5	ITPR1	0.983
CALML5	JUN	0.581
CALML5	LRRK2	0.458
CALML5	MAP2	0.681
CALML5	MAPK3	0.648
CALML5	MAPK8	0.403
CALML5	MAPT	0.706
CALML5	MBP	0.987
CALML5	MTOR	0.706
CALML5	NFKB1	0.645
CALML5	NFKBIA	0.414
CALML5	NGF	0.865
CALML5	NOS1	0.999
CALML5	NOX1	0.536
CALML5	NOX4	0.544
CALML5	NTRK2	0.667
CALML5	PIK3C3	0.976
CALML5	PLA2G6	0.787
CALML5	PPARA	0.578
CALML5	PPARG	0.416
CALML5	PPARGC1A	0.432
CALML5	PRKCA	0.719
CALML5	PRKN	0.547
CALML5	PTEN	0.434
CALML5	PXDN	0.56
CALML5	PXDNL	0.56
CALML5	RIPK3	0.484
CALML5	S100B	0.652
CALML5	SIRT1	0.428
CALML5	SLC6A3	0.563
CALML5	SNCA	0.937
CALML5	SNCAIP	0.482
CALML5	SRC	0.927
CALML5	SYN1	0.775
CALML5	SYP	0.608
CALML5	TAC1	0.791
CALML5	TH	0.439
CALML5	TLR4	0.408
CALML5	TNF	0.74
CALML5	TP53	0.7
CALML5	TXN	0.516
CALML5	UCHL1	0.487
CALML5	VDAC1	0.45
CALML5	XDH	0.416
CASP1	CASP3	0.709
CASP1	CASP8	0.999
CASP1	CASP9	0.712
CASP1	CCL2	0.707
CASP1	CD68	0.615
CASP1	CTSB	0.917
CASP1	CTSD	0.424
CASP1	CTSS	0.762
CASP1	CYBB	0.651
CASP1	CYCS	0.78
CASP1	DDIT3	0.46
CASP1	DNM1L	0.438
CASP1	EGFR	0.544
CASP1	EIF2AK3	0.451
CASP1	ERN1	0.505
CASP1	FADD	0.954
CASP1	FOS	0.74
CASP1	GAPDH	0.688
CASP1	GFAP	0.483
CASP1	GPX2	0.415
CASP1	GPX3	0.41
CASP1	GPX4	0.453
CASP1	GPX5	0.41
CASP1	GPX6	0.41
CASP1	GPX7	0.43
CASP1	GPX8	0.414
CASP1	GSK3B	0.403
CASP1	HIF1A	0.506
CASP1	HMGB1	0.687
CASP1	HMOX1	0.598
CASP1	HSP90AA1	0.409
CASP1	HSP90AB1	0.408
CASP1	HSPA4	0.418
CASP1	HSPA5	0.473
CASP1	HSPB3	0.681
CASP1	ICAM1	0.65
CASP1	IFNG	0.893
CASP1	IL10	0.724
CASP1	IL18	0.998
CASP1	IL1A	0.968
CASP1	IL1B	0.999
CASP1	IL4	0.616
CASP1	IL6	0.881
CASP1	INS	0.532
CASP1	JUN	0.592
CASP1	KEAP1	0.709
CASP1	LAMP1	0.401
CASP1	LGALS3	0.433
CASP1	MAP1LC3B	0.479
CASP1	MAP3K5	0.524
CASP1	MAPK3	0.69
CASP1	MAPK8	0.458
CASP1	MAPT	0.481
CASP1	MCL1	0.527
CASP1	MFN2	0.429
CASP1	MMP9	0.568
CASP1	MPO	0.581
CASP1	MRC1	0.474
CASP1	MTOR	0.453
CASP1	NFE2L2	0.644
CASP1	NFKB1	0.826
CASP1	NFKBIA	0.681
CASP1	NLRP3	0.999
CASP1	NOX4	0.464
CASP1	NQO1	0.433
CASP1	PINK1	0.447
CASP1	PPARA	0.406
CASP1	PPARG	0.518
CASP1	PRKN	0.41
CASP1	PSEN2	0.477
CASP1	PTEN	0.594
CASP1	PTGS2	0.631
CASP1	PXDN	0.628
CASP1	PXDNL	0.627
CASP1	PYCARD	0.999
CASP1	RIPK1	0.893
CASP1	RIPK3	0.925
CASP1	SCARB2	0.499
CASP1	SIRT1	0.544
CASP1	SNCA	0.449
CASP1	SOD1	0.419
CASP1	SOD2	0.452
CASP1	SOD2-2	0.418
CASP1	SQSTM1	0.451
CASP1	SRC	0.456
CASP1	STAT3	0.609
CASP1	TGFB1	0.57
CASP1	TLR2	0.809
CASP1	TLR4	0.916
CASP1	TNF	0.904
CASP1	TP53	0.876
CASP1	TRAF2	0.551
CASP1	TRAF6	0.628
CASP1	TXN	0.575
CASP1	XBP1	0.419
CASP1	XDH	0.452
CASP3	CASP8	0.999
CASP3	CASP9	0.999
CASP3	CCL2	0.654
CASP3	CD63	0.521
CASP3	CD68	0.632
CASP3	CDK5	0.691
CASP3	CHAT	0.432
CASP3	COX4I1	0.796
CASP3	CREB1	0.682
CASP3	CTNNB1	0.965
CASP3	CTSB	0.631
CASP3	CTSD	0.568
CASP3	CTSS	0.62
CASP3	CYBA	0.479
CASP3	CYBB	0.62
CASP3	CYCS	0.997
CASP3	DDIT3	0.734
CASP3	DLG4	0.678
CASP3	DNM1L	0.627
CASP3	EGFR	0.747
CASP3	EIF2AK3	0.776
CASP3	ERN1	0.714
CASP3	FADD	0.951
CASP3	FIS1	0.503
CASP3	FOS	0.749
CASP3	FOXO1	0.642
CASP3	FOXO3	0.776
CASP3	GAPDH	0.89
CASP3	GCLC	0.467
CASP3	GDNF	0.511
CASP3	GFAP	0.808
CASP3	GPX2	0.769
CASP3	GPX3	0.741
CASP3	GPX4	0.539
CASP3	GPX5	0.766
CASP3	GPX6	0.766
CASP3	GPX7	0.773
CASP3	GPX8	0.773
CASP3	GRIN2B	0.425
CASP3	GRN	0.525
CASP3	GSK3B	0.747
CASP3	GSR	0.593
CASP3	HDAC6	0.494
CASP3	HIF1A	0.766
CASP3	HMGB1	0.755
CASP3	HMOX1	0.806
CASP3	HSP90AA1	0.878
CASP3	HSP90AB1	0.858
CASP3	HSPA1B	0.663
CASP3	HSPA4	0.906
CASP3	HSPA5	0.793
CASP3	HSPA8	0.48
CASP3	HSPB1	0.867
CASP3	HSPB2	0.818
CASP3	HSPB3	0.816
CASP3	HTRA2	0.621
CASP3	HTT	0.75
CASP3	ICAM1	0.635
CASP3	IFNG	0.825
CASP3	IL10	0.786
CASP3	IL18	0.639
CASP3	IL1A	0.725
CASP3	IL1B	0.899
CASP3	IL4	0.599
CASP3	IL6	0.881
CASP3	INS	0.761
CASP3	ITPR1	0.451
CASP3	JUN	0.809
CASP3	KEAP1	0.65
CASP3	LAMP1	0.562
CASP3	LAMP2	0.471
CASP3	LGALS3	0.461
CASP3	LRRK2	0.517
CASP3	MAOB	0.444
CASP3	MAP1A	0.649
CASP3	MAP1B	0.602
CASP3	MAP1LC3A	0.658
CASP3	MAP1LC3B	0.783
CASP3	MAP1S	0.6
CASP3	MAP2	0.545
CASP3	MAP3K5	0.699
CASP3	MAPK3	0.985
CASP3	MAPK8	0.943
CASP3	MAPT	0.98
CASP3	MBP	0.601
CASP3	MCL1	0.911
CASP3	MFN1	0.572
CASP3	MFN2	0.631
CASP3	MMP9	0.806
CASP3	MPO	0.68
CASP3	MRC1	0.437
CASP3	MTOR	0.723
CASP3	NDUFS1	0.429
CASP3	NFE2L2	0.717
CASP3	NFKB1	0.821
CASP3	NFKBIA	0.74
CASP3	NGF	0.858
CASP3	NLRP3	0.6
CASP3	NOS1	0.486
CASP3	NOX1	0.547
CASP3	NOX4	0.618
CASP3	NQO1	0.645
CASP3	NTRK2	0.53
CASP3	OPA1	0.407
CASP3	PARK7	0.44
CASP3	PIK3C3	0.489
CASP3	PINK1	0.592
CASP3	PPARA	0.572
CASP3	PPARG	0.694
CASP3	PPARGC1A	0.613
CASP3	PPIF	0.525
CASP3	PRDX1	0.434
CASP3	PRKCA	0.948
CASP3	PRKN	0.559
CASP3	PRNP	0.488
CASP3	PSEN1	0.718
CASP3	PSEN2	0.65
CASP3	PTEN	0.748
CASP3	PTGS2	0.865
CASP3	PXDN	0.918
CASP3	PXDNL	0.918
CASP3	PYCARD	0.457
CASP3	RBFOX3	0.729
CASP3	RET	0.518
CASP3	RIPK1	0.908
CASP3	RIPK3	0.691
CASP3	S100B	0.513
CASP3	SCARB2	0.468
CASP3	SIRT1	0.725
CASP3	SIRT3	0.52
CASP3	SLC1A2	0.581
CASP3	SNCA	0.687
CASP3	SNCB	0.43
CASP3	SOD1	0.624
CASP3	SOD2	0.653
CASP3	SOD2-2	0.649
CASP3	SQSTM1	0.672
CASP3	SRC	0.685
CASP3	STAT3	0.804
CASP3	SYN1	0.424
CASP3	SYP	0.575
CASP3	TARDBP	0.458
CASP3	TFAM	0.532
CASP3	TFEB	0.41
CASP3	TFRC	0.453
CASP3	TGFB1	0.706
CASP3	TH	0.709
CASP3	TLR2	0.594
CASP3	TLR4	0.74
CASP3	TNF	0.939
CASP3	TOMM20	0.587
CASP3	TP53	0.956
CASP3	TRAF2	0.599
CASP3	TRAF6	0.548
CASP3	TXN	0.857
CASP3	UCP2	0.484
CASP3	VDAC1	0.725
CASP3	XBP1	0.706
CASP3	XDH	0.544
CASP8	CASP9	0.944
CASP8	CCL2	0.669
CASP8	COX4I1	0.487
CASP8	CREB1	0.436
CASP8	CTNNB1	0.768
CASP8	CTSB	0.5
CASP8	CTSD	0.432
CASP8	CTSS	0.556
CASP8	CYCS	0.952
CASP8	DDIT3	0.552
CASP8	DNM1L	0.759
CASP8	EGFR	0.737
CASP8	EIF2AK3	0.578
CASP8	ERN1	0.546
CASP8	FADD	0.999
CASP8	FIS1	0.484
CASP8	FOS	0.653
CASP8	FOXO3	0.493
CASP8	GAPDH	0.717
CASP8	GPX2	0.496
CASP8	GPX3	0.491
CASP8	GPX4	0.431
CASP8	GPX5	0.494
CASP8	GPX6	0.493
CASP8	GPX7	0.493
CASP8	GPX8	0.497
CASP8	GSK3B	0.5
CASP8	HIF1A	0.556
CASP8	HMGB1	0.496
CASP8	HMOX1	0.665
CASP8	HSP90AA1	0.692
CASP8	HSP90AB1	0.761
CASP8	HSPA4	0.711
CASP8	HSPA5	0.673
CASP8	HSPA8	0.526
CASP8	HSPB1	0.475
CASP8	HSPB2	0.449
CASP8	HSPB3	0.448
CASP8	HTRA2	0.572
CASP8	ICAM1	0.472
CASP8	IFNG	0.626
CASP8	IL10	0.558
CASP8	IL18	0.631
CASP8	IL1A	0.582
CASP8	IL1B	0.943
CASP8	IL4	0.423
CASP8	IL6	0.739
CASP8	INS	0.504
CASP8	JUN	0.782
CASP8	KEAP1	0.407
CASP8	LRRK2	0.412
CASP8	MAP1A	0.411
CASP8	MAP1LC3A	0.597
CASP8	MAP1LC3B	0.805
CASP8	MAP3K5	0.792
CASP8	MAPK3	0.709
CASP8	MAPK8	0.89
CASP8	MAPT	0.425
CASP8	MCL1	0.802
CASP8	MMP9	0.712
CASP8	MTOR	0.611
CASP8	NFE2L2	0.497
CASP8	NFKB1	0.664
CASP8	NFKBIA	0.686
CASP8	NLRP3	0.948
CASP8	NOS1	0.586
CASP8	OPTN	0.52
CASP8	PARK7	0.412
CASP8	PIK3C3	0.572
CASP8	PPARG	0.445
CASP8	PPIF	0.454
CASP8	PRKCA	0.49
CASP8	PTEN	0.781
CASP8	PTGS2	0.7
CASP8	PXDN	0.703
CASP8	PXDNL	0.703
CASP8	PYCARD	0.992
CASP8	RIPK1	0.999
CASP8	RIPK3	0.999
CASP8	SIRT1	0.447
CASP8	SOD1	0.629
CASP8	SOD2	0.4
CASP8	SQSTM1	0.982
CASP8	SRC	0.853
CASP8	STAT3	0.634
CASP8	TGFB1	0.501
CASP8	TLR2	0.529
CASP8	TLR4	0.885
CASP8	TNF	0.999
CASP8	TP53	0.991
CASP8	TRAF2	0.994
CASP8	TRAF6	0.978
CASP8	TXN	0.459
CASP8	VDAC1	0.62
CASP8	XBP1	0.503
CASP9	CCL2	0.401
CASP9	COX4I1	0.649
CASP9	CREB1	0.484
CASP9	CTNNB1	0.621
CASP9	CTSB	0.478
CASP9	CTSD	0.406
CASP9	CTSS	0.469
CASP9	CYCS	0.999
CASP9	DDIT3	0.602
CASP9	DNAJB1	0.482
CASP9	DNM1L	0.492
CASP9	EGFR	0.753
CASP9	EIF2AK3	0.616
CASP9	ERN1	0.606
CASP9	FADD	0.872
CASP9	FIS1	0.402
CASP9	FOS	0.636
CASP9	FOXO1	0.646
CASP9	FOXO3	0.683
CASP9	GAPDH	0.786
CASP9	GFAP	0.414
CASP9	GPX2	0.609
CASP9	GPX3	0.596
CASP9	GPX5	0.598
CASP9	GPX6	0.597
CASP9	GPX7	0.601
CASP9	GPX8	0.609
CASP9	GSK3B	0.631
CASP9	GSR	0.487
CASP9	HIF1A	0.746
CASP9	HMGB1	0.456
CASP9	HMOX1	0.612
CASP9	HSP90AA1	0.541
CASP9	HSP90AB1	0.525
CASP9	HSPA4	0.595
CASP9	HSPA5	0.687
CASP9	HSPB1	0.742
CASP9	HSPB2	0.696
CASP9	HSPB3	0.681
CASP9	HTRA2	0.673
CASP9	HTT	0.56
CASP9	ICAM1	0.408
CASP9	IFNG	0.529
CASP9	IL10	0.506
CASP9	IL18	0.487
CASP9	IL1A	0.435
CASP9	IL1B	0.826
CASP9	IL6	0.785
CASP9	INS	0.544
CASP9	JUN	0.77
CASP9	KEAP1	0.637
CASP9	MAP1A	0.474
CASP9	MAP1B	0.404
CASP9	MAP1LC3A	0.511
CASP9	MAP1LC3B	0.608
CASP9	MAP1S	0.432
CASP9	MAP3K5	0.611
CASP9	MAPK3	0.883
CASP9	MAPK8	0.727
CASP9	MCL1	0.829
CASP9	MFN1	0.631
CASP9	MFN2	0.514
CASP9	MMP9	0.654
CASP9	MTOR	0.738
CASP9	NFE2L2	0.702
CASP9	NFKB1	0.596
CASP9	NFKBIA	0.612
CASP9	NGF	0.403
CASP9	NLRP3	0.587
CASP9	NOX4	0.406
CASP9	NQO1	0.448
CASP9	PINK1	0.426
CASP9	PPARG	0.484
CASP9	PPARGC1A	0.414
CASP9	PPIF	0.457
CASP9	PTEN	0.642
CASP9	PTGS2	0.726
CASP9	PXDN	0.759
CASP9	PXDNL	0.759
CASP9	PYCARD	0.613
CASP9	RIPK1	0.645
CASP9	RIPK3	0.546
CASP9	SIRT1	0.559
CASP9	SIRT3	0.436
CASP9	SOD1	0.448
CASP9	SOD2	0.482
CASP9	SOD2-2	0.481
CASP9	SQSTM1	0.613
CASP9	SRC	0.657
CASP9	STAT3	0.648
CASP9	TGFB1	0.49
CASP9	TLR4	0.587
CASP9	TNF	0.816
CASP9	TOMM20	0.408
CASP9	TP53	0.953
CASP9	TRAF2	0.447
CASP9	TXN	0.615
CASP9	VDAC1	0.512
CASP9	XBP1	0.549
CAT	CYCS	0.445
CAT	FOXO1	0.556
CAT	FOXO3	0.547
CAT	GCLC	0.5
CAT	GPX2	0.557
CAT	GPX3	0.564
CAT	GPX4	0.555
CAT	GPX5	0.562
CAT	GPX6	0.562
CAT	GPX7	0.625
CAT	GPX8	0.626
CAT	GSR	0.646
CAT	PARK7	0.673
CAT	PRDX1	0.664
CAT	PRDX3	0.605
CAT	SDHB	0.551
CAT	SOD1	0.92
CAT	SOD2	0.908
CAT	SOD2-2	0.881
CCL2	CD63	0.449
CCL2	CD68	0.815
CCL2	CREB1	0.48
CCL2	CTNNB1	0.571
CCL2	CTSB	0.497
CCL2	CTSS	0.527
CCL2	CYBA	0.436
CCL2	CYBB	0.639
CCL2	CYCS	0.447
CCL2	EGFR	0.725
CCL2	EIF2AK3	0.431
CCL2	FOS	0.756
CCL2	FOXO1	0.416
CCL2	GAPDH	0.729
CCL2	GDNF	0.447
CCL2	GFAP	0.584
CCL2	GPX2	0.528
CCL2	GPX3	0.541
CCL2	GPX5	0.52
CCL2	GPX6	0.522
CCL2	GPX7	0.523
CCL2	GPX8	0.522
CCL2	GSK3B	0.454
CCL2	HIF1A	0.692
CCL2	HMGB1	0.641
CCL2	HMOX1	0.697
CCL2	HSP90AA1	0.4
CCL2	HSP90AB1	0.4
CCL2	HSPA4	0.447
CCL2	HSPA5	0.419
CCL2	ICAM1	0.928
CCL2	IFNG	0.938
CCL2	IL10	0.963
CCL2	IL18	0.881
CCL2	IL1A	0.934
CCL2	IL1B	0.97
CCL2	IL4	0.921
CCL2	IL6	0.985
CCL2	INS	0.78
CCL2	JUN	0.98
CCL2	KEAP1	0.412
CCL2	LAMP1	0.419
CCL2	LGALS3	0.761
CCL2	MAPK3	0.747
CCL2	MAPK8	0.527
CCL2	MBP	0.403
CCL2	MMP9	0.809
CCL2	MPO	0.692
CCL2	MRC1	0.827
CCL2	MTOR	0.511
CCL2	NEFL	0.419
CCL2	NFE2L2	0.581
CCL2	NFKB1	0.982
CCL2	NFKBIA	0.754
CCL2	NGF	0.623
CCL2	NLRP3	0.664
CCL2	NOX1	0.462
CCL2	NOX4	0.59
CCL2	NQO1	0.432
CCL2	PPARA	0.616
CCL2	PPARG	0.731
CCL2	PPARGC1A	0.511
CCL2	PTEN	0.505
CCL2	PTGS2	0.867
CCL2	PXDN	0.657
CCL2	PXDNL	0.65
CCL2	PYCARD	0.41
CCL2	RBFOX3	0.403
CCL2	RIPK1	0.413
CCL2	RIPK3	0.422
CCL2	S100B	0.476
CCL2	SCARB2	0.672
CCL2	SIRT1	0.575
CCL2	SOD1	0.433
CCL2	SOD2	0.526
CCL2	SOD2-2	0.502
CCL2	SRC	0.733
CCL2	STAT3	0.867
CCL2	TAC1	0.488
CCL2	TGFB1	0.851
CCL2	TLR2	0.79
CCL2	TLR4	0.847
CCL2	TNF	0.978
CCL2	TP53	0.6
CCL2	TRAF6	0.542
CCL2	TREM2	0.526
CCL2	TXN	0.422
CCL2	XBP1	0.422
CCL2	XDH	0.487
CD63	CD68	0.476
CD63	CTNNB1	0.646
CD63	CTSB	0.643
CD63	CTSD	0.736
CD63	CYCS	0.404
CD63	EGFR	0.867
CD63	GAPDH	0.756
CD63	HIF1A	0.627
CD63	HLA-DRA	0.694
CD63	HSP90AA1	0.829
CD63	HSP90AB1	0.829
CD63	HSPA4	0.981
CD63	HSPA5	0.579
CD63	HSPA8	0.774
CD63	HSPB3	0.468
CD63	ICAM1	0.775
CD63	IFNG	0.495
CD63	IL10	0.502
CD63	IL1B	0.527
CD63	IL4	0.45
CD63	IL6	0.562
CD63	LAMP1	0.986
CD63	LAMP2	0.992
CD63	LGALS3	0.764
CD63	MAPT	0.436
CD63	MMP9	0.699
CD63	MPO	0.758
CD63	MRC1	0.447
CD63	PRKCA	0.443
CD63	PTEN	0.447
CD63	PXDN	0.643
CD63	PXDNL	0.642
CD63	SCARB2	0.946
CD63	SOD1	0.534
CD63	SRC	0.573
CD63	STAT3	0.442
CD63	TFRC	0.721
CD63	TGFB1	0.482
CD63	TLR4	0.418
CD63	TNF	0.549
CD63	TP53	0.402
CD63	TXN	0.611
CD63	VPS35	0.493
CD68	CTNNB1	0.443
CD68	CTSB	0.792
CD68	CTSD	0.514
CD68	CTSS	0.604
CD68	CYBA	0.458
CD68	CYBB	0.624
CD68	EGFR	0.449
CD68	GAPDH	0.863
CD68	GFAP	0.846
CD68	GRN	0.682
CD68	HIF1A	0.513
CD68	HLA-DRA	0.455
CD68	HMGB1	0.445
CD68	HMOX1	0.583
CD68	ICAM1	0.693
CD68	IFNG	0.811
CD68	IL10	0.794
CD68	IL18	0.595
CD68	IL1A	0.639
CD68	IL1B	0.84
CD68	IL4	0.724
CD68	IL6	0.839
CD68	INS	0.612
CD68	JUN	0.609
CD68	LAMP1	0.915
CD68	LGALS3	0.706
CD68	MAPK3	0.409
CD68	MBP	0.617
CD68	MMP9	0.766
CD68	MPO	0.74
CD68	MRC1	0.877
CD68	NFE2L2	0.534
CD68	NFKB1	0.541
CD68	NFKBIA	0.504
CD68	NGF	0.407
CD68	NLRP3	0.494
CD68	PPARA	0.41
CD68	PPARG	0.588
CD68	PTGS2	0.582
CD68	PXDN	0.793
CD68	PXDNL	0.793
CD68	RBFOX3	0.755
CD68	S100B	0.455
CD68	SCARB2	0.79
CD68	SLC1A2	0.454
CD68	SNCA	0.435
CD68	SOD1	0.401
CD68	STAT3	0.617
CD68	SYP	0.578
CD68	TGFB1	0.787
CD68	TH	0.434
CD68	TLR2	0.647
CD68	TLR4	0.726
CD68	TNF	0.86
CD68	TP53	0.542
CD68	TREM2	0.805
CD68	UCHL1	0.487
CDK5	CHAT	0.516
CDK5	CREB1	0.579
CDK5	CTNNB1	0.653
CDK5	CTSB	0.443
CDK5	CTSD	0.496
CDK5	CYCS	0.4
CDK5	DLG4	0.974
CDK5	DNM1L	0.514
CDK5	EGFR	0.538
CDK5	FOS	0.441
CDK5	FOXO3	0.81
CDK5	GAK	0.821
CDK5	GAPDH	0.555
CDK5	GFAP	0.425
CDK5	GRIN2B	0.8
CDK5	GSK3B	0.627
CDK5	HDAC6	0.451
CDK5	HSP90AA1	0.507
CDK5	HSP90AB1	0.494
CDK5	HTRA2	0.411
CDK5	HTT	0.609
CDK5	INS	0.555
CDK5	JUN	0.926
CDK5	LRRK2	0.581
CDK5	MAP1B	0.53
CDK5	MAP2	0.515
CDK5	MAPT	0.999
CDK5	MBP	0.478
CDK5	NEFL	0.656
CDK5	NGF	0.498
CDK5	NOS1	0.543
CDK5	NTRK2	0.615
CDK5	PINK1	0.47
CDK5	PPARG	0.909
CDK5	PRDX1	0.805
CDK5	PRKN	0.631
CDK5	PSEN1	0.853
CDK5	PSEN2	0.72
CDK5	PTEN	0.438
CDK5	PXDN	0.448
CDK5	PXDNL	0.443
CDK5	SIRT1	0.49
CDK5	SNCA	0.672
CDK5	SOD1	0.658
CDK5	SQSTM1	0.456
CDK5	STUB1	0.73
CDK5	SYN1	0.591
CDK5	SYP	0.715
CDK5	TARDBP	0.422
CDK5	TP53	0.967
CDK5	UCHL1	0.454
CHAT	CREB1	0.416
CHAT	CYBB	0.445
CHAT	DBH	0.764
CHAT	DDC	0.474
CHAT	DLG4	0.419
CHAT	DRD1	0.434
CHAT	DRD2	0.483
CHAT	FOS	0.541
CHAT	GAPDH	0.44
CHAT	GDNF	0.593
CHAT	GFAP	0.743
CHAT	INS	0.42
CHAT	MAOA	0.424
CHAT	MAOB	0.461
CHAT	MAP2	0.73
CHAT	MAPT	0.447
CHAT	NEFL	0.598
CHAT	NGF	0.773
CHAT	NOS1	0.76
CHAT	NOX1	0.42
CHAT	NTRK2	0.461
CHAT	PSEN1	0.431
CHAT	PXDN	0.545
CHAT	PXDNL	0.567
CHAT	RBFOX3	0.661
CHAT	SLC18A2	0.747
CHAT	SLC6A3	0.453
CHAT	SNCA	0.446
CHAT	SOD1	0.741
CHAT	SYN1	0.584
CHAT	SYP	0.623
CHAT	TAC1	0.83
CHAT	TARDBP	0.443
CHAT	TH	0.881
CHAT	UCHL1	0.505
CHAT	XDH	0.474
COMT	CTNNB1	0.45
COMT	DBH	0.979
COMT	DDC	0.981
COMT	DRD1	0.715
COMT	DRD2	0.924
COMT	GBA	0.469
COMT	GPX2	0.543
COMT	GPX3	0.548
COMT	GPX5	0.536
COMT	GPX6	0.537
COMT	GPX7	0.548
COMT	GPX8	0.548
COMT	GRIN2B	0.479
COMT	HSPA1B	0.418
COMT	MAOA	0.996
COMT	MAOB	0.996
COMT	MAPT	0.427
COMT	NQO1	0.434
COMT	PARK7	0.402
COMT	SCARB2	0.434
COMT	SLC18A2	0.672
COMT	SLC6A3	0.917
COMT	SNCA	0.575
COMT	SOD2	0.405
COMT	SOD2-2	0.403
COMT	TH	0.789
COMT	TP53	0.467
COX4I1	CYCS	0.966
COX4I1	DDIT3	0.581
COX4I1	DNM1L	0.602
COX4I1	FIS1	0.733
COX4I1	GAPDH	0.776
COX4I1	GPX4	0.726
COX4I1	GPX7	0.443
COX4I1	HIF1A	0.489
COX4I1	HMOX1	0.593
COX4I1	HSP90AA1	0.419
COX4I1	HSP90AB1	0.425
COX4I1	HSPA5	0.441
COX4I1	HSPA9	0.644
COX4I1	INS	0.474
COX4I1	LAMP1	0.487
COX4I1	MAP1LC3A	0.412
COX4I1	MAP1LC3B	0.637
COX4I1	MCL1	0.582
COX4I1	MFN1	0.644
COX4I1	MFN2	0.715
COX4I1	NDUFA9	0.995
COX4I1	NDUFS1	0.965
COX4I1	OPA1	0.599
COX4I1	PARK7	0.54
COX4I1	PINK1	0.672
COX4I1	PPARA	0.459
COX4I1	PPARG	0.458
COX4I1	PPARGC1A	0.782
COX4I1	PPIF	0.591
COX4I1	PRDX3	0.495
COX4I1	PRKN	0.513
COX4I1	PXDN	0.63
COX4I1	PXDNL	0.627
COX4I1	SDHB	0.932
COX4I1	SIRT1	0.521
COX4I1	SIRT3	0.569
COX4I1	SOD1	0.488
COX4I1	SOD2	0.625
COX4I1	SOD2-2	0.622
COX4I1	SQSTM1	0.496
COX4I1	TFAM	0.832
COX4I1	TOMM20	0.8
COX4I1	TP53	0.505
COX4I1	UCP2	0.456
COX4I1	VDAC1	0.862
COX4I1	VDAC2	0.667
CREB1	CTNNB1	0.95
CREB1	CTSS	0.923
CREB1	CYCS	0.544
CREB1	DDIT3	0.436
CREB1	DLG4	0.673
CREB1	DRD1	0.464
CREB1	DRD2	0.522
CREB1	EGFR	0.576
CREB1	EIF2AK3	0.715
CREB1	ERN1	0.413
CREB1	FOS	0.998
CREB1	FOXO1	0.92
CREB1	FOXO3	0.634
CREB1	FTH1	0.563
CREB1	GAPDH	0.689
CREB1	GDNF	0.726
CREB1	GFAP	0.512
CREB1	GPX2	0.438
CREB1	GPX3	0.438
CREB1	GPX5	0.439
CREB1	GPX6	0.436
CREB1	GPX7	0.439
CREB1	GPX8	0.439
CREB1	GRIN2B	0.821
CREB1	GSK3B	0.988
CREB1	HDAC6	0.442
CREB1	HIF1A	0.833
CREB1	HMOX1	0.557
CREB1	HSP90AA1	0.423
CREB1	HSP90AB1	0.428
CREB1	HSPA4	0.676
CREB1	HSPA5	0.638
CREB1	HSPB1	0.511
CREB1	HSPB2	0.477
CREB1	HSPB3	0.477
CREB1	HTRA2	0.464
CREB1	HTT	0.982
CREB1	ICAM1	0.408
CREB1	IFNG	0.563
CREB1	IL10	0.893
CREB1	IL18	0.42
CREB1	IL1A	0.475
CREB1	IL1B	0.672
CREB1	IL4	0.468
CREB1	IL6	0.918
CREB1	INS	0.776
CREB1	ITPR1	0.62
CREB1	JUN	0.998
CREB1	KEAP1	0.422
CREB1	MAOA	0.488
CREB1	MAOB	0.454
CREB1	MAP2	0.424
CREB1	MAP3K5	0.443
CREB1	MAPK3	0.987
CREB1	MAPK8	0.762
CREB1	MAPT	0.452
CREB1	MBP	0.407
CREB1	MCL1	0.468
CREB1	MMP9	0.529
CREB1	MTOR	0.624
CREB1	NFE2L2	0.551
CREB1	NFKB1	0.773
CREB1	NFKBIA	0.583
CREB1	NGF	0.677
CREB1	NOS1	0.439
CREB1	NR4A2	0.585
CREB1	NTRK2	0.771
CREB1	PPARA	0.593
CREB1	PPARG	0.672
CREB1	PPARGC1A	0.996
CREB1	PPIF	0.489
CREB1	PRKCA	0.803
CREB1	PRKN	0.552
CREB1	PSEN1	0.513
CREB1	PTEN	0.704
CREB1	PTGS2	0.629
CREB1	PXDN	0.664
CREB1	PXDNL	0.662
CREB1	RBFOX3	0.549
CREB1	SIRT1	0.781
CREB1	SIRT3	0.712
CREB1	SLC1A2	0.408
CREB1	SLC6A3	0.448
CREB1	SNCA	0.504
CREB1	SOD2	0.4
CREB1	SRC	0.628
CREB1	STAT3	0.924
CREB1	SYN1	0.637
CREB1	SYP	0.586
CREB1	TAC1	0.425
CREB1	TFAM	0.539
CREB1	TGFB1	0.511
CREB1	TH	0.593
CREB1	TLR2	0.468
CREB1	TLR4	0.749
CREB1	TNF	0.681
CREB1	TP53	0.998
CREB1	TRAF6	0.474
CREB1	XBP1	0.486
CTNNB1	CYCS	0.576
CTNNB1	DLG4	0.538
CTNNB1	DRD2	0.506
CTNNB1	EGFR	0.998
CTNNB1	EIF2AK3	0.557
CTNNB1	FADD	0.417
CTNNB1	FBXO7	0.48
CTNNB1	FOS	0.618
CTNNB1	FOXO1	0.985
CTNNB1	FOXO3	0.998
CTNNB1	FTL	0.473
CTNNB1	GAPDH	0.897
CTNNB1	GDNF	0.42
CTNNB1	GFAP	0.552
CTNNB1	GPX2	0.411
CTNNB1	GPX3	0.409
CTNNB1	GRIN2B	0.757
CTNNB1	GSK3B	0.999
CTNNB1	HDAC6	0.734
CTNNB1	HIF1A	0.998
CTNNB1	HMGB1	0.51
CTNNB1	HMOX1	0.489
CTNNB1	HSP90AA1	0.668
CTNNB1	HSP90AB1	0.759
CTNNB1	HSPA1B	0.535
CTNNB1	HSPA4	0.662
CTNNB1	HSPA5	0.7
CTNNB1	HSPA8	0.577
CTNNB1	HSPB1	0.474
CTNNB1	HSPB2	0.407
CTNNB1	HSPB3	0.418
CTNNB1	HTT	0.648
CTNNB1	ICAM1	0.514
CTNNB1	IFNG	0.713
CTNNB1	IL10	0.591
CTNNB1	IL18	0.4
CTNNB1	IL1A	0.552
CTNNB1	IL1B	0.745
CTNNB1	IL4	0.486
CTNNB1	IL6	0.813
CTNNB1	INS	0.727
CTNNB1	JUN	0.898
CTNNB1	KEAP1	0.48
CTNNB1	LAMP1	0.437
CTNNB1	LGALS3	0.865
CTNNB1	LRRK2	0.889
CTNNB1	MAP1LC3B	0.694
CTNNB1	MAP3K5	0.427
CTNNB1	MAPK3	0.873
CTNNB1	MAPK8	0.719
CTNNB1	MAPT	0.633
CTNNB1	MCL1	0.749
CTNNB1	MMP9	0.799
CTNNB1	MTOR	0.694
CTNNB1	NFE2L2	0.584
CTNNB1	NFKB1	0.964
CTNNB1	NFKBIA	0.582
CTNNB1	NGF	0.477
CTNNB1	NTRK2	0.431
CTNNB1	PPARA	0.473
CTNNB1	PPARG	0.994
CTNNB1	PPARGC1A	0.639
CTNNB1	PRKCA	0.748
CTNNB1	PRKN	0.49
CTNNB1	PSEN1	0.999
CTNNB1	PTEN	0.943
CTNNB1	PTGS2	0.768
CTNNB1	PXDN	0.79
CTNNB1	PXDNL	0.774
CTNNB1	RBFOX3	0.41
CTNNB1	RET	0.731
CTNNB1	SCARB2	0.401
CTNNB1	SDHB	0.447
CTNNB1	SIRT1	0.902
CTNNB1	SLC6A3	0.488
CTNNB1	SOD2	0.433
CTNNB1	SOD2-2	0.423
CTNNB1	SRC	0.999
CTNNB1	STAT3	0.897
CTNNB1	STUB1	0.663
CTNNB1	SYP	0.507
CTNNB1	TFRC	0.4
CTNNB1	TGFB1	0.789
CTNNB1	TH	0.569
CTNNB1	TLR2	0.463
CTNNB1	TLR4	0.613
CTNNB1	TNF	0.715
CTNNB1	TP53	0.927
CTNNB1	TRAF6	0.606
CTNNB1	TXN	0.472
CTNNB1	UCHL1	0.685
CTSB	CTSD	0.977
CTSB	CTSS	0.958
CTSB	CYCS	0.558
CTSB	EGFR	0.619
CTSB	GAPDH	0.567
CTSB	GBA	0.407
CTSB	GFAP	0.555
CTSB	GPX2	0.407
CTSB	GRN	0.619
CTSB	GSK3B	0.485
CTSB	HIF1A	0.442
CTSB	HLA-DRA	0.511
CTSB	HSP90AA1	0.422
CTSB	HSP90AB1	0.423
CTSB	HSPA4	0.626
CTSB	HSPA5	0.609
CTSB	HSPA8	0.414
CTSB	IFNG	0.519
CTSB	IL10	0.493
CTSB	IL18	0.597
CTSB	IL1A	0.52
CTSB	IL1B	0.695
CTSB	IL6	0.631
CTSB	INS	0.483
CTSB	JUN	0.623
CTSB	LAMP1	0.812
CTSB	LAMP2	0.726
CTSB	LGALS3	0.54
CTSB	MAP1A	0.425
CTSB	MAP1LC3A	0.453
CTSB	MAP1LC3B	0.574
CTSB	MAPK3	0.431
CTSB	MMP9	0.897
CTSB	MPO	0.607
CTSB	MRC1	0.404
CTSB	MTOR	0.427
CTSB	NFKB1	0.427
CTSB	NLRP3	0.993
CTSB	PIK3C3	0.424
CTSB	PPARG	0.41
CTSB	PPIF	0.507
CTSB	PRNP	0.452
CTSB	PSEN1	0.472
CTSB	PXDN	0.519
CTSB	PXDNL	0.518
CTSB	PYCARD	0.479
CTSB	SCARB2	0.445
CTSB	SNCA	0.47
CTSB	SQSTM1	0.719
CTSB	STAT3	0.449
CTSB	TFEB	0.658
CTSB	TGFB1	0.434
CTSB	TLR2	0.463
CTSB	TLR4	0.553
CTSB	TNF	0.605
CTSB	TP53	0.468
CTSB	TREM2	0.434
CTSB	TXN	0.488
CTSD	CTSS	0.9
CTSD	CYCS	0.529
CTSD	EGFR	0.468
CTSD	GAK	0.53
CTSD	GAPDH	0.575
CTSD	GBA	0.746
CTSD	GRN	0.866
CTSD	HLA-DRA	0.484
CTSD	HSP90AA1	0.419
CTSD	HSP90AB1	0.618
CTSD	HSPA4	0.452
CTSD	HSPA5	0.507
CTSD	HSPA8	0.493
CTSD	HSPB1	0.65
CTSD	HSPB2	0.511
CTSD	HTT	0.446
CTSD	IL1B	0.486
CTSD	IL6	0.43
CTSD	INS	0.846
CTSD	LAMP1	0.999
CTSD	LAMP2	0.861
CTSD	LGALS3	0.502
CTSD	LRRK2	0.496
CTSD	MAP1A	0.524
CTSD	MAP1B	0.461
CTSD	MAP1LC3A	0.52
CTSD	MAP1LC3B	0.64
CTSD	MAP1S	0.503
CTSD	MAPT	0.558
CTSD	MBP	0.477
CTSD	MMP9	0.523
CTSD	MTOR	0.459
CTSD	PIK3C3	0.526
CTSD	PINK1	0.437
CTSD	PSEN1	0.499
CTSD	PXDN	0.503
CTSD	PXDNL	0.501
CTSD	RIPK1	0.548
CTSD	SCARB2	0.454
CTSD	SNCA	0.711
CTSD	SQSTM1	0.684
CTSD	TFEB	0.729
CTSD	TFRC	0.417
CTSD	TNF	0.467
CTSD	TP53	0.484
CTSD	TREM2	0.461
CTSD	VPS35	0.686
CTSS	CYBB	0.625
CTSS	CYCS	0.549
CTSS	FOS	0.528
CTSS	GAPDH	0.519
CTSS	GRN	0.579
CTSS	HLA-DRA	0.745
CTSS	HSPA4	0.429
CTSS	HSPA8	0.412
CTSS	ICAM1	0.638
CTSS	IFNG	0.594
CTSS	IL10	0.534
CTSS	IL18	0.525
CTSS	IL1A	0.494
CTSS	IL1B	0.713
CTSS	IL4	0.589
CTSS	IL6	0.616
CTSS	INS	0.427
CTSS	JUN	0.618
CTSS	LAMP1	0.739
CTSS	LAMP2	0.653
CTSS	LGALS3	0.493
CTSS	MAP1LC3B	0.441
CTSS	MCL1	0.478
CTSS	MMP9	0.874
CTSS	MPO	0.964
CTSS	MRC1	0.464
CTSS	NFKB1	0.472
CTSS	NLRP3	0.494
CTSS	PSEN1	0.488
CTSS	PTGS2	0.406
CTSS	PXDN	0.441
CTSS	PXDNL	0.438
CTSS	PYCARD	0.451
CTSS	RIPK1	0.4
CTSS	RIPK3	0.404
CTSS	SCARB2	0.416
CTSS	SQSTM1	0.494
CTSS	SRC	0.41
CTSS	STAT3	0.452
CTSS	TFEB	0.553
CTSS	TGFB1	0.654
CTSS	TLR2	0.588
CTSS	TLR4	0.626
CTSS	TNF	0.652
CTSS	TP53	0.433
CTSS	TREM2	0.474
CTSS	TXN	0.401
CYBA	CYBB	0.999
CYBA	GAPDH	0.468
CYBA	GPX2	0.567
CYBA	GPX3	0.578
CYBA	GPX5	0.537
CYBA	GPX6	0.559
CYBA	GPX7	0.565
CYBA	GPX8	0.555
CYBA	HMOX1	0.482
CYBA	ICAM1	0.462
CYBA	IL1B	0.582
CYBA	IL6	0.522
CYBA	LAMP1	0.476
CYBA	LAMP2	0.426
CYBA	MAOA	0.48
CYBA	MAOB	0.465
CYBA	MAPK3	0.937
CYBA	MMP9	0.941
CYBA	MPO	0.495
CYBA	NFE2L2	0.418
CYBA	NOX1	0.999
CYBA	NOX4	0.999
CYBA	PXDN	0.447
CYBA	PXDNL	0.446
CYBA	SOD1	0.426
CYBA	SOD2	0.425
CYBA	SOD2-2	0.421
CYBA	SRC	0.707
CYBA	TGFB1	0.486
CYBA	TNF	0.53
CYBA	TXN	0.455
CYBA	XDH	0.63
CYBB	CYCS	0.625
CYBB	ERN1	0.435
CYBB	GAPDH	0.61
CYBB	GCLC	0.402
CYBB	GPX2	0.753
CYBB	GPX3	0.739
CYBB	GPX4	0.446
CYBB	GPX5	0.736
CYBB	GPX6	0.736
CYBB	GPX7	0.743
CYBB	GPX8	0.743
CYBB	GSK3B	0.41
CYBB	GSR	0.492
CYBB	HIF1A	0.6
CYBB	HLA-DRA	0.568
CYBB	HMGB1	0.456
CYBB	HMOX1	0.712
CYBB	HSPA4	0.568
CYBB	ICAM1	0.627
CYBB	IFNG	0.616
CYBB	IL10	0.585
CYBB	IL18	0.533
CYBB	IL1A	0.457
CYBB	IL1B	0.746
CYBB	IL4	0.475
CYBB	IL6	0.708
CYBB	INS	0.545
CYBB	JUN	0.531
CYBB	KEAP1	0.552
CYBB	LAMP1	0.567
CYBB	LAMP2	0.54
CYBB	LGALS3	0.415
CYBB	MAOA	0.467
CYBB	MAOB	0.471
CYBB	MAP3K5	0.669
CYBB	MAPK3	0.955
CYBB	MAPK8	0.405
CYBB	MMP9	0.963
CYBB	MPO	0.767
CYBB	MRC1	0.495
CYBB	MTOR	0.44
CYBB	NEFL	0.407
CYBB	NFE2L2	0.62
CYBB	NFKB1	0.568
CYBB	NFKBIA	0.504
CYBB	NLRP3	0.574
CYBB	NOS1	0.7
CYBB	NOX1	0.998
CYBB	NOX4	0.998
CYBB	NQO1	0.533
CYBB	PPARA	0.42
CYBB	PPARG	0.544
CYBB	PPARGC1A	0.468
CYBB	PTEN	0.451
CYBB	PTGS2	0.698
CYBB	PXDN	0.621
CYBB	PXDNL	0.617
CYBB	RIPK3	0.934
CYBB	SCARB2	0.506
CYBB	SIRT1	0.546
CYBB	SIRT3	0.433
CYBB	SOD1	0.876
CYBB	SOD2	0.643
CYBB	SOD2-2	0.634
CYBB	SRC	0.721
CYBB	STAT3	0.527
CYBB	TGFB1	0.597
CYBB	TLR2	0.786
CYBB	TLR4	0.902
CYBB	TNF	0.721
CYBB	TP53	0.46
CYBB	TRAF6	0.423
CYBB	TREM2	0.434
CYBB	TXN	0.613
CYBB	UCP2	0.411
CYBB	XDH	0.782
CYCS	DDIT3	0.628
CYCS	DNM1L	0.862
CYCS	EGFR	0.605
CYCS	EIF2AK3	0.604
CYCS	ERN1	0.717
CYCS	FADD	0.783
CYCS	FIS1	0.868
CYCS	FOS	0.485
CYCS	FOXO1	0.539
CYCS	FOXO3	0.624
CYCS	FTH1	0.642
CYCS	GAPDH	0.88
CYCS	GCLC	0.46
CYCS	GPX2	0.737
CYCS	GPX3	0.737
CYCS	GPX4	0.593
CYCS	GPX5	0.738
CYCS	GPX6	0.738
CYCS	GPX7	0.763
CYCS	GPX8	0.763
CYCS	GSK3B	0.693
CYCS	GSR	0.721
CYCS	HIF1A	0.648
CYCS	HMGB1	0.498
CYCS	HMOX1	0.827
CYCS	HSP90AA1	0.783
CYCS	HSP90AB1	0.78
CYCS	HSPA1B	0.438
CYCS	HSPA4	0.866
CYCS	HSPA5	0.738
CYCS	HSPA8	0.608
CYCS	HSPA9	0.697
CYCS	HSPB1	0.993
CYCS	HSPB2	0.989
CYCS	HSPB3	0.989
CYCS	HTRA2	0.977
CYCS	HTT	0.691
CYCS	ICAM1	0.682
CYCS	IFNG	0.57
CYCS	IL10	0.511
CYCS	IL18	0.474
CYCS	IL1A	0.479
CYCS	IL1B	0.67
CYCS	IL4	0.413
CYCS	IL6	0.776
CYCS	INS	0.952
CYCS	ITPR1	0.993
CYCS	JUN	0.829
CYCS	KEAP1	0.572
CYCS	LRRK2	0.519
CYCS	MAOA	0.445
CYCS	MAOB	0.489
CYCS	MAP1A	0.505
CYCS	MAP1B	0.418
CYCS	MAP1LC3A	0.516
CYCS	MAP1LC3B	0.669
CYCS	MAP1S	0.43
CYCS	MAP2	0.446
CYCS	MAP3K5	0.637
CYCS	MAPK3	0.788
CYCS	MAPK8	0.601
CYCS	MAPT	0.408
CYCS	MCL1	0.817
CYCS	MFN1	0.826
CYCS	MFN2	0.87
CYCS	MMP9	0.731
CYCS	MPO	0.459
CYCS	MTOR	0.643
CYCS	NDUFA9	0.664
CYCS	NDUFS1	0.782
CYCS	NFE2L2	0.596
CYCS	NFKB1	0.616
CYCS	NFKBIA	0.596
CYCS	NGF	0.673
CYCS	NLRP3	0.448
CYCS	NOS1	0.563
CYCS	NOX1	0.558
CYCS	NOX4	0.593
CYCS	NQO1	0.525
CYCS	OPA1	0.768
CYCS	PARK7	0.553
CYCS	PIK3C3	0.446
CYCS	PINK1	0.8
CYCS	PPARA	0.529
CYCS	PPARG	0.596
CYCS	PPARGC1A	0.746
CYCS	PPIF	0.983
CYCS	PRDX1	0.47
CYCS	PRDX3	0.804
CYCS	PRKN	0.678
CYCS	PRNP	0.455
CYCS	PSEN1	0.494
CYCS	PSEN2	0.403
CYCS	PTEN	0.638
CYCS	PTGS2	0.734
CYCS	PXDN	0.889
CYCS	PXDNL	0.888
CYCS	RBFOX3	0.416
CYCS	RIPK1	0.562
CYCS	RIPK3	0.522
CYCS	SDHB	0.908
CYCS	SIRT1	0.718
CYCS	SIRT3	0.637
CYCS	SNCA	0.603
CYCS	SOD1	0.675
CYCS	SOD2	0.729
CYCS	SOD2-2	0.726
CYCS	SQSTM1	0.518
CYCS	SRC	0.567
CYCS	STAT3	0.628
CYCS	TARDBP	0.407
CYCS	TFAM	0.76
CYCS	TFRC	0.4
CYCS	TGFB1	0.472
CYCS	TH	0.422
CYCS	TLR4	0.521
CYCS	TNF	0.81
CYCS	TOMM20	0.802
CYCS	TP53	0.911
CYCS	TRAF2	0.418
CYCS	TRAF6	0.628
CYCS	TXN	0.735
CYCS	UCP2	0.619
CYCS	VCP	0.488
CYCS	VDAC1	0.996
CYCS	VDAC2	0.995
CYCS	XBP1	0.537
CYCS	XDH	0.666
DBH	DDC	0.984
DBH	DRD1	0.547
DBH	DRD2	0.748
DBH	FOS	0.533
DBH	GDNF	0.555
DBH	IL1A	0.424
DBH	INS	0.417
DBH	MAOA	0.987
DBH	MAOB	0.984
DBH	NGF	0.465
DBH	PXDN	0.457
DBH	PXDNL	0.458
DBH	RET	0.448
DBH	SLC18A2	0.702
DBH	SLC6A3	0.815
DBH	SYP	0.586
DBH	TAC1	0.799
DBH	TH	0.973
DBH	UCP2	0.412
DDC	DRD1	0.676
DDC	DRD2	0.606
DDC	GDNF	0.592
DDC	HTT	0.408
DDC	LRRK2	0.431
DDC	MAOA	0.986
DDC	MAOB	0.987
DDC	NDUFS1	0.417
DDC	NGF	0.4
DDC	NR4A2	0.675
DDC	NTRK2	0.449
DDC	PARK7	0.41
DDC	SDHB	0.507
DDC	SLC18A2	0.967
DDC	SLC1A2	0.461
DDC	SLC6A3	0.862
DDC	SNCA	0.665
DDC	TH	0.995
DDIT3	EIF2AK3	0.884
DDIT3	ERN1	0.887
DDIT3	FOS	0.905
DDIT3	GAPDH	0.569
DDIT3	GSK3B	0.41
DDIT3	HDAC6	0.465
DDIT3	HIF1A	0.444
DDIT3	HMOX1	0.545
DDIT3	HSPA4	0.473
DDIT3	HSPA5	0.921
DDIT3	IFNG	0.459
DDIT3	IL10	0.402
DDIT3	IL1B	0.498
DDIT3	IL6	0.52
DDIT3	INS	0.554
DDIT3	ITPR1	0.465
DDIT3	JUN	0.889
DDIT3	KEAP1	0.55
DDIT3	MAP1A	0.435
DDIT3	MAP1LC3B	0.554
DDIT3	MAP3K5	0.622
DDIT3	MAPK3	0.44
DDIT3	MAPK8	0.485
DDIT3	MCL1	0.45
DDIT3	MTOR	0.545
DDIT3	NFE2L2	0.968
DDIT3	PPARG	0.465
DDIT3	PPARGC1A	0.4
DDIT3	PRKCA	0.4
DDIT3	PRKN	0.453
DDIT3	PTGS2	0.435
DDIT3	PXDN	0.537
DDIT3	PXDNL	0.537
DDIT3	SIRT1	0.435
DDIT3	SQSTM1	0.44
DDIT3	STAT3	0.474
DDIT3	TFAM	0.407
DDIT3	TLR4	0.415
DDIT3	TNF	0.518
DDIT3	TP53	0.69
DDIT3	TRAF2	0.525
DDIT3	XBP1	0.988
DLG4	DRD1	0.735
DLG4	DRD2	0.478
DLG4	FOS	0.488
DLG4	GAPDH	0.695
DLG4	GDNF	0.42
DLG4	GFAP	0.699
DLG4	GRIN2B	0.999
DLG4	GSK3B	0.6
DLG4	GSR	0.721
DLG4	HSPB3	0.462
DLG4	HTT	0.709
DLG4	IL1B	0.475
DLG4	IL6	0.404
DLG4	INS	0.403
DLG4	MAP1A	0.979
DLG4	MAP1B	0.545
DLG4	MAP1LC3B	0.493
DLG4	MAP2	0.827
DLG4	MAPK3	0.525
DLG4	MAPK8	0.524
DLG4	MAPT	0.753
DLG4	MBP	0.468
DLG4	MTOR	0.492
DLG4	NEFL	0.795
DLG4	NGF	0.519
DLG4	NOS1	0.996
DLG4	NTRK2	0.86
DLG4	PRKCA	0.957
DLG4	PRKN	0.503
DLG4	PRNP	0.507
DLG4	PSEN1	0.684
DLG4	PTEN	0.745
DLG4	PXDN	0.603
DLG4	PXDNL	0.603
DLG4	RBFOX3	0.723
DLG4	S100B	0.453
DLG4	SLC18A2	0.535
DLG4	SLC1A2	0.722
DLG4	SLC6A3	0.44
DLG4	SNCA	0.498
DLG4	SRC	0.979
DLG4	SYN1	0.958
DLG4	SYP	0.898
DLG4	TARDBP	0.423
DLG4	TH	0.489
DLG4	TNF	0.411
DLG4	TP53	0.734
DLG4	TREM2	0.405
DNAJB1	DNAJC13	0.433
DNAJB1	DNAJC6	0.786
DNAJB1	ERN1	0.433
DNAJB1	FOS	0.427
DNAJB1	GAPDH	0.495
DNAJB1	HDAC6	0.409
DNAJB1	HIF1A	0.664
DNAJB1	HSP90AA1	0.999
DNAJB1	HSP90AB1	0.999
DNAJB1	HSPA1B	0.998
DNAJB1	HSPA4	0.999
DNAJB1	HSPA5	0.95
DNAJB1	HSPA8	0.999
DNAJB1	HSPA9	0.952
DNAJB1	HSPB1	0.892
DNAJB1	HSPB2	0.782
DNAJB1	HSPB3	0.775
DNAJB1	HTT	0.93
DNAJB1	IL6	0.459
DNAJB1	JUN	0.535
DNAJB1	LRRK2	0.444
DNAJB1	MAPK8	0.408
DNAJB1	PARK7	0.522
DNAJB1	PRKN	0.66
DNAJB1	PRNP	0.54
DNAJB1	S100B	0.678
DNAJB1	SIRT1	0.756
DNAJB1	SNCA	0.813
DNAJB1	SOD1	0.698
DNAJB1	SOD2	0.499
DNAJB1	SOD2-2	0.493
DNAJB1	SRC	0.457
DNAJB1	STUB1	0.979
DNAJB1	TARDBP	0.615
DNAJB1	TP53	0.951
DNAJB1	TXN	0.477
DNAJB1	VCP	0.722
DNAJB1	XBP1	0.439
DNAJC13	DNAJC6	0.824
DNAJC13	FBXO7	0.663
DNAJC13	GAK	0.686
DNAJC13	GBA	0.655
DNAJC13	HSPA8	0.838
DNAJC13	HSPA9	0.421
DNAJC13	HTRA2	0.613
DNAJC13	LRRK2	0.625
DNAJC13	PARK7	0.578
DNAJC13	PINK1	0.654
DNAJC13	PLA2G6	0.667
DNAJC13	PRKN	0.654
DNAJC13	RAB29	0.551
DNAJC13	SNCA	0.581
DNAJC13	STUB1	0.436
DNAJC13	TMEM230	0.731
DNAJC13	VPS35	0.937
DNAJC6	DNM1L	0.428
DNAJC6	FBXO7	0.763
DNAJC6	FTH1	0.526
DNAJC6	FTL	0.573
DNAJC6	GAK	0.678
DNAJC6	GBA	0.64
DNAJC6	HSPA4	0.736
DNAJC6	HSPA8	0.999
DNAJC6	HTRA2	0.593
DNAJC6	LRRK2	0.635
DNAJC6	MAPT	0.593
DNAJC6	PARK7	0.641
DNAJC6	PINK1	0.725
DNAJC6	PLA2G6	0.743
DNAJC6	PRKN	0.725
DNAJC6	RAB29	0.605
DNAJC6	SNCA	0.613
DNAJC6	TFRC	0.585
DNAJC6	TMEM230	0.599
DNAJC6	UCHL1	0.435
DNAJC6	VPS35	0.817
DNM1L	EIF2AK3	0.4
DNM1L	FIS1	0.999
DNM1L	FOXO3	0.402
DNM1L	FUNDC1	0.935
DNM1L	GAK	0.638
DNM1L	GAPDH	0.529
DNM1L	GSK3B	0.572
DNM1L	HIF1A	0.453
DNM1L	HSP90AA1	0.548
DNM1L	HSP90AB1	0.527
DNM1L	HSPA4	0.479
DNM1L	HSPA5	0.438
DNM1L	HSPA9	0.795
DNM1L	HTRA2	0.414
DNM1L	HTT	0.776
DNM1L	INS	0.446
DNM1L	ITPR1	0.455
DNM1L	LRRK2	0.943
DNM1L	MAOA	0.416
DNM1L	MAOB	0.432
DNM1L	MAP1A	0.481
DNM1L	MAP1B	0.406
DNM1L	MAP1LC3A	0.453
DNM1L	MAP1LC3B	0.596
DNM1L	MAPK3	0.566
DNM1L	MAPT	0.661
DNM1L	MFN1	0.958
DNM1L	MFN2	0.984
DNM1L	MTOR	0.483
DNM1L	NFE2L2	0.451
DNM1L	NLRP3	0.426
DNM1L	OPA1	0.631
DNM1L	OPTN	0.529
DNM1L	PARK7	0.726
DNM1L	PIK3C3	0.469
DNM1L	PINK1	0.947
DNM1L	PPARG	0.446
DNM1L	PPARGC1A	0.734
DNM1L	PPIF	0.574
DNM1L	PRDX3	0.538
DNM1L	PRKN	0.94
DNM1L	PRNP	0.409
DNM1L	PSEN1	0.441
DNM1L	PTEN	0.453
DNM1L	PXDN	0.467
DNM1L	PXDNL	0.466
DNM1L	RIPK1	0.942
DNM1L	RIPK3	0.942
DNM1L	SIRT1	0.533
DNM1L	SIRT3	0.64
DNM1L	SNCA	0.463
DNM1L	SOD1	0.697
DNM1L	SOD2	0.754
DNM1L	SOD2-2	0.739
DNM1L	SQSTM1	0.592
DNM1L	TARDBP	0.4
DNM1L	TFAM	0.809
DNM1L	TFEB	0.4
DNM1L	TOMM20	0.812
DNM1L	TP53	0.446
DNM1L	TXN	0.435
DNM1L	UCP2	0.488
DNM1L	VCP	0.448
DNM1L	VDAC1	0.768
DNM1L	VDAC2	0.6
DNM1L	VPS35	0.9
DRD1	DRD2	0.63
DRD1	FOS	0.524
DRD1	GRIN2B	0.641
DRD1	GSK3B	0.518
DRD1	MAOA	0.628
DRD1	MAOB	0.59
DRD1	NTRK2	0.45
DRD1	SLC18A2	0.58
DRD1	SLC6A3	0.906
DRD1	SRC	0.573
DRD1	SYN1	0.419
DRD1	TAC1	0.608
DRD1	TH	0.669
DRD1	VPS35	0.417
DRD2	EGFR	0.508
DRD2	FOS	0.565
DRD2	GAPDH	0.415
DRD2	GRIN2B	0.637
DRD2	GSK3B	0.458
DRD2	HTT	0.455
DRD2	INS	0.448
DRD2	MAOA	0.736
DRD2	MAOB	0.647
DRD2	NR4A2	0.659
DRD2	NTRK2	0.48
DRD2	S100B	0.543
DRD2	SLC18A2	0.814
DRD2	SLC1A2	0.441
DRD2	SLC6A3	0.999
DRD2	SNCA	0.674
DRD2	STAT3	0.508
DRD2	TAC1	0.615
DRD2	TH	0.841
EGFR	FADD	0.436
EGFR	FOS	0.94
EGFR	FOXO1	0.706
EGFR	FOXO3	0.629
EGFR	GAPDH	0.955
EGFR	GCLC	0.57
EGFR	GFAP	0.562
EGFR	GRIN2B	0.545
EGFR	GRN	0.552
EGFR	GSK3B	0.574
EGFR	HDAC6	0.919
EGFR	HIF1A	0.934
EGFR	HMGB1	0.449
EGFR	HMOX1	0.419
EGFR	HSP90AA1	0.999
EGFR	HSP90AB1	0.998
EGFR	HSPA1B	0.923
EGFR	HSPA4	0.954
EGFR	HSPA5	0.862
EGFR	HSPA8	0.932
EGFR	HSPA9	0.602
EGFR	HSPB1	0.794
EGFR	HSPB2	0.466
EGFR	HSPB3	0.476
EGFR	HTT	0.654
EGFR	ICAM1	0.877
EGFR	IFNG	0.876
EGFR	IL10	0.899
EGFR	IL18	0.4
EGFR	IL1A	0.701
EGFR	IL1B	0.873
EGFR	IL4	0.82
EGFR	IL6	0.979
EGFR	INS	0.992
EGFR	JUN	0.871
EGFR	KEAP1	0.746
EGFR	LAMP1	0.738
EGFR	LGALS3	0.964
EGFR	LRRK2	0.58
EGFR	MAP1LC3B	0.44
EGFR	MAPK3	0.528
EGFR	MAPK8	0.83
EGFR	MAPT	0.83
EGFR	MCL1	0.675
EGFR	MMP9	0.827
EGFR	MTOR	0.802
EGFR	NFE2L2	0.691
EGFR	NFKB1	0.837
EGFR	NFKBIA	0.688
EGFR	NGF	0.892
EGFR	NOX4	0.417
EGFR	NTRK2	0.882
EGFR	PIK3C3	0.488
EGFR	PPARA	0.431
EGFR	PPARG	0.843
EGFR	PPARGC1A	0.456
EGFR	PRDX1	0.673
EGFR	PRKCA	0.932
EGFR	PRKN	0.644
EGFR	PTEN	0.969
EGFR	PTGS2	0.836
EGFR	PXDN	0.763
EGFR	PXDNL	0.743
EGFR	RET	0.826
EGFR	RIPK1	0.668
EGFR	SIRT1	0.498
EGFR	SNCA	0.728
EGFR	SOD2	0.603
EGFR	SOD2-2	0.586
EGFR	SRC	0.999
EGFR	STAT3	0.998
EGFR	STUB1	0.93
EGFR	SYP	0.709
EGFR	TFRC	0.832
EGFR	TGFB1	0.975
EGFR	TLR2	0.933
EGFR	TLR4	0.739
EGFR	TNF	0.89
EGFR	TP53	0.943
EGFR	TRAF2	0.835
EGFR	TRAF6	0.86
EGFR	TXN	0.742
EGFR	UCHL1	0.828
EGFR	VCP	0.522
EGFR	VDAC1	0.453
EIF2AK3	ERN1	0.541
EIF2AK3	FOS	0.621
EIF2AK3	FOXO1	0.444
EIF2AK3	FOXO3	0.453
EIF2AK3	GAPDH	0.732
EIF2AK3	GPX2	0.402
EIF2AK3	GPX7	0.409
EIF2AK3	GSK3B	0.566
EIF2AK3	HIF1A	0.541
EIF2AK3	HMOX1	0.578
EIF2AK3	HSP90AA1	0.866
EIF2AK3	HSP90AB1	0.815
EIF2AK3	HSPA4	0.542
EIF2AK3	HSPA5	0.999
EIF2AK3	HSPA9	0.409
EIF2AK3	IFNG	0.447
EIF2AK3	IL10	0.4
EIF2AK3	IL1B	0.602
EIF2AK3	IL6	0.624
EIF2AK3	INS	0.597
EIF2AK3	ITPR1	0.461
EIF2AK3	JUN	0.721
EIF2AK3	KEAP1	0.53
EIF2AK3	MAP1LC3B	0.569
EIF2AK3	MAP3K5	0.6
EIF2AK3	MCL1	0.541
EIF2AK3	MFN1	0.421
EIF2AK3	MFN2	0.782
EIF2AK3	MMP9	0.58
EIF2AK3	MTOR	0.581
EIF2AK3	NFE2L2	0.977
EIF2AK3	NFKB1	0.544
EIF2AK3	NFKBIA	0.629
EIF2AK3	NLRP3	0.443
EIF2AK3	NQO1	0.446
EIF2AK3	PINK1	0.405
EIF2AK3	PPARG	0.626
EIF2AK3	PSEN1	0.942
EIF2AK3	PSEN2	0.908
EIF2AK3	PTEN	0.547
EIF2AK3	PTGS2	0.49
EIF2AK3	PXDN	0.707
EIF2AK3	PXDNL	0.706
EIF2AK3	SIRT1	0.472
EIF2AK3	SQSTM1	0.726
EIF2AK3	STAT3	0.807
EIF2AK3	TFAM	0.418
EIF2AK3	TGFB1	0.447
EIF2AK3	TLR4	0.492
EIF2AK3	TNF	0.625
EIF2AK3	TP53	0.627
EIF2AK3	TRAF2	0.493
EIF2AK3	TRAF6	0.501
EIF2AK3	TXN	0.402
EIF2AK3	XBP1	0.909
ERN1	FOXO1	0.44
ERN1	GAPDH	0.594
ERN1	HIF1A	0.631
ERN1	HMOX1	0.433
ERN1	HSP90AA1	0.864
ERN1	HSP90AB1	0.817
ERN1	HSPA1B	0.797
ERN1	HSPA4	0.783
ERN1	HSPA5	0.999
ERN1	IL1B	0.536
ERN1	IL6	0.55
ERN1	INS	0.608
ERN1	ITPR1	0.74
ERN1	JUN	0.693
ERN1	MAP1A	0.452
ERN1	MAP1LC3B	0.593
ERN1	MAP3K5	0.999
ERN1	MCL1	0.471
ERN1	MFN2	0.652
ERN1	MTOR	0.582
ERN1	NFE2L2	0.483
ERN1	NFKB1	0.458
ERN1	NFKBIA	0.411
ERN1	NLRP3	0.448
ERN1	NOX4	0.447
ERN1	OPTN	0.54
ERN1	PPARA	0.431
ERN1	PPARG	0.429
ERN1	PPARGC1A	0.434
ERN1	PSEN1	0.958
ERN1	PSEN2	0.914
ERN1	PXDN	0.541
ERN1	PXDNL	0.542
ERN1	RIPK1	0.416
ERN1	SIRT1	0.419
ERN1	SQSTM1	0.712
ERN1	STAT3	0.459
ERN1	STUB1	0.484
ERN1	TFAM	0.537
ERN1	TGFB1	0.407
ERN1	TLR4	0.476
ERN1	TNF	0.901
ERN1	TP53	0.625
ERN1	TRAF2	0.999
ERN1	TRAF6	0.53
ERN1	TXN	0.477
ERN1	VDAC1	0.6
ERN1	VDAC2	0.496
ERN1	XBP1	0.997
FADD	GAPDH	0.629
FADD	HIF1A	0.407
FADD	HSP90AA1	0.667
FADD	HSP90AB1	0.666
FADD	HSPA4	0.407
FADD	HSPA5	0.4
FADD	HSPA8	0.507
FADD	HTRA2	0.483
FADD	IFNG	0.45
FADD	IL18	0.422
FADD	IL1A	0.429
FADD	IL1B	0.574
FADD	IL6	0.488
FADD	JUN	0.547
FADD	LRRK2	0.603
FADD	MAP1LC3B	0.625
FADD	MAP3K5	0.722
FADD	MAPK3	0.706
FADD	MAPK8	0.709
FADD	MCL1	0.595
FADD	NFKB1	0.753
FADD	NFKBIA	0.622
FADD	NLRP3	0.812
FADD	NOS1	0.533
FADD	NOX1	0.443
FADD	PARK7	0.4
FADD	PTEN	0.463
FADD	PXDN	0.468
FADD	PXDNL	0.459
FADD	PYCARD	0.442
FADD	RIPK1	0.999
FADD	RIPK3	0.999
FADD	SOD1	0.577
FADD	SQSTM1	0.746
FADD	SRC	0.402
FADD	STAT3	0.487
FADD	STUB1	0.431
FADD	TLR2	0.461
FADD	TLR4	0.861
FADD	TNF	0.99
FADD	TP53	0.82
FADD	TRAF2	0.999
FADD	TRAF6	0.922
FADD	XDH	0.414
FBXO7	GAK	0.518
FBXO7	GBA	0.786
FBXO7	GSK3B	0.638
FBXO7	HTRA2	0.778
FBXO7	LRRK2	0.819
FBXO7	MAPT	0.477
FBXO7	PARK7	0.864
FBXO7	PINK1	0.995
FBXO7	PLA2G6	0.897
FBXO7	PRKN	0.917
FBXO7	SNCA	0.789
FBXO7	SNCAIP	0.404
FBXO7	TARDBP	0.487
FBXO7	TMEM230	0.619
FBXO7	TOMM20	0.789
FBXO7	TRAF2	0.619
FBXO7	UCHL1	0.777
FBXO7	VPS35	0.845
FIS1	FOXO3	0.407
FIS1	FUNDC1	0.723
FIS1	GAPDH	0.536
FIS1	GPX4	0.418
FIS1	GSK3B	0.515
FIS1	HSPA9	0.695
FIS1	HTRA2	0.416
FIS1	HTT	0.456
FIS1	INS	0.438
FIS1	ITPR1	0.499
FIS1	LRRK2	0.509
FIS1	MAP1A	0.611
FIS1	MAP1B	0.554
FIS1	MAP1LC3A	0.468
FIS1	MAP1LC3B	0.576
FIS1	MAP1S	0.561
FIS1	MFN1	0.937
FIS1	MFN2	0.988
FIS1	OPA1	0.915
FIS1	OPTN	0.56
FIS1	PARK7	0.553
FIS1	PIK3C3	0.406
FIS1	PINK1	0.931
FIS1	PPARGC1A	0.727
FIS1	PPIF	0.552
FIS1	PRKN	0.849
FIS1	PSEN1	0.405
FIS1	PXDN	0.422
FIS1	PXDNL	0.417
FIS1	SIRT1	0.517
FIS1	SIRT3	0.528
FIS1	SNCA	0.437
FIS1	SOD1	0.489
FIS1	SOD2	0.551
FIS1	SOD2-2	0.551
FIS1	SQSTM1	0.539
FIS1	TFAM	0.773
FIS1	TOMM20	0.809
FIS1	UCP2	0.521
FIS1	VDAC1	0.959
FIS1	VDAC2	0.486
FOS	FOXO1	0.809
FOS	FOXO3	0.682
FOS	GAPDH	0.722
FOS	GDNF	0.934
FOS	GFAP	0.563
FOS	GPX2	0.435
FOS	GPX3	0.466
FOS	GPX5	0.446
FOS	GPX6	0.438
FOS	GPX7	0.419
FOS	GPX8	0.42
FOS	GRIN2B	0.598
FOS	GSK3B	0.543
FOS	HIF1A	0.805
FOS	HMGB1	0.447
FOS	HMOX1	0.531
FOS	HSP90AA1	0.604
FOS	HSP90AB1	0.446
FOS	HSPA1B	0.532
FOS	HSPA4	0.559
FOS	HSPA5	0.497
FOS	HSPA8	0.584
FOS	ICAM1	0.505
FOS	IFNG	0.751
FOS	IL10	0.736
FOS	IL18	0.428
FOS	IL1A	0.899
FOS	IL1B	0.894
FOS	IL4	0.7
FOS	IL6	0.891
FOS	INS	0.674
FOS	JUN	0.999
FOS	MAP1B	0.485
FOS	MAP3K5	0.449
FOS	MAPK3	0.994
FOS	MAPK8	0.986
FOS	MCL1	0.665
FOS	MMP9	0.694
FOS	MPO	0.572
FOS	MTOR	0.501
FOS	NFE2L2	0.728
FOS	NFKB1	0.808
FOS	NFKBIA	0.808
FOS	NGF	0.669
FOS	NOS1	0.529
FOS	NQO1	0.542
FOS	NR4A2	0.783
FOS	NTRK2	0.606
FOS	PPARA	0.481
FOS	PPARG	0.612
FOS	PRKCA	0.946
FOS	PTEN	0.715
FOS	PTGS2	0.819
FOS	PXDN	0.739
FOS	PXDNL	0.739
FOS	RBFOX3	0.769
FOS	SIRT1	0.713
FOS	SLC6A3	0.53
FOS	SRC	0.986
FOS	STAT3	0.995
FOS	SYN1	0.508
FOS	SYP	0.614
FOS	TAC1	0.669
FOS	TGFB1	0.719
FOS	TH	0.741
FOS	TLR2	0.689
FOS	TLR4	0.599
FOS	TNF	0.728
FOS	TP53	0.952
FOS	TRAF6	0.653
FOS	TXN	0.405
FOS	XBP1	0.634
FOXO1	FOXO3	0.955
FOXO1	GAPDH	0.65
FOXO1	GPX2	0.423
FOXO1	GPX3	0.468
FOXO1	GPX5	0.429
FOXO1	GPX6	0.43
FOXO1	GPX7	0.439
FOXO1	GPX8	0.448
FOXO1	GSK3B	0.814
FOXO1	HIF1A	0.859
FOXO1	HMOX1	0.465
FOXO1	HSP90AA1	0.648
FOXO1	HSP90AB1	0.469
FOXO1	HSPA5	0.405
FOXO1	IFNG	0.514
FOXO1	IL10	0.501
FOXO1	IL1B	0.723
FOXO1	IL4	0.435
FOXO1	IL6	0.736
FOXO1	INS	0.944
FOXO1	JUN	0.792
FOXO1	MAP1LC3B	0.466
FOXO1	MAP3K5	0.464
FOXO1	MAPK3	0.959
FOXO1	MAPK8	0.951
FOXO1	MCL1	0.643
FOXO1	MMP9	0.442
FOXO1	MTOR	0.758
FOXO1	NFE2L2	0.518
FOXO1	NFKB1	0.71
FOXO1	NFKBIA	0.442
FOXO1	NOX4	0.412
FOXO1	PIK3C3	0.466
FOXO1	PINK1	0.854
FOXO1	PPARA	0.675
FOXO1	PPARG	0.856
FOXO1	PPARGC1A	0.999
FOXO1	PRKCA	0.421
FOXO1	PRKN	0.401
FOXO1	PTEN	0.903
FOXO1	PXDN	0.575
FOXO1	PXDNL	0.565
FOXO1	SCARB2	0.427
FOXO1	SIRT1	0.999
FOXO1	SIRT3	0.762
FOXO1	SOD1	0.413
FOXO1	SOD2	0.903
FOXO1	SOD2-2	0.627
FOXO1	SQSTM1	0.41
FOXO1	SRC	0.507
FOXO1	STAT3	0.964
FOXO1	STUB1	0.503
FOXO1	TFAM	0.503
FOXO1	TFEB	0.729
FOXO1	TGFB1	0.491
FOXO1	TLR4	0.467
FOXO1	TNF	0.721
FOXO1	TP53	0.886
FOXO1	TXN	0.404
FOXO1	UCP2	0.649
FOXO1	XBP1	0.89
FOXO3	GAPDH	0.635
FOXO3	GPX2	0.458
FOXO3	GPX3	0.479
FOXO3	GPX5	0.466
FOXO3	GPX6	0.467
FOXO3	GPX7	0.486
FOXO3	GPX8	0.484
FOXO3	GSK3B	0.762
FOXO3	HIF1A	0.997
FOXO3	HMOX1	0.504
FOXO3	HSP90AA1	0.492
FOXO3	HSP90AB1	0.492
FOXO3	HSPA4	0.402
FOXO3	IFNG	0.441
FOXO3	IL10	0.455
FOXO3	IL1B	0.526
FOXO3	IL6	0.581
FOXO3	INS	0.879
FOXO3	JUN	0.773
FOXO3	KEAP1	0.466
FOXO3	MAP1A	0.444
FOXO3	MAP1LC3A	0.443
FOXO3	MAP1LC3B	0.633
FOXO3	MAP3K5	0.688
FOXO3	MAPK3	0.961
FOXO3	MAPK8	0.954
FOXO3	MCL1	0.705
FOXO3	MFN1	0.413
FOXO3	MFN2	0.482
FOXO3	MMP9	0.454
FOXO3	MTOR	0.747
FOXO3	NFE2L2	0.574
FOXO3	NFKB1	0.711
FOXO3	NFKBIA	0.446
FOXO3	NOX4	0.411
FOXO3	PIK3C3	0.567
FOXO3	PINK1	0.923
FOXO3	PPARA	0.527
FOXO3	PPARG	0.582
FOXO3	PPARGC1A	0.987
FOXO3	PRDX3	0.584
FOXO3	PRKN	0.488
FOXO3	PSEN1	0.524
FOXO3	PTEN	0.853
FOXO3	PXDN	0.555
FOXO3	PXDNL	0.554
FOXO3	SIRT1	0.999
FOXO3	SIRT3	0.987
FOXO3	SNCA	0.403
FOXO3	SOD1	0.433
FOXO3	SOD2	0.974
FOXO3	SOD2-2	0.866
FOXO3	SQSTM1	0.516
FOXO3	SRC	0.485
FOXO3	STAT3	0.978
FOXO3	TFAM	0.497
FOXO3	TFEB	0.64
FOXO3	TGFB1	0.623
FOXO3	TLR4	0.403
FOXO3	TNF	0.59
FOXO3	TP53	0.998
FOXO3	TXN	0.474
FOXO3	UCP2	0.405
FOXO3	XBP1	0.423
FTH1	FTL	0.999
FTH1	GAK	0.527
FTH1	GAPDH	0.569
FTH1	GCLC	0.508
FTH1	GCLM	0.555
FTH1	GPX2	0.403
FTH1	GPX4	0.774
FTH1	HIF1A	0.415
FTH1	HMOX1	0.697
FTH1	HSPA8	0.646
FTH1	HSPB1	0.542
FTH1	ICAM1	0.46
FTH1	KEAP1	0.489
FTH1	MAP1LC3B	0.408
FTH1	NCOA4	0.999
FTH1	NFE2L2	0.543
FTH1	NQO1	0.556
FTH1	PRDX1	0.629
FTH1	PRDX3	0.492
FTH1	PTGS2	0.401
FTH1	SLC11A2	0.859
FTH1	SLC40A1	0.892
FTH1	SOD1	0.43
FTH1	SOD2	0.501
FTH1	SOD2-2	0.468
FTH1	SQSTM1	0.538
FTH1	TFRC	0.995
FTH1	TP53	0.464
FTH1	TXN	0.483
FTH1	VDAC2	0.431
FTL	GAK	0.527
FTL	GAPDH	0.558
FTL	GCLC	0.468
FTL	GCLM	0.501
FTL	GPX4	0.744
FTL	HMOX1	0.777
FTL	HSPA8	0.661
FTL	NCOA4	0.991
FTL	NFE2L2	0.451
FTL	NQO1	0.444
FTL	PLA2G6	0.906
FTL	PRDX1	0.648
FTL	PRDX3	0.463
FTL	SLC11A2	0.888
FTL	SLC40A1	0.929
FTL	SOD2	0.403
FTL	SQSTM1	0.53
FTL	TFRC	0.921
FTL	TXN	0.472
FUNDC1	HIF1A	0.607
FUNDC1	HSPA4	0.404
FUNDC1	HSPA8	0.883
FUNDC1	HSPA9	0.707
FUNDC1	ITPR1	0.587
FUNDC1	MAP1A	0.936
FUNDC1	MAP1B	0.594
FUNDC1	MAP1LC3A	0.959
FUNDC1	MAP1LC3B	0.999
FUNDC1	MAP1S	0.609
FUNDC1	MFN1	0.696
FUNDC1	MFN2	0.813
FUNDC1	OPA1	0.518
FUNDC1	OPTN	0.697
FUNDC1	PIK3C3	0.474
FUNDC1	PINK1	0.873
FUNDC1	PPARGC1A	0.482
FUNDC1	PRKN	0.786
FUNDC1	PTEN	0.449
FUNDC1	RIPK3	0.432
FUNDC1	SIRT3	0.417
FUNDC1	SQSTM1	0.755
FUNDC1	SRC	0.933
FUNDC1	TFAM	0.456
FUNDC1	TFEB	0.423
FUNDC1	TOMM20	0.62
FUNDC1	VDAC1	0.727
GAK	GBA	0.784
GAK	HLA-DRA	0.487
GAK	HSPA4	0.684
GAK	HSPA8	0.945
GAK	HTRA2	0.469
GAK	IL6	0.471
GAK	LRRK2	0.981
GAK	MAOB	0.488
GAK	MAPT	0.599
GAK	MFN1	0.471
GAK	MFN2	0.493
GAK	NR4A2	0.473
GAK	OPA1	0.471
GAK	PARK7	0.458
GAK	PINK1	0.607
GAK	PLA2G6	0.557
GAK	PRKN	0.609
GAK	RAB29	0.979
GAK	SNCA	0.579
GAK	SNCAIP	0.428
GAK	TFRC	0.57
GAK	VPS35	0.841
GAPDH	GBA	0.446
GAPDH	GCLC	0.598
GAPDH	GCLM	0.54
GAPDH	GDNF	0.548
GAPDH	GFAP	0.749
GAPDH	GPX2	0.653
GAPDH	GPX3	0.648
GAPDH	GPX4	0.648
GAPDH	GPX5	0.619
GAPDH	GPX6	0.619
GAPDH	GPX7	0.666
GAPDH	GPX8	0.646
GAPDH	GRIN2B	0.506
GAPDH	GRN	0.44
GAPDH	GSK3B	0.817
GAPDH	GSR	0.682
GAPDH	HDAC6	0.561
GAPDH	HIF1A	0.751
GAPDH	HMGB1	0.74
GAPDH	HMOX1	0.759
GAPDH	HSP90AA1	0.922
GAPDH	HSP90AB1	0.872
GAPDH	HSPA1B	0.719
GAPDH	HSPA4	0.901
GAPDH	HSPA5	0.806
GAPDH	HSPA8	0.986
GAPDH	HSPA9	0.787
GAPDH	HSPB1	0.671
GAPDH	HSPB2	0.672
GAPDH	HSPB3	0.592
GAPDH	HTT	0.993
GAPDH	ICAM1	0.663
GAPDH	IFNG	0.794
GAPDH	IL10	0.782
GAPDH	IL18	0.622
GAPDH	IL1A	0.675
GAPDH	IL1B	0.872
GAPDH	IL4	0.713
GAPDH	IL6	0.879
GAPDH	INS	0.816
GAPDH	ITPR1	0.421
GAPDH	JUN	0.781
GAPDH	KEAP1	0.721
GAPDH	LAMP1	0.669
GAPDH	LAMP2	0.58
GAPDH	LGALS3	0.517
GAPDH	LRRK2	0.496
GAPDH	MAOA	0.479
GAPDH	MAOB	0.49
GAPDH	MAP1A	0.556
GAPDH	MAP1B	0.692
GAPDH	MAP1LC3A	0.674
GAPDH	MAP1LC3B	0.827
GAPDH	MAP1S	0.513
GAPDH	MAP2	0.541
GAPDH	MAP3K5	0.589
GAPDH	MAPK3	0.832
GAPDH	MAPK8	0.625
GAPDH	MAPT	0.765
GAPDH	MBP	0.549
GAPDH	MCL1	0.741
GAPDH	MFN1	0.508
GAPDH	MFN2	0.605
GAPDH	MMP9	0.814
GAPDH	MPO	0.541
GAPDH	MRC1	0.628
GAPDH	MTOR	0.701
GAPDH	NDUFA9	0.47
GAPDH	NDUFS1	0.443
GAPDH	NEFL	0.435
GAPDH	NFE2L2	0.641
GAPDH	NFKB1	0.783
GAPDH	NFKBIA	0.789
GAPDH	NGF	0.602
GAPDH	NLRP3	0.613
GAPDH	NOS1	0.494
GAPDH	NOX1	0.493
GAPDH	NOX4	0.6
GAPDH	NQO1	0.669
GAPDH	NTRK2	0.521
GAPDH	OPA1	0.403
GAPDH	PARK7	0.698
GAPDH	PIK3C3	0.449
GAPDH	PINK1	0.564
GAPDH	PPARA	0.634
GAPDH	PPARG	0.742
GAPDH	PPARGC1A	0.678
GAPDH	PPIF	0.547
GAPDH	PRDX1	0.812
GAPDH	PRDX3	0.513
GAPDH	PRKCA	0.499
GAPDH	PRKN	0.773
GAPDH	PRNP	0.414
GAPDH	PSEN1	0.659
GAPDH	PSMD4	0.412
GAPDH	PTEN	0.752
GAPDH	PTGS2	0.82
GAPDH	PXDN	0.924
GAPDH	PXDNL	0.924
GAPDH	RBFOX3	0.708
GAPDH	RET	0.4
GAPDH	RIPK1	0.946
GAPDH	RIPK3	0.451
GAPDH	S100B	0.479
GAPDH	SCARB2	0.593
GAPDH	SDHB	0.786
GAPDH	SIRT1	0.892
GAPDH	SIRT3	0.579
GAPDH	SLC11A2	0.404
GAPDH	SLC1A2	0.641
GAPDH	SNCA	0.769
GAPDH	SOD1	0.862
GAPDH	SOD2	0.74
GAPDH	SOD2-2	0.737
GAPDH	SQSTM1	0.699
GAPDH	SRC	0.702
GAPDH	STAT3	0.807
GAPDH	STUB1	0.623
GAPDH	SYN1	0.7
GAPDH	SYP	0.577
GAPDH	TAC1	0.4
GAPDH	TARDBP	0.627
GAPDH	TFAM	0.604
GAPDH	TFEB	0.507
GAPDH	TFRC	0.753
GAPDH	TGFB1	0.811
GAPDH	TH	0.602
GAPDH	TLR2	0.672
GAPDH	TLR4	0.761
GAPDH	TNF	0.849
GAPDH	TOMM20	0.667
GAPDH	TP53	0.886
GAPDH	TRAF2	0.923
GAPDH	TRAF6	0.599
GAPDH	TXN	0.824
GAPDH	UCHL1	0.468
GAPDH	UCP2	0.471
GAPDH	VCP	0.742
GAPDH	VDAC1	0.915
GAPDH	VDAC2	0.526
GAPDH	XBP1	0.634
GAPDH	XDH	0.464
GBA	GRN	0.548
GBA	HSP90AA1	0.42
GBA	HSPA4	0.451
GBA	HTRA2	0.663
GBA	INS	0.445
GBA	LAMP1	0.613
GBA	LAMP2	0.513
GBA	LRRK2	0.922
GBA	MAPT	0.671
GBA	NGF	0.437
GBA	NR4A2	0.497
GBA	PARK7	0.745
GBA	PINK1	0.76
GBA	PLA2G6	0.751
GBA	PRKN	0.911
GBA	PSEN1	0.442
GBA	PSEN2	0.4
GBA	RAB29	0.462
GBA	SCARB2	0.976
GBA	SLC6A3	0.484
GBA	SNCA	0.963
GBA	SNCAIP	0.613
GBA	SNCB	0.621
GBA	SQSTM1	0.405
GBA	STAT3	0.463
GBA	TARDBP	0.424
GBA	TFEB	0.475
GBA	TMEM230	0.441
GBA	TP53	0.533
GBA	UCHL1	0.71
GBA	VPS35	0.757
GCLC	GCLM	0.999
GCLC	GPX2	0.758
GCLC	GPX3	0.705
GCLC	GPX4	0.809
GCLC	GPX5	0.685
GCLC	GPX6	0.685
GCLC	GPX7	0.713
GCLC	GPX8	0.711
GCLC	GSR	0.874
GCLC	HMOX1	0.903
GCLC	IL1B	0.461
GCLC	IL6	0.456
GCLC	JUN	0.419
GCLC	KEAP1	0.905
GCLC	NFE2L2	0.966
GCLC	NFKBIA	0.556
GCLC	NOX1	0.512
GCLC	NOX4	0.448
GCLC	NQO1	0.906
GCLC	PRDX1	0.666
GCLC	PRDX3	0.457
GCLC	PTGS2	0.405
GCLC	PXDN	0.449
GCLC	PXDNL	0.448
GCLC	SIRT1	0.464
GCLC	SOD1	0.733
GCLC	SOD2	0.706
GCLC	SOD2-2	0.705
GCLC	SQSTM1	0.438
GCLC	TNF	0.425
GCLC	TP53	0.637
GCLC	TXN	0.744
GCLM	GPX2	0.711
GCLM	GPX3	0.654
GCLM	GPX4	0.771
GCLM	GPX5	0.637
GCLM	GPX6	0.636
GCLM	GPX7	0.657
GCLM	GPX8	0.651
GCLM	GSR	0.799
GCLM	HMOX1	0.91
GCLM	IL1B	0.406
GCLM	IL6	0.4
GCLM	KEAP1	0.932
GCLM	NFE2L2	0.951
GCLM	NQO1	0.949
GCLM	PARK7	0.669
GCLM	PRDX1	0.64
GCLM	PRDX3	0.466
GCLM	SOD1	0.661
GCLM	SOD2	0.581
GCLM	SOD2-2	0.571
GCLM	SQSTM1	0.503
GCLM	TP53	0.608
GCLM	TXN	0.67
GDNF	GFAP	0.665
GDNF	GSK3B	0.418
GDNF	HTT	0.418
GDNF	IFNG	0.437
GDNF	IL10	0.52
GDNF	IL18	0.507
GDNF	IL1B	0.582
GDNF	IL6	0.589
GDNF	INS	0.596
GDNF	JUN	0.975
GDNF	MAOB	0.506
GDNF	MAP2	0.571
GDNF	MAPK3	0.475
GDNF	MBP	0.494
GDNF	NCOA4	0.448
GDNF	NEFL	0.538
GDNF	NGF	0.926
GDNF	NOS1	0.541
GDNF	NR4A2	0.583
GDNF	NTRK2	0.994
GDNF	PARK7	0.418
GDNF	PRKCA	0.582
GDNF	PSEN1	0.417
GDNF	PXDN	0.446
GDNF	PXDNL	0.446
GDNF	RBFOX3	0.595
GDNF	RET	0.999
GDNF	S100B	0.581
GDNF	SDHB	0.44
GDNF	SLC18A2	0.505
GDNF	SLC1A2	0.48
GDNF	SLC6A3	0.602
GDNF	SNCA	0.612
GDNF	SOD1	0.541
GDNF	SRC	0.685
GDNF	SYN1	0.531
GDNF	SYP	0.531
GDNF	TAC1	0.54
GDNF	TARDBP	0.4
GDNF	TGFB1	0.663
GDNF	TH	0.847
GDNF	TNF	0.529
GDNF	UCHL1	0.478
GFAP	GRIN2B	0.579
GFAP	GSK3B	0.456
GFAP	HDAC6	0.589
GFAP	HMGB1	0.569
GFAP	HMOX1	0.451
GFAP	HSP90AA1	0.79
GFAP	HSP90AB1	0.812
GFAP	HSPA4	0.414
GFAP	HSPA5	0.418
GFAP	HSPA8	0.804
GFAP	HSPB1	0.669
GFAP	HSPB2	0.667
GFAP	HSPB3	0.62
GFAP	HTT	0.638
GFAP	ICAM1	0.493
GFAP	IFNG	0.566
GFAP	IL10	0.589
GFAP	IL1A	0.608
GFAP	IL1B	0.82
GFAP	IL4	0.423
GFAP	IL6	0.782
GFAP	INS	0.578
GFAP	JUN	0.459
GFAP	LAMP1	0.517
GFAP	LAMP2	0.693
GFAP	LGALS3	0.499
GFAP	MAOB	0.484
GFAP	MAP1B	0.615
GFAP	MAP1LC3B	0.435
GFAP	MAP2	0.842
GFAP	MAPK3	0.522
GFAP	MAPT	0.743
GFAP	MBP	0.876
GFAP	MMP9	0.496
GFAP	MPO	0.415
GFAP	MRC1	0.439
GFAP	NEFL	0.726
GFAP	NFKB1	0.427
GFAP	NGF	0.653
GFAP	NLRP3	0.484
GFAP	NOS1	0.447
GFAP	NOX1	0.442
GFAP	NR4A2	0.401
GFAP	NTRK2	0.669
GFAP	OPA1	0.423
GFAP	PARK7	0.645
GFAP	PPARG	0.404
GFAP	PRKCA	0.474
GFAP	PRNP	0.492
GFAP	PSEN1	0.701
GFAP	PSEN2	0.49
GFAP	PTEN	0.502
GFAP	PTGS2	0.453
GFAP	PXDN	0.808
GFAP	PXDNL	0.809
GFAP	RBFOX3	0.931
GFAP	S100B	0.925
GFAP	SCARB2	0.475
GFAP	SLC1A2	0.885
GFAP	SLC6A3	0.47
GFAP	SNCA	0.673
GFAP	SNCB	0.429
GFAP	SOD1	0.718
GFAP	STAT3	0.59
GFAP	SYN1	0.741
GFAP	SYP	0.86
GFAP	TAC1	0.456
GFAP	TARDBP	0.616
GFAP	TGFB1	0.503
GFAP	TH	0.786
GFAP	TLR2	0.404
GFAP	TLR4	0.632
GFAP	TNF	0.705
GFAP	TP53	0.638
GFAP	TREM2	0.6
GFAP	UCHL1	0.59
GPX2	GPX3	0.913
GPX2	GPX4	0.939
GPX2	GPX5	0.91
GPX2	GPX6	0.912
GPX2	GPX7	0.935
GPX2	GPX8	0.93
GPX2	GSK3B	0.504
GPX2	GSR	0.997
GPX2	HIF1A	0.532
GPX2	HMOX1	0.85
GPX2	HSP90AA1	0.479
GPX2	HSP90AB1	0.469
GPX2	HSPA4	0.622
GPX2	HSPA5	0.449
GPX2	HSPA9	0.558
GPX2	ICAM1	0.5
GPX2	IFNG	0.579
GPX2	IL10	0.633
GPX2	IL18	0.414
GPX2	IL1A	0.534
GPX2	IL1B	0.754
GPX2	IL4	0.471
GPX2	IL6	0.748
GPX2	INS	0.725
GPX2	JUN	0.582
GPX2	KEAP1	0.772
GPX2	MAOA	0.56
GPX2	MAOB	0.583
GPX2	MAP3K5	0.419
GPX2	MAPK3	0.496
GPX2	MMP9	0.532
GPX2	MPO	0.71
GPX2	MTOR	0.451
GPX2	NFE2L2	0.819
GPX2	NFKB1	0.554
GPX2	NFKBIA	0.498
GPX2	NGF	0.561
GPX2	NLRP3	0.413
GPX2	NOS1	0.52
GPX2	NOX1	0.625
GPX2	NOX4	0.65
GPX2	NQO1	0.802
GPX2	PARK7	0.546
GPX2	PINK1	0.468
GPX2	PPARA	0.525
GPX2	PPARG	0.598
GPX2	PPARGC1A	0.958
GPX2	PPIF	0.575
GPX2	PRDX1	0.796
GPX2	PRDX3	0.612
GPX2	PRKN	0.401
GPX2	PTGS2	0.682
GPX2	PXDN	0.691
GPX2	PXDNL	0.691
GPX2	SIRT1	0.619
GPX2	SIRT3	0.515
GPX2	SNCA	0.492
GPX2	SOD1	0.885
GPX2	SOD2	0.904
GPX2	SOD2-2	0.904
GPX2	SRC	0.401
GPX2	STAT3	0.442
GPX2	TFAM	0.472
GPX2	TGFB1	0.521
GPX2	TH	0.417
GPX2	TLR4	0.534
GPX2	TNF	0.725
GPX2	TP53	0.802
GPX2	TXN	0.938
GPX2	UCP2	0.523
GPX2	XDH	0.886
GPX3	GPX4	0.936
GPX3	GPX5	0.902
GPX3	GPX6	0.902
GPX3	GPX7	0.927
GPX3	GPX8	0.929
GPX3	GSK3B	0.468
GPX3	GSR	0.996
GPX3	HIF1A	0.541
GPX3	HMOX1	0.844
GPX3	HSP90AA1	0.469
GPX3	HSP90AB1	0.47
GPX3	HSPA4	0.619
GPX3	HSPA5	0.45
GPX3	HSPA9	0.544
GPX3	HSPB1	0.412
GPX3	ICAM1	0.511
GPX3	IFNG	0.548
GPX3	IL10	0.629
GPX3	IL18	0.431
GPX3	IL1A	0.543
GPX3	IL1B	0.742
GPX3	IL4	0.475
GPX3	IL6	0.733
GPX3	INS	0.717
GPX3	JUN	0.583
GPX3	KEAP1	0.727
GPX3	MAOA	0.59
GPX3	MAOB	0.601
GPX3	MAP3K5	0.419
GPX3	MAPK3	0.505
GPX3	MMP9	0.533
GPX3	MPO	0.694
GPX3	MTOR	0.451
GPX3	NFE2L2	0.802
GPX3	NFKB1	0.579
GPX3	NFKBIA	0.493
GPX3	NGF	0.561
GPX3	NLRP3	0.411
GPX3	NOS1	0.527
GPX3	NOX1	0.603
GPX3	NOX4	0.648
GPX3	NQO1	0.733
GPX3	PARK7	0.541
GPX3	PINK1	0.477
GPX3	PPARA	0.53
GPX3	PPARG	0.621
GPX3	PPARGC1A	0.958
GPX3	PPIF	0.412
GPX3	PRDX1	0.794
GPX3	PRDX3	0.628
GPX3	PTGS2	0.683
GPX3	PXDN	0.722
GPX3	PXDNL	0.721
GPX3	SIRT1	0.612
GPX3	SIRT3	0.517
GPX3	SNCA	0.44
GPX3	SOD1	0.887
GPX3	SOD2	0.904
GPX3	SOD2-2	0.904
GPX3	STAT3	0.473
GPX3	TFAM	0.451
GPX3	TGFB1	0.517
GPX3	TH	0.418
GPX3	TLR4	0.537
GPX3	TNF	0.727
GPX3	TP53	0.609
GPX3	TXN	0.925
GPX3	UCP2	0.52
GPX3	XDH	0.881
GPX4	GPX5	0.938
GPX4	GPX6	0.938
GPX4	GPX7	0.921
GPX4	GPX8	0.929
GPX4	GSR	0.98
GPX4	HIF1A	0.434
GPX4	HMOX1	0.716
GPX4	HSPA5	0.952
GPX4	HSPB1	0.432
GPX4	IL18	0.42
GPX4	IL1B	0.504
GPX4	IL6	0.463
GPX4	INS	0.41
GPX4	JUN	0.605
GPX4	KEAP1	0.658
GPX4	MAP1LC3B	0.45
GPX4	NCOA4	0.706
GPX4	NFE2L2	0.69
GPX4	NOX1	0.695
GPX4	NOX4	0.506
GPX4	NQO1	0.564
GPX4	PARK7	0.633
GPX4	PPARA	0.517
GPX4	PPIF	0.499
GPX4	PRDX1	0.636
GPX4	PRDX3	0.66
GPX4	PTGS2	0.572
GPX4	PXDN	0.604
GPX4	PXDNL	0.601
GPX4	RIPK1	0.494
GPX4	RIPK3	0.52
GPX4	SIRT1	0.436
GPX4	SLC11A2	0.626
GPX4	SLC40A1	0.608
GPX4	SOD1	0.827
GPX4	SOD2	0.814
GPX4	SOD2-2	0.772
GPX4	SQSTM1	0.415
GPX4	TFRC	0.666
GPX4	TNF	0.436
GPX4	TP53	0.73
GPX4	TXN	0.764
GPX4	VDAC1	0.49
GPX4	VDAC2	0.674
GPX4	XDH	0.434
GPX5	GPX6	0.902
GPX5	GPX7	0.923
GPX5	GPX8	0.927
GPX5	GSK3B	0.471
GPX5	GSR	0.998
GPX5	HIF1A	0.531
GPX5	HMOX1	0.842
GPX5	HSP90AA1	0.468
GPX5	HSP90AB1	0.468
GPX5	HSPA4	0.618
GPX5	HSPA5	0.446
GPX5	HSPA9	0.558
GPX5	ICAM1	0.501
GPX5	IFNG	0.549
GPX5	IL10	0.628
GPX5	IL18	0.403
GPX5	IL1A	0.546
GPX5	IL1B	0.743
GPX5	IL4	0.481
GPX5	IL6	0.732
GPX5	INS	0.722
GPX5	JUN	0.577
GPX5	KEAP1	0.727
GPX5	MAOA	0.547
GPX5	MAOB	0.581
GPX5	MAP3K5	0.416
GPX5	MAPK3	0.495
GPX5	MMP9	0.519
GPX5	MPO	0.716
GPX5	MTOR	0.451
GPX5	NFE2L2	0.805
GPX5	NFKB1	0.551
GPX5	NFKBIA	0.491
GPX5	NGF	0.564
GPX5	NLRP3	0.418
GPX5	NOS1	0.548
GPX5	NOX1	0.6
GPX5	NOX4	0.631
GPX5	NQO1	0.732
GPX5	PARK7	0.53
GPX5	PINK1	0.469
GPX5	PPARA	0.516
GPX5	PPARG	0.593
GPX5	PPARGC1A	0.957
GPX5	PPIF	0.572
GPX5	PRDX1	0.771
GPX5	PRDX3	0.6
GPX5	PTGS2	0.681
GPX5	PXDN	0.703
GPX5	PXDNL	0.703
GPX5	SIRT1	0.611
GPX5	SIRT3	0.515
GPX5	SNCA	0.44
GPX5	SOD1	0.883
GPX5	SOD2	0.902
GPX5	SOD2-2	0.902
GPX5	STAT3	0.464
GPX5	TFAM	0.451
GPX5	TGFB1	0.516
GPX5	TH	0.42
GPX5	TLR4	0.526
GPX5	TNF	0.728
GPX5	TP53	0.603
GPX5	TXN	0.909
GPX5	UCP2	0.494
GPX5	XDH	0.884
GPX6	GPX7	0.921
GPX6	GPX8	0.928
GPX6	GSK3B	0.47
GPX6	GSR	0.997
GPX6	HIF1A	0.531
GPX6	HMOX1	0.842
GPX6	HSP90AA1	0.468
GPX6	HSP90AB1	0.468
GPX6	HSPA4	0.618
GPX6	HSPA5	0.442
GPX6	HSPA9	0.557
GPX6	ICAM1	0.501
GPX6	IFNG	0.549
GPX6	IL10	0.628
GPX6	IL18	0.404
GPX6	IL1A	0.543
GPX6	IL1B	0.743
GPX6	IL4	0.479
GPX6	IL6	0.732
GPX6	INS	0.716
GPX6	JUN	0.577
GPX6	KEAP1	0.727
GPX6	MAOA	0.547
GPX6	MAOB	0.581
GPX6	MAP3K5	0.41
GPX6	MAPK3	0.495
GPX6	MFN2	0.4
GPX6	MMP9	0.519
GPX6	MPO	0.715
GPX6	MTOR	0.451
GPX6	NFE2L2	0.802
GPX6	NFKB1	0.551
GPX6	NFKBIA	0.491
GPX6	NGF	0.565
GPX6	NLRP3	0.411
GPX6	NOS1	0.528
GPX6	NOX1	0.598
GPX6	NOX4	0.629
GPX6	NQO1	0.732
GPX6	PARK7	0.53
GPX6	PINK1	0.469
GPX6	PPARA	0.517
GPX6	PPARG	0.593
GPX6	PPARGC1A	0.957
GPX6	PPIF	0.571
GPX6	PRDX1	0.768
GPX6	PRDX3	0.579
GPX6	PTGS2	0.679
GPX6	PXDN	0.703
GPX6	PXDNL	0.703
GPX6	SIRT1	0.611
GPX6	SIRT3	0.537
GPX6	SNCA	0.44
GPX6	SOD1	0.883
GPX6	SOD2	0.902
GPX6	SOD2-2	0.902
GPX6	STAT3	0.457
GPX6	TFAM	0.451
GPX6	TGFB1	0.516
GPX6	TH	0.418
GPX6	TLR4	0.526
GPX6	TNF	0.727
GPX6	TP53	0.603
GPX6	TXN	0.909
GPX6	UCP2	0.516
GPX6	XDH	0.884
GPX7	GPX8	0.917
GPX7	GSK3B	0.476
GPX7	GSR	0.997
GPX7	HIF1A	0.536
GPX7	HMOX1	0.841
GPX7	HSP90AA1	0.47
GPX7	HSP90AB1	0.47
GPX7	HSPA4	0.618
GPX7	HSPA5	0.604
GPX7	HSPA9	0.683
GPX7	ICAM1	0.501
GPX7	IFNG	0.558
GPX7	IL10	0.62
GPX7	IL18	0.406
GPX7	IL1A	0.527
GPX7	IL1B	0.755
GPX7	IL4	0.468
GPX7	IL6	0.75
GPX7	INS	0.726
GPX7	JUN	0.577
GPX7	KEAP1	0.741
GPX7	MAOA	0.547
GPX7	MAOB	0.581
GPX7	MAP3K5	0.418
GPX7	MAPK3	0.507
GPX7	MFN2	0.433
GPX7	MMP9	0.524
GPX7	MPO	0.715
GPX7	MTOR	0.452
GPX7	NFE2L2	0.805
GPX7	NFKB1	0.552
GPX7	NFKBIA	0.492
GPX7	NGF	0.564
GPX7	NLRP3	0.412
GPX7	NOS1	0.521
GPX7	NOX1	0.599
GPX7	NOX4	0.643
GPX7	NQO1	0.732
GPX7	PARK7	0.562
GPX7	PINK1	0.469
GPX7	PPARA	0.52
GPX7	PPARG	0.593
GPX7	PPARGC1A	0.957
GPX7	PPIF	0.581
GPX7	PRDX1	0.792
GPX7	PRDX3	0.627
GPX7	PRKN	0.408
GPX7	PTGS2	0.679
GPX7	PXDN	0.717
GPX7	PXDNL	0.712
GPX7	SIRT1	0.639
GPX7	SIRT3	0.538
GPX7	SNCA	0.44
GPX7	SOD1	0.891
GPX7	SOD2	0.907
GPX7	SOD2-2	0.907
GPX7	STAT3	0.44
GPX7	TFAM	0.48
GPX7	TGFB1	0.539
GPX7	TH	0.418
GPX7	TLR4	0.526
GPX7	TNF	0.723
GPX7	TP53	0.606
GPX7	TXN	0.916
GPX7	UCP2	0.523
GPX7	XDH	0.883
GPX8	GSK3B	0.477
GPX8	GSR	0.997
GPX8	HIF1A	0.546
GPX8	HMOX1	0.842
GPX8	HSP90AA1	0.469
GPX8	HSP90AB1	0.467
GPX8	HSPA4	0.622
GPX8	HSPA5	0.449
GPX8	HSPA9	0.57
GPX8	ICAM1	0.501
GPX8	IFNG	0.575
GPX8	IL10	0.635
GPX8	IL18	0.419
GPX8	IL1A	0.527
GPX8	IL1B	0.76
GPX8	IL4	0.468
GPX8	IL6	0.749
GPX8	INS	0.725
GPX8	JUN	0.578
GPX8	KEAP1	0.737
GPX8	MAOA	0.547
GPX8	MAOB	0.581
GPX8	MAP3K5	0.418
GPX8	MAPK3	0.507
GPX8	MFN2	0.432
GPX8	MMP9	0.537
GPX8	MPO	0.717
GPX8	MTOR	0.451
GPX8	NFE2L2	0.805
GPX8	NFKB1	0.61
GPX8	NFKBIA	0.498
GPX8	NGF	0.582
GPX8	NLRP3	0.412
GPX8	NOS1	0.521
GPX8	NOX1	0.597
GPX8	NOX4	0.65
GPX8	NQO1	0.75
GPX8	PARK7	0.545
GPX8	PINK1	0.471
GPX8	PPARA	0.526
GPX8	PPARG	0.599
GPX8	PPARGC1A	0.957
GPX8	PPIF	0.581
GPX8	PRDX1	0.785
GPX8	PRDX3	0.626
GPX8	PRKN	0.408
GPX8	PTGS2	0.679
GPX8	PXDN	0.73
GPX8	PXDNL	0.697
GPX8	SIRT1	0.639
GPX8	SIRT3	0.538
GPX8	SNCA	0.441
GPX8	SOD1	0.89
GPX8	SOD2	0.907
GPX8	SOD2-2	0.906
GPX8	STAT3	0.441
GPX8	TFAM	0.48
GPX8	TGFB1	0.542
GPX8	TH	0.418
GPX8	TLR4	0.532
GPX8	TNF	0.734
GPX8	TP53	0.618
GPX8	TXN	0.914
GPX8	UCP2	0.518
GPX8	XDH	0.884
GRIN2B	GSK3B	0.478
GRIN2B	GSR	0.418
GRIN2B	HTT	0.506
GRIN2B	IL1B	0.773
GRIN2B	ITPR1	0.447
GRIN2B	MAOA	0.447
GRIN2B	MAOB	0.416
GRIN2B	MAP2	0.537
GRIN2B	MAPK3	0.666
GRIN2B	MAPT	0.51
GRIN2B	MTOR	0.413
GRIN2B	NEFL	0.624
GRIN2B	NGF	0.472
GRIN2B	NOS1	0.984
GRIN2B	NTRK2	0.897
GRIN2B	PPARA	0.562
GRIN2B	PRKCA	0.747
GRIN2B	PRKN	0.75
GRIN2B	PRNP	0.452
GRIN2B	PSEN1	0.478
GRIN2B	PTEN	0.547
GRIN2B	PXDN	0.527
GRIN2B	PXDNL	0.527
GRIN2B	RBFOX3	0.637
GRIN2B	SLC1A2	0.739
GRIN2B	SLC6A3	0.553
GRIN2B	SNCA	0.574
GRIN2B	SRC	0.933
GRIN2B	SYN1	0.666
GRIN2B	SYP	0.705
GRIN2B	TAC1	0.466
GRIN2B	TH	0.462
GRIN2B	VPS35	0.461
GRN	HSPA5	0.609
GRN	LAMP1	0.608
GRN	LRRK2	0.569
GRN	MAPT	0.885
GRN	MMP9	0.585
GRN	NEFL	0.502
GRN	OPTN	0.479
GRN	PRKN	0.428
GRN	PRNP	0.463
GRN	PSEN1	0.649
GRN	PSEN2	0.615
GRN	SCARB2	0.473
GRN	SNCA	0.675
GRN	SOD1	0.548
GRN	SQSTM1	0.436
GRN	TARDBP	0.958
GRN	TFEB	0.42
GRN	TFRC	0.473
GRN	TNF	0.486
GRN	TREM2	0.553
GRN	TXN	0.415
GRN	VCP	0.762
GSK3B	GSR	0.411
GSK3B	HDAC6	0.717
GSK3B	HIF1A	0.653
GSK3B	HMOX1	0.618
GSK3B	HSP90AA1	0.958
GSK3B	HSP90AB1	0.92
GSK3B	HSPA1B	0.537
GSK3B	HSPA4	0.74
GSK3B	HSPA5	0.663
GSK3B	HSPA8	0.621
GSK3B	HSPA9	0.568
GSK3B	HSPB1	0.643
GSK3B	HSPB2	0.633
GSK3B	HSPB3	0.635
GSK3B	HTT	0.528
GSK3B	ICAM1	0.417
GSK3B	IFNG	0.492
GSK3B	IL10	0.526
GSK3B	IL1A	0.416
GSK3B	IL1B	0.636
GSK3B	IL6	0.682
GSK3B	INS	0.753
GSK3B	ITPR1	0.507
GSK3B	JUN	0.908
GSK3B	KEAP1	0.583
GSK3B	LRRK2	0.878
GSK3B	MAOA	0.416
GSK3B	MAOB	0.439
GSK3B	MAP1A	0.412
GSK3B	MAP1B	0.537
GSK3B	MAP1LC3B	0.47
GSK3B	MAP2	0.426
GSK3B	MAPT	0.999
GSK3B	MCL1	0.702
GSK3B	MMP9	0.612
GSK3B	MTOR	0.784
GSK3B	NFE2L2	0.953
GSK3B	NFKB1	0.713
GSK3B	NFKBIA	0.578
GSK3B	NGF	0.52
GSK3B	NOX4	0.463
GSK3B	NQO1	0.574
GSK3B	NTRK2	0.5
GSK3B	PINK1	0.464
GSK3B	PPARA	0.498
GSK3B	PPARG	0.634
GSK3B	PPARGC1A	0.809
GSK3B	PPIF	0.805
GSK3B	PRKCA	0.637
GSK3B	PRKN	0.498
GSK3B	PRNP	0.937
GSK3B	PSEN1	0.995
GSK3B	PSEN2	0.551
GSK3B	PSMD4	0.481
GSK3B	PTEN	0.906
GSK3B	PTGS2	0.573
GSK3B	PXDN	0.684
GSK3B	PXDNL	0.68
GSK3B	RBFOX3	0.444
GSK3B	SIRT1	0.758
GSK3B	SIRT3	0.422
GSK3B	SNCA	0.67
GSK3B	SNCAIP	0.416
GSK3B	SOD1	0.477
GSK3B	SOD2	0.431
GSK3B	SOD2-2	0.422
GSK3B	SQSTM1	0.555
GSK3B	SRC	0.867
GSK3B	STAT3	0.804
GSK3B	STUB1	0.803
GSK3B	SYN1	0.433
GSK3B	SYP	0.487
GSK3B	TARDBP	0.447
GSK3B	TFAM	0.441
GSK3B	TFEB	0.425
GSK3B	TGFB1	0.634
GSK3B	TH	0.467
GSK3B	TLR2	0.416
GSK3B	TLR4	0.577
GSK3B	TNF	0.649
GSK3B	TP53	0.992
GSK3B	TRAF2	0.664
GSK3B	TRAF6	0.994
GSK3B	TXN	0.451
GSK3B	VCP	0.422
GSK3B	VDAC1	0.593
GSR	HIF1A	0.44
GSR	HMOX1	0.761
GSR	HSP90AA1	0.41
GSR	HSP90AB1	0.407
GSR	HSPA4	0.531
GSR	HSPA5	0.501
GSR	HSPA9	0.402
GSR	IFNG	0.416
GSR	IL10	0.422
GSR	IL1B	0.584
GSR	IL6	0.561
GSR	INS	0.527
GSR	JUN	0.48
GSR	KEAP1	0.712
GSR	MAOA	0.445
GSR	MAOB	0.453
GSR	MAPK3	0.423
GSR	MPO	0.497
GSR	NDUFS1	0.562
GSR	NFE2L2	0.93
GSR	NFKB1	0.421
GSR	NOS1	0.405
GSR	NOX1	0.476
GSR	NOX4	0.512
GSR	NQO1	0.835
GSR	PARK7	0.514
GSR	PPARG	0.41
GSR	PPARGC1A	0.403
GSR	PRDX1	0.703
GSR	PRDX3	0.661
GSR	PTGS2	0.522
GSR	PXDN	0.642
GSR	PXDNL	0.639
GSR	SDHB	0.58
GSR	SIRT1	0.482
GSR	SIRT3	0.428
GSR	SOD1	0.744
GSR	SOD2	0.814
GSR	SOD2-2	0.81
GSR	TNF	0.531
GSR	TP53	0.48
GSR	TXN	0.916
GSR	VDAC2	0.464
GSR	XDH	0.733
HDAC6	HIF1A	0.752
HDAC6	HSP90AA1	0.999
HDAC6	HSP90AB1	0.998
HDAC6	HSPA4	0.851
HDAC6	HSPA5	0.71
HDAC6	HSPA8	0.812
HDAC6	HSPB1	0.565
HDAC6	HTT	0.72
HDAC6	JUN	0.414
HDAC6	LAMP2	0.641
HDAC6	LRRK2	0.454
HDAC6	MAP1LC3B	0.45
HDAC6	MAPK3	0.718
HDAC6	MAPK8	0.513
HDAC6	MAPT	0.879
HDAC6	MFN2	0.564
HDAC6	MTOR	0.459
HDAC6	NFKB1	0.412
HDAC6	NLRP3	0.641
HDAC6	PARK7	0.711
HDAC6	PIK3C3	0.406
HDAC6	PINK1	0.492
HDAC6	PRKCA	0.602
HDAC6	PRKN	0.946
HDAC6	PTEN	0.476
HDAC6	PXDN	0.412
HDAC6	PXDNL	0.412
HDAC6	SIRT1	0.782
HDAC6	SIRT3	0.62
HDAC6	SNCA	0.754
HDAC6	SNCAIP	0.481
HDAC6	SOD1	0.563
HDAC6	SQSTM1	0.979
HDAC6	SRC	0.414
HDAC6	STAT3	0.633
HDAC6	STUB1	0.831
HDAC6	TARDBP	0.981
HDAC6	TNF	0.435
HDAC6	TP53	0.602
HDAC6	VCP	0.995
HDAC6	VDAC1	0.526
HIF1A	HMGB1	0.517
HIF1A	HMOX1	0.701
HIF1A	HSP90AA1	0.999
HIF1A	HSP90AB1	0.998
HIF1A	HSPA1B	0.414
HIF1A	HSPA4	0.938
HIF1A	HSPA5	0.54
HIF1A	HSPA8	0.883
HIF1A	HSPB1	0.466
HIF1A	HSPB2	0.427
HIF1A	HSPB3	0.452
HIF1A	ICAM1	0.684
HIF1A	IFNG	0.665
HIF1A	IL10	0.751
HIF1A	IL18	0.48
HIF1A	IL1A	0.625
HIF1A	IL1B	0.771
HIF1A	IL4	0.585
HIF1A	IL6	0.8
HIF1A	INS	0.679
HIF1A	JUN	0.961
HIF1A	KEAP1	0.699
HIF1A	LAMP2	0.73
HIF1A	LRRK2	0.728
HIF1A	MAP1LC3A	0.429
HIF1A	MAP1LC3B	0.545
HIF1A	MAP3K5	0.473
HIF1A	MAPK3	0.969
HIF1A	MAPK8	0.485
HIF1A	MCL1	0.825
HIF1A	MFN1	0.413
HIF1A	MFN2	0.446
HIF1A	MMP9	0.824
HIF1A	MPO	0.434
HIF1A	MRC1	0.484
HIF1A	MTOR	0.789
HIF1A	NFE2L2	0.75
HIF1A	NFKB1	0.816
HIF1A	NFKBIA	0.735
HIF1A	NGF	0.637
HIF1A	NLRP3	0.662
HIF1A	NOS1	0.403
HIF1A	NOX1	0.516
HIF1A	NOX4	0.6
HIF1A	NQO1	0.852
HIF1A	PINK1	0.69
HIF1A	PPARA	0.761
HIF1A	PPARG	0.854
HIF1A	PPARGC1A	0.758
HIF1A	PRKCA	0.62
HIF1A	PRKN	0.716
HIF1A	PSMD4	0.477
HIF1A	PTEN	0.83
HIF1A	PTGS2	0.831
HIF1A	PXDN	0.744
HIF1A	PXDNL	0.737
HIF1A	PYCARD	0.402
HIF1A	RET	0.43
HIF1A	SCARB2	0.525
HIF1A	SDHB	0.686
HIF1A	SIRT1	0.927
HIF1A	SIRT3	0.636
HIF1A	SLC11A2	0.412
HIF1A	SOD1	0.511
HIF1A	SOD2	0.639
HIF1A	SOD2-2	0.607
HIF1A	SQSTM1	0.591
HIF1A	SRC	0.872
HIF1A	STAT3	0.994
HIF1A	STUB1	0.734
HIF1A	TFAM	0.718
HIF1A	TFEB	0.502
HIF1A	TFRC	0.576
HIF1A	TGFB1	0.838
HIF1A	TLR2	0.499
HIF1A	TLR4	0.657
HIF1A	TNF	0.818
HIF1A	TP53	0.999
HIF1A	TRAF6	0.717
HIF1A	TXN	0.602
HIF1A	UCHL1	0.433
HIF1A	UCP2	0.459
HIF1A	VCP	0.587
HIF1A	VDAC1	0.49
HIF1A	XBP1	0.988
HIF1A	XDH	0.449
HLA-DRA	IFNG	0.612
HLA-DRA	IL1B	0.408
HLA-DRA	IL4	0.56
HLA-DRA	INS	0.575
HLA-DRA	MBP	0.786
HLA-DRA	MRC1	0.47
HLA-DRA	TNF	0.463
HLA-DRA	VPS35	0.42
HMGB1	HMOX1	0.57
HMGB1	HSP90AA1	0.703
HMGB1	HSP90AB1	0.689
HMGB1	HSPA1B	0.416
HMGB1	HSPA4	0.619
HMGB1	HSPA5	0.492
HMGB1	HSPA8	0.724
HMGB1	HTT	0.407
HMGB1	ICAM1	0.582
HMGB1	IFNG	0.792
HMGB1	IL10	0.705
HMGB1	IL18	0.67
HMGB1	IL1A	0.898
HMGB1	IL1B	0.97
HMGB1	IL4	0.546
HMGB1	IL6	0.792
HMGB1	INS	0.465
HMGB1	JUN	0.555
HMGB1	MAP1B	0.405
HMGB1	MAP1LC3B	0.484
HMGB1	MAPK3	0.739
HMGB1	MMP9	0.593
HMGB1	MPO	0.774
HMGB1	MTOR	0.476
HMGB1	NFE2L2	0.503
HMGB1	NFKB1	0.923
HMGB1	NFKBIA	0.483
HMGB1	NLRP3	0.609
HMGB1	PIK3C3	0.551
HMGB1	PINK1	0.576
HMGB1	PPARG	0.432
HMGB1	PTGS2	0.652
HMGB1	PXDN	0.543
HMGB1	PXDNL	0.543
HMGB1	PYCARD	0.42
HMGB1	RBFOX3	0.446
HMGB1	RIPK1	0.526
HMGB1	RIPK3	0.532
HMGB1	S100B	0.83
HMGB1	SCARB2	0.595
HMGB1	SIRT1	0.66
HMGB1	SRC	0.401
HMGB1	STAT3	0.58
HMGB1	TFAM	0.415
HMGB1	TGFB1	0.506
HMGB1	TLR2	0.998
HMGB1	TLR4	0.999
HMGB1	TNF	0.753
HMGB1	TP53	0.997
HMGB1	TRAF6	0.45
HMGB1	TXN	0.603
HMGB1	VCP	0.441
HMGB1	XDH	0.547
HMOX1	HSP90AA1	0.462
HMOX1	HSP90AB1	0.462
HMOX1	HSPA1B	0.497
HMOX1	HSPA4	0.778
HMOX1	HSPA5	0.564
HMOX1	HSPB1	0.518
HMOX1	HSPB2	0.447
HMOX1	HSPB3	0.448
HMOX1	ICAM1	0.675
HMOX1	IFNG	0.633
HMOX1	IL10	0.726
HMOX1	IL18	0.514
HMOX1	IL1A	0.591
HMOX1	IL1B	0.817
HMOX1	IL4	0.878
HMOX1	IL6	0.81
HMOX1	INS	0.64
HMOX1	JUN	0.798
HMOX1	KEAP1	0.934
HMOX1	MAOB	0.426
HMOX1	MAP1LC3B	0.512
HMOX1	MAP3K5	0.42
HMOX1	MAPK3	0.629
HMOX1	MAPK8	0.506
HMOX1	MFN2	0.4
HMOX1	MMP9	0.656
HMOX1	MPO	0.64
HMOX1	MRC1	0.453
HMOX1	MTOR	0.527
HMOX1	NCOA4	0.401
HMOX1	NFE2L2	0.989
HMOX1	NFKB1	0.652
HMOX1	NFKBIA	0.675
HMOX1	NGF	0.441
HMOX1	NLRP3	0.892
HMOX1	NOS1	0.632
HMOX1	NOX1	0.626
HMOX1	NOX4	0.699
HMOX1	NQO1	0.916
HMOX1	PARK7	0.471
HMOX1	PINK1	0.459
HMOX1	PPARA	0.576
HMOX1	PPARG	0.784
HMOX1	PPARGC1A	0.654
HMOX1	PRDX1	0.656
HMOX1	PRDX3	0.472
HMOX1	PSEN1	0.434
HMOX1	PTEN	0.45
HMOX1	PTGS2	0.789
HMOX1	PXDN	0.696
HMOX1	PXDNL	0.696
HMOX1	SCARB2	0.461
HMOX1	SIRT1	0.733
HMOX1	SIRT3	0.511
HMOX1	SLC11A2	0.617
HMOX1	SLC40A1	0.586
HMOX1	SNCA	0.482
HMOX1	SOD1	0.741
HMOX1	SOD2	0.743
HMOX1	SOD2-2	0.738
HMOX1	SQSTM1	0.684
HMOX1	SRC	0.456
HMOX1	STAT3	0.849
HMOX1	TFAM	0.51
HMOX1	TFEB	0.525
HMOX1	TFRC	0.598
HMOX1	TGFB1	0.646
HMOX1	TH	0.462
HMOX1	TLR2	0.496
HMOX1	TLR4	0.719
HMOX1	TNF	0.792
HMOX1	TP53	0.63
HMOX1	TRAF6	0.599
HMOX1	TXN	0.774
HMOX1	UCP2	0.465
HMOX1	XBP1	0.447
HMOX1	XDH	0.618
HSP90AA1	HSP90AB1	0.997
HSP90AA1	HSPA1B	0.998
HSP90AA1	HSPA4	0.999
HSP90AA1	HSPA5	0.968
HSP90AA1	HSPA8	0.999
HSP90AA1	HSPA9	0.958
HSP90AA1	HSPB1	0.957
HSP90AA1	HSPB2	0.924
HSP90AA1	HSPB3	0.914
HSP90AA1	HTT	0.777
HSP90AA1	IFNG	0.508
HSP90AA1	IL10	0.458
HSP90AA1	IL1A	0.601
HSP90AA1	IL1B	0.8
HSP90AA1	IL4	0.431
HSP90AA1	IL6	0.738
HSP90AA1	INS	0.549
HSP90AA1	ITPR1	0.496
HSP90AA1	JUN	0.798
HSP90AA1	KEAP1	0.949
HSP90AA1	LAMP2	0.829
HSP90AA1	LGALS3	0.48
HSP90AA1	LRRK2	0.97
HSP90AA1	MAOA	0.461
HSP90AA1	MAP1LC3A	0.405
HSP90AA1	MAP1LC3B	0.555
HSP90AA1	MAP3K5	0.669
HSP90AA1	MAPK3	0.823
HSP90AA1	MAPK8	0.732
HSP90AA1	MAPT	0.959
HSP90AA1	MCL1	0.838
HSP90AA1	MFN2	0.548
HSP90AA1	MMP9	0.489
HSP90AA1	MTOR	0.998
HSP90AA1	NFE2L2	0.687
HSP90AA1	NFKB1	0.634
HSP90AA1	NFKBIA	0.56
HSP90AA1	NLRP3	0.99
HSP90AA1	NOS1	0.627
HSP90AA1	NOX1	0.79
HSP90AA1	NQO1	0.454
HSP90AA1	OPTN	0.591
HSP90AA1	PARK7	0.743
HSP90AA1	PIK3C3	0.516
HSP90AA1	PINK1	0.957
HSP90AA1	PPARA	0.811
HSP90AA1	PPARG	0.695
HSP90AA1	PPARGC1A	0.43
HSP90AA1	PPIF	0.982
HSP90AA1	PRDX1	0.753
HSP90AA1	PRDX3	0.407
HSP90AA1	PRKN	0.924
HSP90AA1	PRNP	0.76
HSP90AA1	PSMD4	0.68
HSP90AA1	PTEN	0.803
HSP90AA1	PTGS2	0.47
HSP90AA1	PXDN	0.618
HSP90AA1	PXDNL	0.615
HSP90AA1	RET	0.54
HSP90AA1	RIPK1	0.988
HSP90AA1	RIPK3	0.966
HSP90AA1	SIRT1	0.803
HSP90AA1	SNCA	0.743
HSP90AA1	SOD1	0.779
HSP90AA1	SOD2	0.518
HSP90AA1	SOD2-2	0.504
HSP90AA1	SQSTM1	0.666
HSP90AA1	SRC	0.999
HSP90AA1	STAT3	0.971
HSP90AA1	STUB1	0.999
HSP90AA1	TARDBP	0.761
HSP90AA1	TGFB1	0.434
HSP90AA1	TLR2	0.982
HSP90AA1	TLR4	0.987
HSP90AA1	TNF	0.599
HSP90AA1	TOMM20	0.693
HSP90AA1	TP53	0.999
HSP90AA1	TRAF2	0.457
HSP90AA1	TXN	0.724
HSP90AA1	UCHL1	0.9
HSP90AA1	VCP	0.933
HSP90AA1	VDAC1	0.79
HSP90AA1	VDAC2	0.532
HSP90AA1	XBP1	0.586
HSP90AB1	HSPA1B	0.991
HSP90AB1	HSPA4	0.999
HSP90AB1	HSPA5	0.977
HSP90AB1	HSPA8	0.999
HSP90AB1	HSPA9	0.955
HSP90AB1	HSPB1	0.952
HSP90AB1	HSPB2	0.931
HSP90AB1	HSPB3	0.921
HSP90AB1	HTT	0.68
HSP90AB1	IFNG	0.507
HSP90AB1	IL10	0.458
HSP90AB1	IL1B	0.718
HSP90AB1	IL4	0.429
HSP90AB1	IL6	0.735
HSP90AB1	INS	0.548
HSP90AB1	ITPR1	0.5
HSP90AB1	JUN	0.752
HSP90AB1	KEAP1	0.933
HSP90AB1	LAMP1	0.406
HSP90AB1	LAMP2	0.829
HSP90AB1	LGALS3	0.613
HSP90AB1	LRRK2	0.942
HSP90AB1	MAP1LC3A	0.428
HSP90AB1	MAP1LC3B	0.609
HSP90AB1	MAP3K5	0.673
HSP90AB1	MAPK3	0.818
HSP90AB1	MAPT	0.938
HSP90AB1	MCL1	0.542
HSP90AB1	MFN2	0.556
HSP90AB1	MMP9	0.462
HSP90AB1	MTOR	0.998
HSP90AB1	NFE2L2	0.563
HSP90AB1	NFKB1	0.845
HSP90AB1	NFKBIA	0.534
HSP90AB1	NLRP3	0.986
HSP90AB1	NOS1	0.627
HSP90AB1	NOX1	0.791
HSP90AB1	NQO1	0.45
HSP90AB1	PARK7	0.717
HSP90AB1	PINK1	0.889
HSP90AB1	PPARA	0.654
HSP90AB1	PPARG	0.712
HSP90AB1	PPARGC1A	0.432
HSP90AB1	PPIF	0.982
HSP90AB1	PRDX1	0.801
HSP90AB1	PRDX3	0.404
HSP90AB1	PRKN	0.785
HSP90AB1	PRNP	0.675
HSP90AB1	PSMD4	0.639
HSP90AB1	PTEN	0.665
HSP90AB1	PTGS2	0.442
HSP90AB1	PXDN	0.618
HSP90AB1	PXDNL	0.615
HSP90AB1	RET	0.536
HSP90AB1	RIPK1	0.972
HSP90AB1	RIPK3	0.964
HSP90AB1	SIRT1	0.688
HSP90AB1	SNCA	0.526
HSP90AB1	SOD1	0.769
HSP90AB1	SOD2	0.5
HSP90AB1	SOD2-2	0.495
HSP90AB1	SQSTM1	0.664
HSP90AB1	SRC	0.995
HSP90AB1	STAT3	0.89
HSP90AB1	STUB1	0.999
HSP90AB1	TARDBP	0.535
HSP90AB1	TGFB1	0.433
HSP90AB1	TLR2	0.982
HSP90AB1	TLR4	0.988
HSP90AB1	TNF	0.594
HSP90AB1	TOMM20	0.543
HSP90AB1	TP53	0.995
HSP90AB1	TRAF2	0.749
HSP90AB1	TXN	0.713
HSP90AB1	UCHL1	0.804
HSP90AB1	VCP	0.906
HSP90AB1	VDAC1	0.817
HSP90AB1	VDAC2	0.53
HSP90AB1	XBP1	0.587
HSPA1B	HSPA4	0.939
HSPA1B	HSPA5	0.882
HSPA1B	HSPA8	0.947
HSPA1B	HSPA9	0.802
HSPA1B	HSPB1	0.939
HSPA1B	HSPB2	0.9
HSPA1B	HSPB3	0.89
HSPA1B	HTT	0.629
HSPA1B	IL10	0.423
HSPA1B	IL1B	0.492
HSPA1B	IL6	0.552
HSPA1B	INS	0.563
HSPA1B	JUN	0.588
HSPA1B	LRRK2	0.569
HSPA1B	MAP1LC3A	0.504
HSPA1B	MAP1LC3B	0.529
HSPA1B	MAP3K5	0.444
HSPA1B	MAPK3	0.467
HSPA1B	MAPK8	0.925
HSPA1B	MAPT	0.81
HSPA1B	MCL1	0.479
HSPA1B	NFKB1	0.494
HSPA1B	NFKBIA	0.601
HSPA1B	NQO1	0.588
HSPA1B	PINK1	0.433
HSPA1B	PRDX1	0.661
HSPA1B	PRKN	0.768
HSPA1B	PTEN	0.52
HSPA1B	PXDN	0.41
HSPA1B	PXDNL	0.404
HSPA1B	SIRT1	0.729
HSPA1B	SNCA	0.758
HSPA1B	SOD1	0.453
HSPA1B	SOD2	0.458
HSPA1B	SOD2-2	0.452
HSPA1B	SQSTM1	0.431
HSPA1B	STAT3	0.616
HSPA1B	STUB1	0.979
HSPA1B	TLR2	0.998
HSPA1B	TLR4	0.941
HSPA1B	TNF	0.773
HSPA1B	TP53	0.971
HSPA1B	TXN	0.627
HSPA1B	VCP	0.639
HSPA1B	VDAC2	0.544
HSPA1B	XBP1	0.637
HSPA4	HSPA5	0.915
HSPA4	HSPA8	0.999
HSPA4	HSPA9	0.955
HSPA4	HSPB1	0.992
HSPA4	HSPB2	0.988
HSPA4	HSPB3	0.988
HSPA4	HTRA2	0.475
HSPA4	HTT	0.958
HSPA4	ICAM1	0.632
HSPA4	IFNG	0.585
HSPA4	IL10	0.677
HSPA4	IL1A	0.456
HSPA4	IL1B	0.776
HSPA4	IL4	0.437
HSPA4	IL6	0.79
HSPA4	INS	0.542
HSPA4	JUN	0.765
HSPA4	KEAP1	0.43
HSPA4	LAMP1	0.643
HSPA4	LAMP2	0.79
HSPA4	LRRK2	0.816
HSPA4	MAP1LC3A	0.412
HSPA4	MAP1LC3B	0.598
HSPA4	MAP3K5	0.558
HSPA4	MAPK3	0.612
HSPA4	MAPK8	0.437
HSPA4	MAPT	0.957
HSPA4	MBP	0.703
HSPA4	MCL1	0.72
HSPA4	MMP9	0.481
HSPA4	MTOR	0.748
HSPA4	NFE2L2	0.482
HSPA4	NFKB1	0.857
HSPA4	NFKBIA	0.62
HSPA4	NGF	0.433
HSPA4	NOS1	0.51
HSPA4	NQO1	0.582
HSPA4	PARK7	0.953
HSPA4	PINK1	0.847
HSPA4	PPARG	0.433
HSPA4	PPARGC1A	0.431
HSPA4	PPIF	0.437
HSPA4	PRDX1	0.529
HSPA4	PRDX3	0.491
HSPA4	PRKN	0.971
HSPA4	PRNP	0.833
HSPA4	PSMD4	0.703
HSPA4	PTEN	0.654
HSPA4	PTGS2	0.591
HSPA4	PXDN	0.668
HSPA4	PXDNL	0.663
HSPA4	RAB29	0.547
HSPA4	RET	0.424
HSPA4	S100B	0.636
HSPA4	SCARB2	0.593
HSPA4	SDHB	0.437
HSPA4	SIRT1	0.672
HSPA4	SIRT3	0.541
HSPA4	SLC1A2	0.541
HSPA4	SLC6A3	0.54
HSPA4	SNCA	0.994
HSPA4	SNCAIP	0.671
HSPA4	SOD1	0.963
HSPA4	SOD2	0.582
HSPA4	SOD2-2	0.582
HSPA4	SQSTM1	0.642
HSPA4	SRC	0.858
HSPA4	STAT3	0.688
HSPA4	STUB1	0.999
HSPA4	TAC1	0.499
HSPA4	TARDBP	0.92
HSPA4	TFAM	0.416
HSPA4	TFRC	0.611
HSPA4	TGFB1	0.447
HSPA4	TLR2	0.992
HSPA4	TLR4	0.996
HSPA4	TNF	0.79
HSPA4	TOMM20	0.513
HSPA4	TP53	0.997
HSPA4	TRAF2	0.589
HSPA4	TRAF6	0.946
HSPA4	TXN	0.645
HSPA4	UCHL1	0.565
HSPA4	VCP	0.867
HSPA4	VDAC1	0.634
HSPA4	XBP1	0.583
HSPA5	HSPA8	0.983
HSPA5	HSPA9	0.883
HSPA5	HSPB1	0.801
HSPA5	HSPB2	0.748
HSPA5	HSPB3	0.743
HSPA5	HTRA2	0.412
HSPA5	HTT	0.635
HSPA5	ICAM1	0.448
HSPA5	IFNG	0.419
HSPA5	IL1B	0.731
HSPA5	IL6	0.736
HSPA5	INS	0.678
HSPA5	ITPR1	0.782
HSPA5	JUN	0.671
HSPA5	KEAP1	0.424
HSPA5	LAMP1	0.54
HSPA5	LAMP2	0.4
HSPA5	LRRK2	0.438
HSPA5	MAP1A	0.459
HSPA5	MAP1LC3A	0.527
HSPA5	MAP1LC3B	0.667
HSPA5	MAP1S	0.4
HSPA5	MAP3K5	0.723
HSPA5	MAPK3	0.641
HSPA5	MAPK8	0.541
HSPA5	MAPT	0.628
HSPA5	MCL1	0.495
HSPA5	MFN2	0.505
HSPA5	MMP9	0.413
HSPA5	MTOR	0.52
HSPA5	NFE2L2	0.583
HSPA5	NFKB1	0.704
HSPA5	NFKBIA	0.711
HSPA5	NOX4	0.412
HSPA5	NQO1	0.415
HSPA5	PARK7	0.635
HSPA5	PIK3C3	0.865
HSPA5	PINK1	0.426
HSPA5	PPARA	0.438
HSPA5	PPARG	0.481
HSPA5	PPARGC1A	0.418
HSPA5	PPIF	0.435
HSPA5	PRDX1	0.62
HSPA5	PRDX3	0.491
HSPA5	PRKN	0.479
HSPA5	PRNP	0.954
HSPA5	PTEN	0.607
HSPA5	PTGS2	0.411
HSPA5	PXDN	0.66
HSPA5	PXDNL	0.659
HSPA5	RIPK1	0.459
HSPA5	RIPK3	0.4
HSPA5	SDHB	0.402
HSPA5	SIRT1	0.513
HSPA5	SNCA	0.947
HSPA5	SOD1	0.975
HSPA5	SOD2	0.504
HSPA5	SOD2-2	0.5
HSPA5	SQSTM1	0.946
HSPA5	SRC	0.492
HSPA5	STAT3	0.681
HSPA5	STUB1	0.618
HSPA5	SYN1	0.442
HSPA5	SYP	0.467
HSPA5	TARDBP	0.443
HSPA5	TFAM	0.942
HSPA5	TFRC	0.572
HSPA5	TGFB1	0.453
HSPA5	TLR4	0.47
HSPA5	TNF	0.663
HSPA5	TP53	0.824
HSPA5	TRAF2	0.664
HSPA5	TXN	0.724
HSPA5	UCHL1	0.446
HSPA5	VCP	0.944
HSPA5	VDAC1	0.813
HSPA5	VDAC2	0.73
HSPA5	XBP1	0.98
HSPA8	HSPA9	0.947
HSPA8	HSPB1	0.988
HSPA8	HSPB2	0.937
HSPA8	HSPB3	0.903
HSPA8	HTT	0.921
HSPA8	IL1B	0.517
HSPA8	IL4	0.491
HSPA8	INS	0.622
HSPA8	JUN	0.503
HSPA8	LAMP1	0.683
HSPA8	LAMP2	0.949
HSPA8	LRRK2	0.936
HSPA8	MAP1LC3A	0.573
HSPA8	MAP1LC3B	0.667
HSPA8	MAPK3	0.525
HSPA8	MAPK8	0.932
HSPA8	MAPT	0.948
HSPA8	MCL1	0.684
HSPA8	MTOR	0.43
HSPA8	NFKB1	0.476
HSPA8	NFKBIA	0.708
HSPA8	PARK7	0.794
HSPA8	PIK3C3	0.456
HSPA8	PINK1	0.483
HSPA8	PRDX1	0.812
HSPA8	PRDX3	0.424
HSPA8	PRKN	0.901
HSPA8	PRNP	0.421
HSPA8	PSMD4	0.513
HSPA8	PXDN	0.53
HSPA8	PXDNL	0.526
HSPA8	RAB29	0.426
HSPA8	S100B	0.554
HSPA8	SDHB	0.4
HSPA8	SIRT1	0.669
HSPA8	SLC18A2	0.503
HSPA8	SLC6A3	0.482
HSPA8	SNCA	0.987
HSPA8	SOD1	0.87
HSPA8	SQSTM1	0.6
HSPA8	SRC	0.451
HSPA8	STAT3	0.534
HSPA8	STUB1	0.999
HSPA8	TARDBP	0.758
HSPA8	TFEB	0.447
HSPA8	TFRC	0.969
HSPA8	TH	0.524
HSPA8	TLR2	0.953
HSPA8	TLR4	0.555
HSPA8	TNF	0.55
HSPA8	TP53	0.987
HSPA8	TRAF2	0.403
HSPA8	TRAF6	0.631
HSPA8	TXN	0.578
HSPA8	UCHL1	0.924
HSPA8	VCP	0.92
HSPA8	VDAC1	0.536
HSPA8	XBP1	0.645
HSPA9	HSPB1	0.845
HSPA9	HSPB2	0.789
HSPA9	HSPB3	0.777
HSPA9	HTRA2	0.491
HSPA9	ITPR1	0.995
HSPA9	LRRK2	0.628
HSPA9	MAP1LC3B	0.474
HSPA9	MAPT	0.432
HSPA9	MFN1	0.941
HSPA9	MFN2	0.941
HSPA9	NDUFA9	0.517
HSPA9	NDUFS1	0.517
HSPA9	NFKBIA	0.476
HSPA9	OPA1	0.451
HSPA9	PARK7	0.992
HSPA9	PINK1	0.725
HSPA9	PPIF	0.932
HSPA9	PRDX1	0.549
HSPA9	PRDX3	0.57
HSPA9	PRKN	0.807
HSPA9	SDHB	0.88
HSPA9	SIRT3	0.427
HSPA9	SNCA	0.72
HSPA9	SOD1	0.57
HSPA9	SOD2	0.684
HSPA9	SOD2-2	0.677
HSPA9	STUB1	0.677
HSPA9	TFAM	0.498
HSPA9	TLR2	0.914
HSPA9	TLR4	0.917
HSPA9	TOMM20	0.881
HSPA9	TP53	0.998
HSPA9	TXN	0.691
HSPA9	VCP	0.65
HSPA9	VDAC1	0.998
HSPA9	VDAC2	0.592
HSPA9	XBP1	0.442
HSPB1	HTT	0.427
HSPB1	IL10	0.419
HSPB1	IL1B	0.506
HSPB1	IL6	0.542
HSPB1	INS	0.57
HSPB1	JUN	0.594
HSPB1	LRRK2	0.671
HSPB1	MAP1LC3B	0.449
HSPB1	MAP3K5	0.432
HSPB1	MAPK3	0.607
HSPB1	MAPK8	0.452
HSPB1	MAPT	0.707
HSPB1	MCL1	0.401
HSPB1	NEFL	0.54
HSPB1	NFKB1	0.436
HSPB1	NFKBIA	0.724
HSPB1	PARK7	0.416
HSPB1	PRDX1	0.497
HSPB1	PRKCA	0.444
HSPB1	PTEN	0.402
HSPB1	PXDN	0.541
HSPB1	PXDNL	0.537
HSPB1	SLC1A2	0.601
HSPB1	SNCA	0.853
HSPB1	SOD1	0.666
HSPB1	SOD2	0.418
HSPB1	SOD2-2	0.423
HSPB1	SRC	0.678
HSPB1	STAT3	0.797
HSPB1	STUB1	0.804
HSPB1	TARDBP	0.429
HSPB1	TGFB1	0.444
HSPB1	TLR4	0.415
HSPB1	TNF	0.65
HSPB1	TP53	0.955
HSPB1	TXN	0.407
HSPB1	VCP	0.613
HSPB2	HSPB3	0.959
HSPB2	IL10	0.412
HSPB2	IL1B	0.491
HSPB2	IL6	0.516
HSPB2	JUN	0.574
HSPB2	MAPK3	0.596
HSPB2	MAPK8	0.442
HSPB2	NEFL	0.527
HSPB2	NFKB1	0.406
HSPB2	NFKBIA	0.678
HSPB2	PXDN	0.48
HSPB2	PXDNL	0.484
HSPB2	SLC1A2	0.556
HSPB2	SNCA	0.736
HSPB2	SOD1	0.617
HSPB2	SRC	0.665
HSPB2	STAT3	0.7
HSPB2	STUB1	0.761
HSPB2	TNF	0.654
HSPB2	TP53	0.733
HSPB2	TRAF6	0.411
HSPB2	VCP	0.514
HSPB3	IFNG	0.438
HSPB3	IL10	0.458
HSPB3	IL1B	0.582
HSPB3	IL6	0.549
HSPB3	INS	0.99
HSPB3	JUN	0.576
HSPB3	LAMP2	0.453
HSPB3	MAPK3	0.584
HSPB3	MAPK8	0.431
HSPB3	MMP9	0.405
HSPB3	NEFL	0.437
HSPB3	NFKB1	0.444
HSPB3	NFKBIA	0.686
HSPB3	NLRP3	0.507
HSPB3	PXDN	0.48
HSPB3	PXDNL	0.48
HSPB3	PYCARD	0.478
HSPB3	SLC1A2	0.491
HSPB3	SNCA	0.641
HSPB3	SOD1	0.61
HSPB3	SRC	0.665
HSPB3	STAT3	0.716
HSPB3	STUB1	0.76
HSPB3	TGFB1	0.412
HSPB3	TLR4	0.445
HSPB3	TNF	0.572
HSPB3	TP53	0.733
HSPB3	VCP	0.528
HTRA2	LRRK2	0.627
HTRA2	MAPK3	0.431
HTRA2	MCL1	0.458
HTRA2	MFN1	0.427
HTRA2	MFN2	0.482
HTRA2	OPA1	0.728
HTRA2	PARK7	0.722
HTRA2	PINK1	0.994
HTRA2	PLA2G6	0.753
HTRA2	PPIF	0.471
HTRA2	PRKN	0.871
HTRA2	PSEN1	0.849
HTRA2	SNCA	0.719
HTRA2	SOD2	0.533
HTRA2	SOD2-2	0.466
HTRA2	TARDBP	0.509
HTRA2	TMEM230	0.551
HTRA2	TNF	0.822
HTRA2	TP53	0.433
HTRA2	TRAF2	0.866
HTRA2	TRAF6	0.576
HTRA2	UCHL1	0.722
HTRA2	VCP	0.41
HTRA2	VDAC1	0.472
HTRA2	VPS35	0.644
HTT	INS	0.598
HTT	ITPR1	0.995
HTT	JUN	0.699
HTT	LRRK2	0.704
HTT	MAOB	0.429
HTT	MAP1A	0.452
HTT	MAP1B	0.452
HTT	MAP1LC3A	0.516
HTT	MAP1LC3B	0.655
HTT	MAP1S	0.44
HTT	MAPK3	0.47
HTT	MAPK8	0.93
HTT	MAPT	0.715
HTT	MFN1	0.441
HTT	MFN2	0.513
HTT	MTOR	0.818
HTT	NDUFA9	0.434
HTT	NDUFS1	0.4
HTT	NEFL	0.496
HTT	NFKB1	0.664
HTT	NGF	0.487
HTT	NTRK2	0.645
HTT	OPTN	0.997
HTT	PARK7	0.656
HTT	PIK3C3	0.49
HTT	PINK1	0.66
HTT	PPARG	0.802
HTT	PPARGC1A	0.982
HTT	PRKN	0.817
HTT	PRNP	0.84
HTT	PSEN1	0.795
HTT	PSEN2	0.572
HTT	PSMD4	0.799
HTT	PXDN	0.43
HTT	PXDNL	0.428
HTT	RBFOX3	0.517
HTT	SDHB	0.927
HTT	SIRT1	0.54
HTT	SIRT3	0.408
HTT	SLC1A2	0.584
HTT	SNCA	0.989
HTT	SNCAIP	0.454
HTT	SOD1	0.855
HTT	SOD2	0.508
HTT	SOD2-2	0.507
HTT	SQSTM1	0.919
HTT	STUB1	0.738
HTT	SYN1	0.487
HTT	SYP	0.576
HTT	TARDBP	0.905
HTT	TFEB	0.505
HTT	TH	0.48
HTT	TNF	0.635
HTT	TP53	0.998
HTT	TRAF6	0.442
HTT	VCP	0.901
HTT	VDAC1	0.57
HTT	VDAC2	0.433
ICAM1	IFNG	0.902
ICAM1	IL10	0.873
ICAM1	IL18	0.673
ICAM1	IL1A	0.807
ICAM1	IL1B	0.912
ICAM1	IL4	0.811
ICAM1	IL6	0.947
ICAM1	INS	0.668
ICAM1	JUN	0.655
ICAM1	KEAP1	0.454
ICAM1	LAMP1	0.637
ICAM1	LAMP2	0.529
ICAM1	LGALS3	0.672
ICAM1	MAPK3	0.589
ICAM1	MAPK8	0.437
ICAM1	MMP9	0.791
ICAM1	MPO	0.769
ICAM1	MRC1	0.522
ICAM1	MTOR	0.413
ICAM1	NFE2L2	0.504
ICAM1	NFKB1	0.903
ICAM1	NFKBIA	0.797
ICAM1	NGF	0.426
ICAM1	NLRP3	0.549
ICAM1	NOX1	0.453
ICAM1	NOX4	0.553
ICAM1	PPARA	0.521
ICAM1	PPARG	0.636
ICAM1	PTEN	0.406
ICAM1	PTGS2	0.835
ICAM1	PXDN	0.639
ICAM1	PXDNL	0.633
ICAM1	SCARB2	0.811
ICAM1	SIRT1	0.494
ICAM1	SOD2	0.502
ICAM1	SOD2-2	0.426
ICAM1	SRC	0.643
ICAM1	STAT3	0.832
ICAM1	TFRC	0.679
ICAM1	TGFB1	0.73
ICAM1	TLR2	0.714
ICAM1	TLR4	0.768
ICAM1	TNF	0.944
ICAM1	TP53	0.722
ICAM1	TRAF6	0.455
ICAM1	XDH	0.501
IFNG	IL10	0.995
IFNG	IL18	0.949
IFNG	IL1A	0.971
IFNG	IL1B	0.998
IFNG	IL4	0.99
IFNG	IL6	0.983
IFNG	INS	0.813
IFNG	JUN	0.711
IFNG	KEAP1	0.459
IFNG	LAMP1	0.803
IFNG	LGALS3	0.844
IFNG	MAPK3	0.846
IFNG	MAPK8	0.658
IFNG	MAPT	0.473
IFNG	MBP	0.667
IFNG	MCL1	0.458
IFNG	MMP9	0.751
IFNG	MPO	0.789
IFNG	MRC1	0.79
IFNG	MTOR	0.61
IFNG	NEFL	0.551
IFNG	NFE2L2	0.515
IFNG	NFKB1	0.932
IFNG	NFKBIA	0.714
IFNG	NGF	0.607
IFNG	NLRP3	0.669
IFNG	NOS1	0.448
IFNG	NOX4	0.406
IFNG	PPARA	0.574
IFNG	PPARG	0.671
IFNG	PTEN	0.596
IFNG	PTGS2	0.816
IFNG	PXDN	0.782
IFNG	PXDNL	0.782
IFNG	PYCARD	0.438
IFNG	RIPK1	0.454
IFNG	RIPK3	0.439
IFNG	S100B	0.474
IFNG	SCARB2	0.597
IFNG	SIRT1	0.596
IFNG	SNCA	0.431
IFNG	SOD1	0.424
IFNG	SRC	0.607
IFNG	STAT3	0.907
IFNG	TAC1	0.509
IFNG	TFRC	0.604
IFNG	TGFB1	0.888
IFNG	TLR2	0.918
IFNG	TLR4	0.946
IFNG	TNF	0.991
IFNG	TP53	0.834
IFNG	TRAF6	0.831
IFNG	TREM2	0.705
IFNG	TXN	0.503
IFNG	UCHL1	0.463
IFNG	VDAC1	0.467
IFNG	XBP1	0.461
IFNG	XDH	0.423
IL10	IL18	0.955
IL10	IL1A	0.971
IL10	IL1B	0.991
IL10	IL4	0.986
IL10	IL6	0.997
IL10	INS	0.819
IL10	JUN	0.677
IL10	KEAP1	0.461
IL10	LAMP1	0.58
IL10	LGALS3	0.641
IL10	MAPK3	0.624
IL10	MAPK8	0.626
IL10	MBP	0.606
IL10	MCL1	0.524
IL10	MMP9	0.881
IL10	MPO	0.771
IL10	MRC1	0.856
IL10	MTOR	0.74
IL10	NEFL	0.575
IL10	NFE2L2	0.567
IL10	NFKB1	0.877
IL10	NFKBIA	0.72
IL10	NGF	0.662
IL10	NLRP3	0.69
IL10	NOS1	0.406
IL10	NQO1	0.401
IL10	PPARA	0.634
IL10	PPARG	0.733
IL10	PPARGC1A	0.445
IL10	PTEN	0.717
IL10	PTGS2	0.789
IL10	PXDN	0.72
IL10	PXDNL	0.72
IL10	RBFOX3	0.447
IL10	S100B	0.479
IL10	SCARB2	0.629
IL10	SIRT1	0.575
IL10	SNCA	0.454
IL10	SOD1	0.467
IL10	SOD2	0.436
IL10	SOD2-2	0.407
IL10	SRC	0.583
IL10	STAT3	0.968
IL10	TAC1	0.512
IL10	TARDBP	0.519
IL10	TFRC	0.511
IL10	TGFB1	0.932
IL10	TH	0.49
IL10	TLR2	0.956
IL10	TLR4	0.943
IL10	TNF	0.992
IL10	TP53	0.756
IL10	TRAF6	0.653
IL10	TREM2	0.542
IL10	UCP2	0.412
IL10	XBP1	0.444
IL10	XDH	0.414
IL18	IL1A	0.997
IL18	IL1B	0.99
IL18	IL4	0.897
IL18	IL6	0.97
IL18	INS	0.721
IL18	JUN	0.952
IL18	LAMP1	0.541
IL18	MAPK3	0.645
IL18	MAPK8	0.414
IL18	MMP9	0.615
IL18	MPO	0.583
IL18	MRC1	0.687
IL18	MTOR	0.489
IL18	NFE2L2	0.474
IL18	NFKB1	0.979
IL18	NFKBIA	0.584
IL18	NGF	0.476
IL18	NLRP3	0.946
IL18	NOX4	0.451
IL18	NTRK2	0.447
IL18	PPARA	0.402
IL18	PPARG	0.533
IL18	PTGS2	0.714
IL18	PXDN	0.507
IL18	PXDNL	0.507
IL18	PYCARD	0.993
IL18	RET	0.443
IL18	RIPK1	0.512
IL18	RIPK3	0.533
IL18	SCARB2	0.478
IL18	SIRT1	0.475
IL18	SRC	0.405
IL18	STAT3	0.806
IL18	TGFB1	0.628
IL18	TLR2	0.847
IL18	TLR4	0.908
IL18	TNF	0.961
IL18	TP53	0.507
IL18	TRAF6	0.732
IL18	TREM2	0.528
IL18	TXN	0.466
IL1A	IL1B	0.999
IL1A	IL4	0.995
IL1A	IL6	0.989
IL1A	INS	0.732
IL1A	JUN	0.944
IL1A	LGALS3	0.455
IL1A	MAPK3	0.716
IL1A	MAPK8	0.643
IL1A	MMP9	0.734
IL1A	MPO	0.715
IL1A	MRC1	0.596
IL1A	MTOR	0.507
IL1A	NFE2L2	0.491
IL1A	NFKB1	0.946
IL1A	NFKBIA	0.839
IL1A	NGF	0.608
IL1A	NLRP3	0.845
IL1A	NOS1	0.417
IL1A	PPARA	0.473
IL1A	PPARG	0.588
IL1A	PTEN	0.445
IL1A	PTGS2	0.823
IL1A	PXDN	0.606
IL1A	PXDNL	0.606
IL1A	PYCARD	0.791
IL1A	RIPK1	0.507
IL1A	RIPK3	0.42
IL1A	S100B	0.433
IL1A	SCARB2	0.507
IL1A	SIRT1	0.447
IL1A	SOD1	0.42
IL1A	SOD2	0.648
IL1A	SOD2-2	0.635
IL1A	SRC	0.517
IL1A	STAT3	0.861
IL1A	TAC1	0.801
IL1A	TFRC	0.651
IL1A	TGFB1	0.764
IL1A	TLR2	0.87
IL1A	TLR4	0.974
IL1A	TNF	0.994
IL1A	TP53	0.657
IL1A	TRAF6	0.956
IL1A	TREM2	0.478
IL1A	TXN	0.402
IL1A	XDH	0.427
IL1B	IL4	0.998
IL1B	IL6	0.996
IL1B	INS	0.896
IL1B	JUN	0.987
IL1B	KEAP1	0.622
IL1B	LAMP1	0.545
IL1B	LAMP2	0.4
IL1B	LGALS3	0.655
IL1B	MAOA	0.446
IL1B	MAOB	0.454
IL1B	MAP1A	0.416
IL1B	MAP1LC3A	0.404
IL1B	MAP1LC3B	0.542
IL1B	MAP2	0.417
IL1B	MAP3K5	0.522
IL1B	MAPK3	0.86
IL1B	MAPK8	0.845
IL1B	MAPT	0.518
IL1B	MBP	0.589
IL1B	MCL1	0.525
IL1B	MMP9	0.949
IL1B	MPO	0.86
IL1B	MRC1	0.812
IL1B	MTOR	0.667
IL1B	NFE2L2	0.749
IL1B	NFKB1	0.996
IL1B	NFKBIA	0.945
IL1B	NGF	0.728
IL1B	NLRP3	0.997
IL1B	NOS1	0.613
IL1B	NOX1	0.605
IL1B	NOX4	0.637
IL1B	NQO1	0.626
IL1B	NR4A2	0.403
IL1B	NTRK2	0.476
IL1B	PINK1	0.453
IL1B	PPARA	0.711
IL1B	PPARG	0.858
IL1B	PPARGC1A	0.613
IL1B	PRKCA	0.459
IL1B	PRKN	0.404
IL1B	PSEN1	0.581
IL1B	PSEN2	0.409
IL1B	PTEN	0.738
IL1B	PTGS2	0.974
IL1B	PXDN	0.812
IL1B	PXDNL	0.812
IL1B	PYCARD	0.989
IL1B	RBFOX3	0.615
IL1B	RIPK1	0.636
IL1B	RIPK3	0.66
IL1B	S100B	0.6
IL1B	SCARB2	0.712
IL1B	SIRT1	0.719
IL1B	SIRT3	0.479
IL1B	SLC1A2	0.513
IL1B	SNCA	0.626
IL1B	SOD1	0.645
IL1B	SOD2	0.806
IL1B	SOD2-2	0.753
IL1B	SQSTM1	0.691
IL1B	SRC	0.653
IL1B	STAT3	0.938
IL1B	SYP	0.511
IL1B	TAC1	0.694
IL1B	TFAM	0.414
IL1B	TFEB	0.43
IL1B	TFRC	0.684
IL1B	TGFB1	0.932
IL1B	TH	0.661
IL1B	TLR2	0.969
IL1B	TLR4	0.986
IL1B	TNF	0.998
IL1B	TP53	0.718
IL1B	TRAF2	0.48
IL1B	TRAF6	0.981
IL1B	TREM2	0.668
IL1B	TXN	0.685
IL1B	UCP2	0.542
IL1B	XBP1	0.709
IL1B	XDH	0.615
IL4	IL6	0.986
IL4	INS	0.683
IL4	JUN	0.608
IL4	LAMP1	0.532
IL4	LGALS3	0.512
IL4	MAOA	0.803
IL4	MAPK3	0.587
IL4	MAPK8	0.418
IL4	MBP	0.574
IL4	MMP9	0.687
IL4	MPO	0.601
IL4	MRC1	0.874
IL4	MTOR	0.744
IL4	NEFL	0.514
IL4	NFE2L2	0.568
IL4	NFKB1	0.8
IL4	NFKBIA	0.588
IL4	NGF	0.585
IL4	NLRP3	0.546
IL4	PPARA	0.442
IL4	PPARG	0.681
IL4	PTEN	0.457
IL4	PTGS2	0.764
IL4	PXDN	0.67
IL4	PXDNL	0.671
IL4	SCARB2	0.571
IL4	SIRT1	0.403
IL4	SRC	0.509
IL4	STAT3	0.92
IL4	TAC1	0.482
IL4	TFRC	0.479
IL4	TGFB1	0.852
IL4	TLR2	0.834
IL4	TLR4	0.869
IL4	TNF	0.977
IL4	TP53	0.718
IL4	TRAF6	0.53
IL4	TREM2	0.512
IL4	TXN	0.572
IL6	INS	0.933
IL6	JUN	0.989
IL6	KEAP1	0.617
IL6	LAMP1	0.531
IL6	LGALS3	0.768
IL6	MAOA	0.473
IL6	MAOB	0.451
IL6	MAP1LC3B	0.508
IL6	MAP3K5	0.509
IL6	MAPK3	0.905
IL6	MAPK8	0.938
IL6	MAPT	0.448
IL6	MBP	0.659
IL6	MCL1	0.637
IL6	MFN2	0.424
IL6	MMP9	0.959
IL6	MPO	0.872
IL6	MRC1	0.782
IL6	MTOR	0.772
IL6	NEFL	0.445
IL6	NFE2L2	0.812
IL6	NFKB1	0.994
IL6	NFKBIA	0.927
IL6	NGF	0.747
IL6	NLRP3	0.86
IL6	NOS1	0.698
IL6	NOX1	0.575
IL6	NOX4	0.635
IL6	NQO1	0.613
IL6	NR4A2	0.426
IL6	NTRK2	0.452
IL6	PPARA	0.722
IL6	PPARG	0.82
IL6	PPARGC1A	0.67
IL6	PRKCA	0.466
IL6	PSEN1	0.442
IL6	PTEN	0.681
IL6	PTGS2	0.96
IL6	PXDN	0.825
IL6	PXDNL	0.821
IL6	PYCARD	0.557
IL6	RBFOX3	0.559
IL6	RIPK1	0.529
IL6	RIPK3	0.455
IL6	S100B	0.621
IL6	SCARB2	0.709
IL6	SIRT1	0.726
IL6	SIRT3	0.465
IL6	SLC1A2	0.444
IL6	SLC40A1	0.446
IL6	SNCA	0.569
IL6	SOD1	0.584
IL6	SOD2	0.654
IL6	SOD2-2	0.608
IL6	SQSTM1	0.449
IL6	SRC	0.787
IL6	STAT3	0.984
IL6	STUB1	0.407
IL6	SYP	0.401
IL6	TAC1	0.666
IL6	TFAM	0.428
IL6	TFRC	0.616
IL6	TGFB1	0.96
IL6	TH	0.515
IL6	TLR2	0.942
IL6	TLR4	0.973
IL6	TNF	0.994
IL6	TP53	0.777
IL6	TRAF2	0.403
IL6	TRAF6	0.825
IL6	TREM2	0.663
IL6	TXN	0.547
IL6	UCHL1	0.4
IL6	UCP2	0.478
IL6	XBP1	0.612
IL6	XDH	0.607
INS	ITPR1	0.687
INS	JUN	0.741
INS	KEAP1	0.502
INS	LAMP1	0.424
INS	LGALS3	0.472
INS	MAOA	0.506
INS	MAOB	0.473
INS	MAP1A	0.407
INS	MAP1LC3B	0.478
INS	MAP2	0.425
INS	MAP3K5	0.474
INS	MAPK3	0.813
INS	MAPK8	0.74
INS	MAPT	0.505
INS	MBP	0.512
INS	MFN1	0.407
INS	MFN2	0.528
INS	MMP9	0.655
INS	MPO	0.652
INS	MRC1	0.471
INS	MTOR	0.882
INS	NFE2L2	0.627
INS	NFKB1	0.875
INS	NFKBIA	0.605
INS	NGF	0.707
INS	NLRP3	0.469
INS	NOS1	0.508
INS	NOX1	0.443
INS	NOX4	0.594
INS	NQO1	0.447
INS	NTRK2	0.801
INS	PIK3C3	0.434
INS	PINK1	0.418
INS	PPARA	0.898
INS	PPARG	0.944
INS	PPARGC1A	0.93
INS	PRKCA	0.509
INS	PRNP	0.426
INS	PSEN1	0.447
INS	PTEN	0.869
INS	PTGS2	0.639
INS	PXDN	0.817
INS	PXDNL	0.817
INS	RAB10	0.611
INS	RBFOX3	0.445
INS	S100B	0.427
INS	SCARB2	0.722
INS	SDHB	0.448
INS	SIRT1	0.91
INS	SIRT3	0.582
INS	SLC6A3	0.454
INS	SNCA	0.896
INS	SOD1	0.511
INS	SOD2	0.554
INS	SOD2-2	0.553
INS	SQSTM1	0.445
INS	SRC	0.886
INS	STAT3	0.885
INS	STUB1	0.41
INS	SYN1	0.419
INS	SYP	0.745
INS	TAC1	0.727
INS	TARDBP	0.607
INS	TFAM	0.613
INS	TFEB	0.467
INS	TFRC	0.6
INS	TGFB1	0.758
INS	TH	0.725
INS	TLR2	0.569
INS	TLR4	0.71
INS	TNF	0.926
INS	TP53	0.879
INS	TRAF2	0.487
INS	TXN	0.847
INS	UCP2	0.814
INS	VDAC1	0.433
INS	XBP1	0.62
INS	XDH	0.58
ITPR1	LGALS3	0.474
ITPR1	MAPK3	0.524
ITPR1	MBP	0.425
ITPR1	MCL1	0.75
ITPR1	MFN1	0.541
ITPR1	MFN2	0.79
ITPR1	NOS1	0.923
ITPR1	NTRK2	0.462
ITPR1	PARK7	0.761
ITPR1	PIK3C3	0.409
ITPR1	PINK1	0.662
ITPR1	PPIF	0.967
ITPR1	PRKCA	0.937
ITPR1	PSEN1	0.94
ITPR1	PSEN2	0.954
ITPR1	PTEN	0.588
ITPR1	SRC	0.413
ITPR1	STAT3	0.548
ITPR1	TAC1	0.568
ITPR1	TP53	0.519
ITPR1	VCP	0.545
ITPR1	VDAC1	0.996
ITPR1	VDAC2	0.781
ITPR1	XBP1	0.512
JUN	KEAP1	0.594
JUN	LGALS3	0.456
JUN	MAP1A	0.451
JUN	MAP1B	0.454
JUN	MAP1LC3B	0.475
JUN	MAP3K5	0.858
JUN	MAPK3	0.987
JUN	MAPK8	0.999
JUN	MBP	0.473
JUN	MCL1	0.656
JUN	MMP9	0.866
JUN	MPO	0.467
JUN	MTOR	0.715
JUN	NFE2L2	0.92
JUN	NFKB1	0.994
JUN	NFKBIA	0.908
JUN	NGF	0.652
JUN	NLRP3	0.488
JUN	NOX1	0.491
JUN	NOX4	0.556
JUN	NQO1	0.522
JUN	NR4A2	0.623
JUN	NTRK2	0.473
JUN	PPARA	0.979
JUN	PPARG	0.849
JUN	PPARGC1A	0.7
JUN	PRDX1	0.582
JUN	PRKCA	0.57
JUN	PSEN1	0.408
JUN	PTEN	0.775
JUN	PTGS2	0.866
JUN	PXDN	0.74
JUN	PXDNL	0.735
JUN	RBFOX3	0.595
JUN	RIPK1	0.531
JUN	RIPK3	0.409
JUN	SCARB2	0.448
JUN	SDHB	0.473
JUN	SIRT1	0.927
JUN	SIRT3	0.402
JUN	SNCA	0.402
JUN	SOD1	0.476
JUN	SOD2	0.456
JUN	SOD2-2	0.452
JUN	SQSTM1	0.589
JUN	SRC	0.974
JUN	STAT3	0.995
JUN	STUB1	0.416
JUN	TFAM	0.447
JUN	TGFB1	0.722
JUN	TH	0.418
JUN	TLR2	0.611
JUN	TLR4	0.741
JUN	TNF	0.989
JUN	TP53	0.997
JUN	TRAF2	0.788
JUN	TRAF6	0.714
JUN	TXN	0.6
JUN	XBP1	0.673
JUN	XDH	0.466
KEAP1	MAP1LC3A	0.722
KEAP1	MAP1LC3B	0.93
KEAP1	MAP3K5	0.621
KEAP1	MAPK3	0.504
KEAP1	MAPK8	0.434
KEAP1	MMP9	0.405
KEAP1	MTOR	0.531
KEAP1	NFE2L2	0.999
KEAP1	NFKB1	0.733
KEAP1	NFKBIA	0.527
KEAP1	NLRP3	0.476
KEAP1	NOX1	0.487
KEAP1	NOX4	0.593
KEAP1	NQO1	0.953
KEAP1	OPTN	0.614
KEAP1	PARK7	0.915
KEAP1	PIK3C3	0.721
KEAP1	PINK1	0.654
KEAP1	PPARA	0.466
KEAP1	PPARG	0.566
KEAP1	PPARGC1A	0.53
KEAP1	PRDX1	0.595
KEAP1	PRKN	0.615
KEAP1	PSMD4	0.722
KEAP1	PTEN	0.59
KEAP1	PTGS2	0.539
KEAP1	PXDN	0.559
KEAP1	PXDNL	0.558
KEAP1	RIPK1	0.568
KEAP1	SIRT1	0.611
KEAP1	SIRT3	0.432
KEAP1	SNCA	0.55
KEAP1	SOD1	0.63
KEAP1	SOD2	0.602
KEAP1	SOD2-2	0.601
KEAP1	SQSTM1	0.999
KEAP1	SRC	0.406
KEAP1	STAT3	0.659
KEAP1	TFAM	0.429
KEAP1	TGFB1	0.446
KEAP1	TLR4	0.514
KEAP1	TNF	0.591
KEAP1	TP53	0.81
KEAP1	TRAF6	0.443
KEAP1	TXN	0.771
KEAP1	VCP	0.723
KEAP1	XDH	0.544
LAMP1	LAMP2	0.999
LAMP1	LGALS3	0.862
LAMP1	MAP1A	0.65
LAMP1	MAP1B	0.582
LAMP1	MAP1LC3A	0.697
LAMP1	MAP1LC3B	0.869
LAMP1	MAP1S	0.609
LAMP1	MAPK3	0.424
LAMP1	MBP	0.463
LAMP1	MFN2	0.422
LAMP1	MRC1	0.657
LAMP1	MTOR	0.997
LAMP1	PIK3C3	0.641
LAMP1	PINK1	0.596
LAMP1	PRKN	0.477
LAMP1	PSEN1	0.532
LAMP1	PXDN	0.623
LAMP1	PXDNL	0.623
LAMP1	RAB10	0.501
LAMP1	RBFOX3	0.423
LAMP1	SCARB2	0.647
LAMP1	SNCA	0.519
LAMP1	SOD1	0.479
LAMP1	SOD2	0.494
LAMP1	SOD2-2	0.485
LAMP1	SQSTM1	0.782
LAMP1	SRC	0.425
LAMP1	SYP	0.491
LAMP1	TFEB	0.769
LAMP1	TFRC	0.855
LAMP1	TLR2	0.43
LAMP1	TLR4	0.461
LAMP1	TNF	0.725
LAMP1	TOMM20	0.628
LAMP1	TP53	0.476
LAMP1	VCP	0.542
LAMP1	VDAC1	0.429
LAMP1	VPS35	0.788
LAMP2	LGALS3	0.753
LAMP2	LRRK2	0.479
LAMP2	MAP1A	0.63
LAMP2	MAP1B	0.593
LAMP2	MAP1LC3A	0.787
LAMP2	MAP1LC3B	0.784
LAMP2	MAP1S	0.608
LAMP2	MRC1	0.467
LAMP2	MTOR	0.758
LAMP2	PARK7	0.626
LAMP2	PIK3C3	0.635
LAMP2	PINK1	0.526
LAMP2	PRKN	0.433
LAMP2	PXDN	0.491
LAMP2	PXDNL	0.487
LAMP2	SCARB2	0.654
LAMP2	SNCA	0.712
LAMP2	SQSTM1	0.903
LAMP2	TFEB	0.694
LAMP2	TFRC	0.498
LAMP2	TLR2	0.506
LAMP2	TNF	0.571
LAMP2	TOMM20	0.477
LAMP2	TP53	0.436
LAMP2	UCHL1	0.704
LAMP2	VCP	0.469
LAMP2	VPS35	0.598
LGALS3	MAP1LC3A	0.508
LGALS3	MAPK3	0.526
LGALS3	MMP9	0.824
LGALS3	MPO	0.443
LGALS3	MRC1	0.541
LGALS3	NFKB1	0.619
LGALS3	PPARG	0.678
LGALS3	PTGS2	0.417
LGALS3	PXDN	0.546
LGALS3	PXDNL	0.542
LGALS3	SCARB2	0.646
LGALS3	SNCA	0.503
LGALS3	SOD1	0.41
LGALS3	SQSTM1	0.481
LGALS3	SRC	0.635
LGALS3	STAT3	0.449
LGALS3	TFRC	0.654
LGALS3	TGFB1	0.686
LGALS3	TLR2	0.948
LGALS3	TLR4	0.938
LGALS3	TNF	0.626
LGALS3	TP53	0.474
LGALS3	TREM2	0.821
LGALS3	TXN	0.435
LRRK2	MAOB	0.525
LRRK2	MAP1B	0.732
LRRK2	MAPK3	0.468
LRRK2	MAPT	0.932
LRRK2	MBP	0.92
LRRK2	MFN1	0.9
LRRK2	MFN2	0.737
LRRK2	MTOR	0.512
LRRK2	NEFL	0.484
LRRK2	NR4A2	0.45
LRRK2	OPA1	0.667
LRRK2	OPTN	0.478
LRRK2	PARK7	0.988
LRRK2	PINK1	0.955
LRRK2	PLA2G6	0.679
LRRK2	PPIF	0.431
LRRK2	PRDX3	0.725
LRRK2	PRKN	0.986
LRRK2	PRNP	0.53
LRRK2	PSEN1	0.566
LRRK2	PSEN2	0.5
LRRK2	PTEN	0.437
LRRK2	PTGS2	0.418
LRRK2	RAB10	0.768
LRRK2	RAB29	0.995
LRRK2	SLC18A2	0.507
LRRK2	SLC6A3	0.749
LRRK2	SNCA	0.986
LRRK2	SNCAIP	0.706
LRRK2	SNCB	0.618
LRRK2	SOD1	0.5
LRRK2	SQSTM1	0.811
LRRK2	STUB1	0.872
LRRK2	SYN1	0.559
LRRK2	TARDBP	0.794
LRRK2	TH	0.595
LRRK2	TLR4	0.442
LRRK2	TMEM230	0.592
LRRK2	TP53	0.738
LRRK2	TXN	0.445
LRRK2	UCHL1	0.844
LRRK2	VCP	0.577
LRRK2	VDAC1	0.668
LRRK2	VPS35	0.904
MAOA	MAOB	0.965
MAOA	MFN2	0.425
MAOA	NGF	0.418
MAOA	NOX4	0.562
MAOA	NTRK2	0.456
MAOA	PARK7	0.436
MAOA	PINK1	0.652
MAOA	PPARG	0.405
MAOA	PRKN	0.949
MAOA	PSEN1	0.578
MAOA	PTGS2	0.466
MAOA	PXDN	0.456
MAOA	PXDNL	0.454
MAOA	SIRT1	0.456
MAOA	SLC18A2	0.793
MAOA	SLC6A3	0.89
MAOA	SNCA	0.71
MAOA	STAT3	0.493
MAOA	TAC1	0.429
MAOA	TFRC	0.471
MAOA	TH	0.785
MAOA	TNF	0.409
MAOA	VDAC1	0.469
MAOA	XDH	0.605
MAOB	MAPT	0.528
MAOB	MFN2	0.453
MAOB	NGF	0.45
MAOB	NR4A2	0.508
MAOB	NTRK2	0.472
MAOB	PARK7	0.583
MAOB	PINK1	0.743
MAOB	PRKN	0.97
MAOB	PSEN1	0.411
MAOB	PTGS2	0.496
MAOB	PXDN	0.478
MAOB	PXDNL	0.478
MAOB	SIRT1	0.415
MAOB	SLC18A2	0.792
MAOB	SLC1A2	0.438
MAOB	SLC6A3	0.882
MAOB	SNCA	0.815
MAOB	SNCAIP	0.447
MAOB	SOD1	0.415
MAOB	STAT3	0.482
MAOB	SYP	0.407
MAOB	TAC1	0.444
MAOB	TARDBP	0.422
MAOB	TH	0.792
MAOB	TNF	0.422
MAOB	VDAC1	0.459
MAOB	XDH	0.602
MAP1A	MAP1LC3A	0.866
MAP1A	MAP1LC3B	0.968
MAP1A	MAP2	0.661
MAP1A	MAPT	0.522
MAP1A	MFN1	0.446
MAP1A	MFN2	0.483
MAP1A	MTOR	0.728
MAP1A	NFE2L2	0.416
MAP1A	OPTN	0.756
MAP1A	PIK3C3	0.72
MAP1A	PINK1	0.636
MAP1A	PPARGC1A	0.466
MAP1A	PRKN	0.571
MAP1A	PXDN	0.537
MAP1A	PXDNL	0.537
MAP1A	SIRT1	0.448
MAP1A	SNCA	0.482
MAP1A	SQSTM1	0.994
MAP1A	TARDBP	0.418
MAP1A	TFEB	0.602
MAP1A	TOMM20	0.447
MAP1A	TP53	0.476
MAP1B	MAP1LC3A	0.914
MAP1B	MAP1LC3B	0.971
MAP1B	MAP2	0.724
MAP1B	MAPK8	0.404
MAP1B	MAPT	0.752
MAP1B	MFN2	0.419
MAP1B	MTOR	0.696
MAP1B	NEFL	0.478
MAP1B	OPTN	0.654
MAP1B	PARK7	0.469
MAP1B	PIK3C3	0.668
MAP1B	PINK1	0.686
MAP1B	PRKN	0.479
MAP1B	PXDN	0.515
MAP1B	PXDNL	0.482
MAP1B	SNCA	0.639
MAP1B	SQSTM1	0.97
MAP1B	SYN1	0.677
MAP1B	SYP	0.552
MAP1B	TARDBP	0.543
MAP1B	TFEB	0.519
MAP1B	TNF	0.405
MAP1B	TP53	0.74
MAP1LC3A	MAP1LC3B	0.86
MAP1LC3A	MAP1S	0.934
MAP1LC3A	MCL1	0.583
MAP1LC3A	MFN1	0.7
MAP1LC3A	MFN2	0.724
MAP1LC3A	MTOR	0.654
MAP1LC3A	NFKB1	0.407
MAP1LC3A	OPTN	0.838
MAP1LC3A	PIK3C3	0.833
MAP1LC3A	PINK1	0.728
MAP1LC3A	PPARGC1A	0.414
MAP1LC3A	PRKN	0.5
MAP1LC3A	PSMD4	0.531
MAP1LC3A	PXDN	0.545
MAP1LC3A	PXDNL	0.514
MAP1LC3A	SIRT1	0.615
MAP1LC3A	SNCA	0.653
MAP1LC3A	SQSTM1	0.999
MAP1LC3A	TFEB	0.59
MAP1LC3A	TOMM20	0.54
MAP1LC3A	TP53	0.501
MAP1LC3A	VCP	0.457
MAP1LC3A	VDAC1	0.671
MAP1LC3B	MAP1S	0.943
MAP1LC3B	MAPK3	0.518
MAP1LC3B	MAPK8	0.416
MAP1LC3B	MCL1	0.501
MAP1LC3B	MFN1	0.852
MAP1LC3B	MFN2	0.875
MAP1LC3B	MTOR	0.76
MAP1LC3B	NCOA4	0.528
MAP1LC3B	NFE2L2	0.48
MAP1LC3B	NFKB1	0.516
MAP1LC3B	NFKBIA	0.426
MAP1LC3B	NLRP3	0.418
MAP1LC3B	OPTN	0.998
MAP1LC3B	PIK3C3	0.87
MAP1LC3B	PINK1	0.913
MAP1LC3B	PPARGC1A	0.533
MAP1LC3B	PRKN	0.701
MAP1LC3B	PSMD4	0.663
MAP1LC3B	PTEN	0.462
MAP1LC3B	PXDN	0.707
MAP1LC3B	PXDNL	0.701
MAP1LC3B	RBFOX3	0.412
MAP1LC3B	SIRT1	0.768
MAP1LC3B	SIRT3	0.44
MAP1LC3B	SNCA	0.725
MAP1LC3B	SOD1	0.442
MAP1LC3B	SOD2	0.479
MAP1LC3B	SOD2-2	0.463
MAP1LC3B	SQSTM1	0.999
MAP1LC3B	SRC	0.691
MAP1LC3B	STAT3	0.474
MAP1LC3B	TFAM	0.464
MAP1LC3B	TFEB	0.717
MAP1LC3B	TFRC	0.566
MAP1LC3B	TNF	0.502
MAP1LC3B	TOMM20	0.779
MAP1LC3B	TP53	0.657
MAP1LC3B	TRAF6	0.696
MAP1LC3B	TXN	0.407
MAP1LC3B	VCP	0.735
MAP1LC3B	VDAC1	0.764
MAP1LC3B	XBP1	0.496
MAP1S	MFN2	0.436
MAP1S	MTOR	0.714
MAP1S	OPTN	0.675
MAP1S	PIK3C3	0.701
MAP1S	PINK1	0.592
MAP1S	PRKN	0.48
MAP1S	PXDN	0.481
MAP1S	PXDNL	0.481
MAP1S	SNCA	0.417
MAP1S	SQSTM1	0.974
MAP1S	TFEB	0.564
MAP1S	TP53	0.432
MAP2	MAPK8	0.474
MAP2	MAPT	0.661
MAP2	MBP	0.79
MAP2	NEFL	0.848
MAP2	NGF	0.62
MAP2	NTRK2	0.519
MAP2	PRKN	0.462
MAP2	PRNP	0.532
MAP2	PSEN1	0.495
MAP2	PXDN	0.556
MAP2	PXDNL	0.558
MAP2	RBFOX3	0.813
MAP2	S100B	0.577
MAP2	SLC1A2	0.464
MAP2	SNCA	0.514
MAP2	SRC	0.426
MAP2	SYN1	0.78
MAP2	SYP	0.874
MAP2	TARDBP	0.43
MAP2	TH	0.666
MAP2	UCHL1	0.402
MAP2	VDAC1	0.689
MAP3K5	MAPK8	0.978
MAP3K5	MBP	0.457
MAP3K5	MCL1	0.449
MAP3K5	MTOR	0.406
MAP3K5	NFE2L2	0.501
MAP3K5	NFKB1	0.488
MAP3K5	NFKBIA	0.446
MAP3K5	NOS1	0.657
MAP3K5	NOX1	0.655
MAP3K5	NOX4	0.521
MAP3K5	PARK7	0.991
MAP3K5	PRDX1	0.89
MAP3K5	PTEN	0.479
MAP3K5	SOD1	0.721
MAP3K5	STAT3	0.807
MAP3K5	STUB1	0.828
MAP3K5	TLR2	0.412
MAP3K5	TLR4	0.522
MAP3K5	TNF	0.646
MAP3K5	TP53	0.597
MAP3K5	TRAF2	0.999
MAP3K5	TRAF6	0.966
MAP3K5	TXN	0.999
MAP3K5	XBP1	0.758
MAP3K5	XDH	0.61
MAPK3	MAPK8	0.505
MAPK3	MAPT	0.968
MAPK3	MBP	0.864
MAPK3	MCL1	0.633
MAPK3	MMP9	0.741
MAPK3	MPO	0.435
MAPK3	MTOR	0.762
MAPK3	NFE2L2	0.563
MAPK3	NFKB1	0.881
MAPK3	NFKBIA	0.732
MAPK3	NGF	0.743
MAPK3	NLRP3	0.421
MAPK3	NOS1	0.936
MAPK3	NOX1	0.52
MAPK3	NOX4	0.577
MAPK3	NQO1	0.412
MAPK3	NR4A2	0.47
MAPK3	PARK7	0.549
MAPK3	PLA2G6	0.69
MAPK3	PPARA	0.51
MAPK3	PPARG	0.67
MAPK3	PPARGC1A	0.519
MAPK3	PRDX3	0.464
MAPK3	PRKCA	0.956
MAPK3	PTEN	0.756
MAPK3	PTGS2	0.855
MAPK3	PXDN	0.848
MAPK3	PXDNL	0.847
MAPK3	PYCARD	0.496
MAPK3	RBFOX3	0.477
MAPK3	RET	0.498
MAPK3	S100B	0.676
MAPK3	SCARB2	0.451
MAPK3	SIRT1	0.58
MAPK3	SNCA	0.526
MAPK3	SOD1	0.465
MAPK3	SOD2	0.454
MAPK3	SOD2-2	0.453
MAPK3	SQSTM1	0.632
MAPK3	SRC	0.944
MAPK3	STAT3	0.87
MAPK3	STUB1	0.46
MAPK3	SYN1	0.602
MAPK3	TAC1	0.416
MAPK3	TGFB1	0.721
MAPK3	TH	0.576
MAPK3	TLR2	0.607
MAPK3	TLR4	0.824
MAPK3	TNF	0.922
MAPK3	TP53	0.994
MAPK3	TRAF6	0.57
MAPK3	TXN	0.499
MAPK3	VDAC1	0.534
MAPK3	XBP1	0.435
MAPK3	XDH	0.418
MAPK8	MAPT	0.757
MAPK8	MBP	0.449
MAPK8	MCL1	0.517
MAPK8	MMP9	0.735
MAPK8	MTOR	0.702
MAPK8	NFE2L2	0.727
MAPK8	NFKB1	0.987
MAPK8	NFKBIA	0.782
MAPK8	NGF	0.685
MAPK8	NLRP3	0.403
MAPK8	PIK3C3	0.684
MAPK8	PPARA	0.42
MAPK8	PPARG	0.505
MAPK8	PTEN	0.699
MAPK8	PTGS2	0.602
MAPK8	PXDN	0.596
MAPK8	PXDNL	0.588
MAPK8	RIPK3	0.523
MAPK8	SIRT1	0.727
MAPK8	SNCA	0.488
MAPK8	SOD2	0.715
MAPK8	SOD2-2	0.715
MAPK8	SQSTM1	0.425
MAPK8	SRC	0.959
MAPK8	STAT3	0.9
MAPK8	TGFB1	0.534
MAPK8	TLR2	0.507
MAPK8	TLR4	0.615
MAPK8	TNF	0.89
MAPK8	TP53	0.997
MAPK8	TRAF2	0.771
MAPK8	TRAF6	0.972
MAPK8	TXN	0.437
MAPK8	XBP1	0.538
MAPT	MBP	0.5
MAPT	NDUFA9	0.681
MAPT	NDUFS1	0.66
MAPT	NEFL	0.797
MAPT	NGF	0.494
MAPT	NTRK2	0.464
MAPT	OPTN	0.474
MAPT	PARK7	0.772
MAPT	PINK1	0.756
MAPT	PLA2G6	0.451
MAPT	PPIF	0.598
MAPT	PRKCA	0.448
MAPT	PRKN	0.92
MAPT	PRNP	0.884
MAPT	PSEN1	0.95
MAPT	PSEN2	0.883
MAPT	PXDN	0.502
MAPT	PXDNL	0.502
MAPT	RAB29	0.639
MAPT	RBFOX3	0.644
MAPT	S100B	0.906
MAPT	SIRT1	0.721
MAPT	SLC1A2	0.624
MAPT	SLC6A3	0.517
MAPT	SNCA	0.994
MAPT	SNCAIP	0.6
MAPT	SNCB	0.7
MAPT	SOD1	0.642
MAPT	SQSTM1	0.838
MAPT	SRC	0.897
MAPT	STUB1	0.944
MAPT	SYN1	0.893
MAPT	SYP	0.855
MAPT	TARDBP	0.97
MAPT	TFEB	0.457
MAPT	TH	0.673
MAPT	TNF	0.479
MAPT	TOMM20	0.474
MAPT	TP53	0.442
MAPT	TREM2	0.733
MAPT	UCHL1	0.721
MAPT	VCP	0.713
MAPT	VDAC1	0.975
MAPT	VPS35	0.571
MBP	MMP9	0.463
MBP	NEFL	0.754
MBP	NGF	0.603
MBP	NTRK2	0.429
MBP	PRKCA	0.417
MBP	PRNP	0.524
MBP	PXDN	0.72
MBP	PXDNL	0.72
MBP	RBFOX3	0.739
MBP	S100B	0.759
MBP	SLC1A2	0.428
MBP	SNCA	0.674
MBP	SRC	0.715
MBP	SYN1	0.51
MBP	SYP	0.63
MBP	TARDBP	0.591
MBP	TH	0.518
MBP	TLR4	0.426
MBP	TNF	0.606
MBP	UCHL1	0.511
MCL1	MFN1	0.433
MCL1	MFN2	0.442
MCL1	MMP9	0.529
MCL1	MTOR	0.583
MCL1	NFE2L2	0.435
MCL1	NFKB1	0.613
MCL1	NFKBIA	0.576
MCL1	PIK3C3	0.474
MCL1	PINK1	0.745
MCL1	PRKN	0.538
MCL1	PTEN	0.763
MCL1	PTGS2	0.542
MCL1	PXDN	0.614
MCL1	PXDNL	0.614
MCL1	RIPK1	0.462
MCL1	SIRT1	0.589
MCL1	SIRT3	0.438
MCL1	SQSTM1	0.55
MCL1	SRC	0.607
MCL1	STAT3	0.883
MCL1	STUB1	0.407
MCL1	TLR4	0.456
MCL1	TNF	0.636
MCL1	TP53	0.918
MCL1	TRAF6	0.554
MCL1	VDAC1	0.971
MCL1	VDAC2	0.735
MCL1	XBP1	0.496
MFN1	MFN2	0.999
MFN1	NDUFA9	0.416
MFN1	NEFL	0.516
MFN1	OPA1	0.987
MFN1	OPTN	0.558
MFN1	PARK7	0.523
MFN1	PINK1	0.972
MFN1	PPARG	0.408
MFN1	PPARGC1A	0.736
MFN1	PPIF	0.525
MFN1	PRKN	0.998
MFN1	PTEN	0.401
MFN1	PXDN	0.433
MFN1	PXDNL	0.429
MFN1	SIRT1	0.676
MFN1	SIRT3	0.551
MFN1	SNCA	0.416
MFN1	SOD1	0.478
MFN1	SOD2	0.562
MFN1	SOD2-2	0.561
MFN1	SQSTM1	0.942
MFN1	TFAM	0.773
MFN1	TLR4	0.422
MFN1	TOMM20	0.902
MFN1	UCP2	0.519
MFN1	VCP	0.567
MFN1	VDAC1	0.972
MFN1	VDAC2	0.46
MFN1	VPS35	0.4
MFN2	MTOR	0.492
MFN2	NDUFA9	0.475
MFN2	NEFL	0.549
MFN2	NFE2L2	0.423
MFN2	NLRP3	0.895
MFN2	OPA1	0.936
MFN2	OPTN	0.556
MFN2	PARK7	0.724
MFN2	PIK3C3	0.437
MFN2	PINK1	0.999
MFN2	PPARA	0.43
MFN2	PPARG	0.459
MFN2	PPARGC1A	0.791
MFN2	PPIF	0.619
MFN2	PRKN	0.999
MFN2	PSEN1	0.414
MFN2	PSEN2	0.578
MFN2	PTEN	0.44
MFN2	PXDN	0.53
MFN2	PXDNL	0.526
MFN2	S100B	0.412
MFN2	SDHB	0.481
MFN2	SIRT1	0.773
MFN2	SIRT3	0.629
MFN2	SNCA	0.49
MFN2	SOD1	0.51
MFN2	SOD2	0.619
MFN2	SOD2-2	0.618
MFN2	SQSTM1	0.941
MFN2	TARDBP	0.433
MFN2	TFAM	0.812
MFN2	TFEB	0.408
MFN2	TOMM20	0.835
MFN2	TP53	0.435
MFN2	UCP2	0.519
MFN2	VCP	0.807
MFN2	VDAC1	0.989
MFN2	VDAC2	0.714
MFN2	VPS35	0.52
MFN2	XBP1	0.664
MMP9	MPO	0.969
MMP9	MTOR	0.588
MMP9	NFE2L2	0.536
MMP9	NFKB1	0.802
MMP9	NFKBIA	0.704
MMP9	NGF	0.545
MMP9	NLRP3	0.479
MMP9	NOS1	0.577
MMP9	NOX1	0.525
MMP9	NOX4	0.538
MMP9	NQO1	0.426
MMP9	PPARA	0.47
MMP9	PPARG	0.765
MMP9	PRKCA	0.458
MMP9	PTEN	0.766
MMP9	PTGS2	0.815
MMP9	PXDN	0.755
MMP9	PXDNL	0.755
MMP9	S100B	0.48
MMP9	SCARB2	0.534
MMP9	SIRT1	0.597
MMP9	SOD1	0.43
MMP9	SOD2	0.448
MMP9	SOD2-2	0.421
MMP9	SRC	0.97
MMP9	STAT3	0.89
MMP9	TAC1	0.41
MMP9	TGFB1	0.968
MMP9	TLR2	0.802
MMP9	TLR4	0.934
MMP9	TNF	0.93
MMP9	TP53	0.838
MMP9	TRAF6	0.562
MMP9	TREM2	0.42
MMP9	TXN	0.436
MMP9	XDH	0.564
MPO	MRC1	0.436
MPO	NFE2L2	0.525
MPO	NFKB1	0.518
MPO	NFKBIA	0.575
MPO	NLRP3	0.544
MPO	NOS1	0.436
MPO	NOX1	0.428
MPO	NOX4	0.435
MPO	NQO1	0.666
MPO	PPARG	0.486
MPO	PTGS2	0.641
MPO	SCARB2	0.481
MPO	SOD2	0.407
MPO	SOD2-2	0.407
MPO	STAT3	0.53
MPO	TFRC	0.406
MPO	TGFB1	0.519
MPO	TLR2	0.611
MPO	TLR4	0.728
MPO	TNF	0.832
MPO	TP53	0.46
MPO	TXN	0.402
MPO	XDH	0.647
MRC1	NFKB1	0.467
MRC1	NFKBIA	0.428
MRC1	NLRP3	0.443
MRC1	PPARG	0.73
MRC1	PTGS2	0.514
MRC1	PXDN	0.514
MRC1	PXDNL	0.511
MRC1	PYCARD	0.489
MRC1	SCARB2	0.647
MRC1	STAT3	0.582
MRC1	TGFB1	0.6
MRC1	TLR2	0.638
MRC1	TLR4	0.79
MRC1	TNF	0.79
MRC1	TREM2	0.655
MTOR	NFE2L2	0.637
MTOR	NFKB1	0.76
MTOR	NFKBIA	0.647
MTOR	NGF	0.425
MTOR	NLRP3	0.472
MTOR	NOX4	0.451
MTOR	NTRK2	0.513
MTOR	PIK3C3	0.561
MTOR	PINK1	0.584
MTOR	PPARA	0.68
MTOR	PPARG	0.964
MTOR	PPARGC1A	0.703
MTOR	PRKCA	0.969
MTOR	PRKN	0.781
MTOR	PTEN	0.942
MTOR	PTGS2	0.575
MTOR	PXDN	0.674
MTOR	PXDNL	0.671
MTOR	RET	0.483
MTOR	RIPK1	0.406
MTOR	SCARB2	0.415
MTOR	SIRT1	0.937
MTOR	SIRT3	0.564
MTOR	SNCA	0.483
MTOR	SOD1	0.44
MTOR	SOD2	0.493
MTOR	SOD2-2	0.481
MTOR	SQSTM1	0.953
MTOR	SRC	0.793
MTOR	STAT3	0.926
MTOR	TFAM	0.503
MTOR	TFEB	0.983
MTOR	TGFB1	0.582
MTOR	TLR2	0.444
MTOR	TLR4	0.59
MTOR	TNF	0.671
MTOR	TP53	0.874
MTOR	TRAF2	0.586
MTOR	TRAF6	0.608
MTOR	TREM2	0.508
MTOR	TXN	0.468
MTOR	UCP2	0.404
MTOR	VCP	0.456
MTOR	VDAC1	0.403
MTOR	XBP1	0.551
NCOA4	NFE2L2	0.429
NCOA4	PPARG	0.571
NCOA4	RET	0.993
NCOA4	SLC11A2	0.605
NCOA4	SLC40A1	0.599
NCOA4	SQSTM1	0.503
NCOA4	STAT3	0.576
NCOA4	TFRC	0.618
NCOA4	TP53	0.444
NCOA4	VDAC2	0.475
NDUFA9	NDUFS1	0.999
NDUFA9	OPA1	0.454
NDUFA9	PINK1	0.737
NDUFA9	PPARGC1A	0.476
NDUFA9	SDHB	0.965
NDUFA9	SIRT3	0.976
NDUFA9	SNCA	0.689
NDUFA9	SOD2	0.615
NDUFA9	SOD2-2	0.623
NDUFA9	TARDBP	0.652
NDUFA9	TFAM	0.669
NDUFA9	TOMM20	0.606
NDUFA9	UCP2	0.501
NDUFA9	VDAC1	0.77
NDUFA9	VDAC2	0.539
NDUFS1	PINK1	0.742
NDUFS1	PRDX1	0.407
NDUFS1	PRDX3	0.883
NDUFS1	SDHB	0.996
NDUFS1	SNCA	0.695
NDUFS1	SOD1	0.446
NDUFS1	SOD2	0.688
NDUFS1	SOD2-2	0.687
NDUFS1	TARDBP	0.662
NDUFS1	TFAM	0.655
NDUFS1	TXN	0.461
NDUFS1	VDAC1	0.663
NDUFS1	VDAC2	0.464
NEFL	NGF	0.493
NEFL	NOS1	0.483
NEFL	NOX1	0.4
NEFL	NTRK2	0.436
NEFL	PRNP	0.412
NEFL	PSEN1	0.47
NEFL	RBFOX3	0.588
NEFL	S100B	0.729
NEFL	SLC1A2	0.414
NEFL	SNCA	0.663
NEFL	SNCB	0.492
NEFL	SOD1	0.976
NEFL	SRC	0.49
NEFL	SYN1	0.697
NEFL	SYP	0.566
NEFL	TARDBP	0.791
NEFL	TNF	0.452
NEFL	TREM2	0.538
NEFL	UCHL1	0.688
NFE2L2	NFKB1	0.659
NFE2L2	NFKBIA	0.747
NFE2L2	NLRP3	0.544
NFE2L2	NOX1	0.57
NFE2L2	NOX4	0.644
NFE2L2	NQO1	0.978
NFE2L2	OPTN	0.464
NFE2L2	PARK7	0.969
NFE2L2	PINK1	0.519
NFE2L2	PPARA	0.59
NFE2L2	PPARG	0.831
NFE2L2	PPARGC1A	0.942
NFE2L2	PRDX1	0.894
NFE2L2	PRDX3	0.434
NFE2L2	PRKCA	0.633
NFE2L2	PRKN	0.447
NFE2L2	PSMD4	0.576
NFE2L2	PTEN	0.707
NFE2L2	PTGS2	0.698
NFE2L2	PXDN	0.618
NFE2L2	PXDNL	0.618
NFE2L2	RIPK1	0.602
NFE2L2	SCARB2	0.439
NFE2L2	SIRT1	0.737
NFE2L2	SIRT3	0.503
NFE2L2	SLC1A2	0.493
NFE2L2	SLC40A1	0.441
NFE2L2	SNCA	0.531
NFE2L2	SOD1	0.708
NFE2L2	SOD2	0.701
NFE2L2	SOD2-2	0.693
NFE2L2	SQSTM1	0.95
NFE2L2	SRC	0.432
NFE2L2	STAT3	0.742
NFE2L2	TFAM	0.625
NFE2L2	TFEB	0.442
NFE2L2	TGFB1	0.556
NFE2L2	TLR2	0.408
NFE2L2	TLR4	0.626
NFE2L2	TNF	0.701
NFE2L2	TP53	0.78
NFE2L2	TRAF6	0.4
NFE2L2	TXN	0.741
NFE2L2	UCP2	0.414
NFE2L2	VCP	0.564
NFE2L2	XBP1	0.573
NFE2L2	XDH	0.602
NFKB1	NFKBIA	0.999
NFKB1	NGF	0.711
NFKB1	NLRP3	0.981
NFKB1	NOX1	0.445
NFKB1	NOX4	0.494
NFKB1	NQO1	0.482
NFKB1	NR4A2	0.574
NFKB1	PPARA	0.581
NFKB1	PPARG	0.972
NFKB1	PPARGC1A	0.77
NFKB1	PRDX1	0.644
NFKB1	PRKCA	0.716
NFKB1	PSMD4	0.573
NFKB1	PTEN	0.652
NFKB1	PTGS2	0.842
NFKB1	PXDN	0.631
NFKB1	PXDNL	0.625
NFKB1	PYCARD	0.667
NFKB1	RIPK1	0.895
NFKB1	RIPK3	0.815
NFKB1	S100B	0.575
NFKB1	SCARB2	0.681
NFKB1	SDHB	0.427
NFKB1	SIRT1	0.983
NFKB1	SIRT3	0.441
NFKB1	SOD1	0.503
NFKB1	SOD2	0.56
NFKB1	SOD2-2	0.517
NFKB1	SQSTM1	0.747
NFKB1	SRC	0.756
NFKB1	STAT3	0.962
NFKB1	STUB1	0.577
NFKB1	TARDBP	0.42
NFKB1	TFAM	0.419
NFKB1	TGFB1	0.711
NFKB1	TLR2	0.992
NFKB1	TLR4	0.993
NFKB1	TNF	0.999
NFKB1	TP53	0.989
NFKB1	TRAF2	0.718
NFKB1	TRAF6	0.951
NFKB1	TXN	0.983
NFKB1	VCP	0.655
NFKB1	XBP1	0.676
NFKB1	XDH	0.436
NFKBIA	NGF	0.66
NFKBIA	NLRP3	0.626
NFKBIA	NOX4	0.437
NFKBIA	NQO1	0.477
NFKBIA	PPARA	0.511
NFKBIA	PPARG	0.618
NFKBIA	PRKCA	0.713
NFKBIA	PSMD4	0.553
NFKBIA	PTEN	0.536
NFKBIA	PTGS2	0.856
NFKBIA	PXDN	0.734
NFKBIA	PXDNL	0.734
NFKBIA	PYCARD	0.407
NFKBIA	RIPK1	0.804
NFKBIA	RIPK3	0.717
NFKBIA	SCARB2	0.428
NFKBIA	SIRT1	0.541
NFKBIA	SOD2	0.705
NFKBIA	SOD2-2	0.646
NFKBIA	SQSTM1	0.809
NFKBIA	SRC	0.797
NFKBIA	STAT3	0.741
NFKBIA	TGFB1	0.648
NFKBIA	TLR2	0.749
NFKBIA	TLR4	0.872
NFKBIA	TNF	0.967
NFKBIA	TP53	0.915
NFKBIA	TRAF2	0.761
NFKBIA	TRAF6	0.966
NFKBIA	TXN	0.415
NFKBIA	UCHL1	0.426
NFKBIA	VCP	0.863
NFKBIA	XBP1	0.434
NGF	NOS1	0.437
NGF	NR4A2	0.439
NGF	NTRK2	0.999
NGF	PPARG	0.403
NGF	PSEN1	0.654
NGF	PSEN2	0.567
NGF	PTEN	0.426
NGF	PTGS2	0.526
NGF	PXDN	0.698
NGF	PXDNL	0.683
NGF	RBFOX3	0.601
NGF	RET	0.791
NGF	S100B	0.571
NGF	SLC1A2	0.405
NGF	SLC6A3	0.43
NGF	SNCA	0.538
NGF	SOD1	0.46
NGF	SQSTM1	0.582
NGF	SRC	0.541
NGF	STAT3	0.867
NGF	SYN1	0.543
NGF	SYP	0.649
NGF	TAC1	0.874
NGF	TGFB1	0.753
NGF	TH	0.791
NGF	TLR4	0.463
NGF	TNF	0.714
NGF	TP53	0.532
NGF	TRAF6	0.647
NGF	UCHL1	0.585
NLRP3	NOX4	0.457
NLRP3	NQO1	0.418
NLRP3	PINK1	0.457
NLRP3	PPARG	0.494
NLRP3	PPARGC1A	0.476
NLRP3	PRKN	0.541
NLRP3	PTGS2	0.707
NLRP3	PXDN	0.447
NLRP3	PXDNL	0.447
NLRP3	PYCARD	0.999
NLRP3	RIPK1	0.888
NLRP3	RIPK3	0.772
NLRP3	SCARB2	0.506
NLRP3	SIRT1	0.532
NLRP3	SIRT3	0.424
NLRP3	SOD2	0.426
NLRP3	SOD2-2	0.402
NLRP3	SQSTM1	0.593
NLRP3	SRC	0.53
NLRP3	STAT3	0.558
NLRP3	STUB1	0.419
NLRP3	TGFB1	0.472
NLRP3	TLR2	0.849
NLRP3	TLR4	0.874
NLRP3	TNF	0.869
NLRP3	TP53	0.633
NLRP3	TRAF6	0.567
NLRP3	TREM2	0.404
NLRP3	TXN	0.853
NLRP3	XDH	0.4
NOS1	NOX1	0.622
NOS1	NOX4	0.452
NOS1	NTRK2	0.564
NOS1	PTEN	0.538
NOS1	PTGS2	0.515
NOS1	PXDN	0.51
NOS1	PXDNL	0.51
NOS1	RBFOX3	0.474
NOS1	SOD1	0.667
NOS1	STUB1	0.762
NOS1	SYN1	0.471
NOS1	TAC1	0.543
NOS1	TFAM	0.523
NOS1	TH	0.55
NOS1	TNF	0.53
NOS1	TXN	0.47
NOS1	VDAC1	0.517
NOS1	XDH	0.923
NOX1	NOX4	0.998
NOX1	NQO1	0.664
NOX1	PPARG	0.411
NOX1	PTGS2	0.502
NOX1	PXDN	0.554
NOX1	PXDNL	0.532
NOX1	RIPK1	0.826
NOX1	SIRT1	0.458
NOX1	SOD1	0.734
NOX1	SOD2	0.518
NOX1	SOD2-2	0.518
NOX1	SRC	0.679
NOX1	TGFB1	0.492
NOX1	TLR4	0.476
NOX1	TNF	0.63
NOX1	TP53	0.665
NOX1	TXN	0.575
NOX1	XDH	0.82
NOX4	NQO1	0.534
NOX4	PPARA	0.463
NOX4	PPARG	0.542
NOX4	PPARGC1A	0.524
NOX4	PRDX1	0.401
NOX4	PTEN	0.482
NOX4	PTGS2	0.508
NOX4	PXDN	0.591
NOX4	PXDNL	0.586
NOX4	RIPK3	0.531
NOX4	SIRT1	0.667
NOX4	SIRT3	0.468
NOX4	SOD1	0.602
NOX4	SOD2	0.637
NOX4	SOD2-2	0.637
NOX4	SRC	0.699
NOX4	STAT3	0.465
NOX4	TGFB1	0.675
NOX4	TLR4	0.996
NOX4	TNF	0.609
NOX4	TP53	0.519
NOX4	TXN	0.62
NOX4	UCP2	0.58
NOX4	XDH	0.726
NQO1	PARK7	0.685
NQO1	PPARG	0.475
NQO1	PPARGC1A	0.675
NQO1	PRDX1	0.654
NQO1	PRDX3	0.421
NQO1	PRKN	0.461
NQO1	PTGS2	0.578
NQO1	PXDN	0.6
NQO1	PXDNL	0.591
NQO1	SIRT1	0.537
NQO1	SOD1	0.673
NQO1	SOD2	0.692
NQO1	SOD2-2	0.691
NQO1	SQSTM1	0.592
NQO1	STAT3	0.427
NQO1	STUB1	0.594
NQO1	TGFB1	0.406
NQO1	TLR4	0.433
NQO1	TNF	0.712
NQO1	TP53	0.946
NQO1	TXN	0.819
NQO1	XDH	0.477
NR4A2	PARK7	0.475
NR4A2	PINK1	0.418
NR4A2	PPARGC1A	0.509
NR4A2	PRKN	0.607
NR4A2	PTGS2	0.524
NR4A2	RBFOX3	0.418
NR4A2	SLC18A2	0.802
NR4A2	SLC6A3	0.788
NR4A2	SNCA	0.748
NR4A2	SNCAIP	0.449
NR4A2	TH	0.837
NR4A2	TNF	0.406
NTRK2	PPARGC1A	0.408
NTRK2	PTEN	0.435
NTRK2	RBFOX3	0.627
NTRK2	RET	0.564
NTRK2	S100B	0.435
NTRK2	SLC1A2	0.465
NTRK2	SLC6A3	0.424
NTRK2	SNCA	0.592
NTRK2	SQSTM1	0.61
NTRK2	SRC	0.786
NTRK2	STAT3	0.422
NTRK2	SYN1	0.644
NTRK2	SYP	0.658
NTRK2	TAC1	0.793
NTRK2	TGFB1	0.581
NTRK2	TH	0.58
NTRK2	TNF	0.641
NTRK2	TP53	0.467
NTRK2	TRAF6	0.444
NTRK2	UCHL1	0.412
OPA1	PINK1	0.855
OPA1	PPARGC1A	0.528
OPA1	PRDX3	0.541
OPA1	PRKN	0.757
OPA1	PRNP	0.409
OPA1	PSEN1	0.578
OPA1	PSEN2	0.469
OPA1	SIRT3	0.763
OPA1	SOD1	0.459
OPA1	TFAM	0.608
OPA1	TOMM20	0.582
OPA1	VDAC1	0.55
OPTN	PIK3C3	0.561
OPTN	PINK1	0.894
OPTN	PRKN	0.811
OPTN	RAB10	0.809
OPTN	RIPK1	0.971
OPTN	SNCA	0.481
OPTN	SOD1	0.937
OPTN	SQSTM1	0.994
OPTN	TARDBP	0.954
OPTN	TFEB	0.444
OPTN	TFRC	0.921
OPTN	TNF	0.906
OPTN	TOMM20	0.562
OPTN	TP53	0.497
OPTN	TRAF2	0.711
OPTN	TRAF6	0.403
OPTN	VCP	0.805
OPTN	VDAC1	0.461
PARK7	PINK1	0.999
PARK7	PLA2G6	0.815
PARK7	PPARGC1A	0.551
PARK7	PRDX1	0.717
PARK7	PRDX3	0.746
PARK7	PRKN	0.999
PARK7	PRNP	0.609
PARK7	PSEN1	0.54
PARK7	PSEN2	0.476
PARK7	PTEN	0.92
PARK7	PXDN	0.411
PARK7	SDHB	0.665
PARK7	SLC18A2	0.668
PARK7	SLC6A3	0.634
PARK7	SNCA	0.994
PARK7	SNCAIP	0.705
PARK7	SNCB	0.472
PARK7	SOD1	0.997
PARK7	SOD2	0.923
PARK7	SOD2-2	0.923
PARK7	SQSTM1	0.737
PARK7	STUB1	0.82
PARK7	SYP	0.729
PARK7	TARDBP	0.559
PARK7	TFAM	0.452
PARK7	TH	0.659
PARK7	TMEM230	0.557
PARK7	TOMM20	0.464
PARK7	TP53	0.814
PARK7	TRAF6	0.747
PARK7	TXN	0.609
PARK7	UCHL1	0.848
PARK7	VCP	0.772
PARK7	VDAC1	0.934
PARK7	VDAC2	0.471
PARK7	VPS35	0.843
PIK3C3	PINK1	0.683
PIK3C3	PRKN	0.677
PIK3C3	PSMD4	0.703
PIK3C3	PTEN	0.953
PIK3C3	SIRT1	0.43
PIK3C3	SQSTM1	0.812
PIK3C3	TFEB	0.652
PIK3C3	TP53	0.544
PIK3C3	TRAF6	0.648
PIK3C3	VPS35	0.842
PINK1	PLA2G6	0.8
PINK1	PPARG	0.401
PINK1	PPARGC1A	0.76
PINK1	PPIF	0.505
PINK1	PRDX3	0.771
PINK1	PRKN	0.999
PINK1	PRNP	0.414
PINK1	PSEN1	0.665
PINK1	PSEN2	0.568
PINK1	PTEN	0.735
PINK1	PXDN	0.438
PINK1	PXDNL	0.436
PINK1	RAB10	0.404
PINK1	RAB29	0.5
PINK1	SIRT1	0.7
PINK1	SIRT3	0.661
PINK1	SLC18A2	0.47
PINK1	SLC6A3	0.697
PINK1	SNCA	0.975
PINK1	SNCAIP	0.757
PINK1	SNCB	0.444
PINK1	SOD1	0.651
PINK1	SOD2	0.61
PINK1	SOD2-2	0.61
PINK1	SQSTM1	0.979
PINK1	STAT3	0.449
PINK1	STUB1	0.438
PINK1	TARDBP	0.609
PINK1	TFAM	0.81
PINK1	TFEB	0.609
PINK1	TH	0.631
PINK1	TMEM230	0.529
PINK1	TNF	0.401
PINK1	TOMM20	0.985
PINK1	TP53	0.507
PINK1	TRAF6	0.853
PINK1	TXN	0.401
PINK1	UCHL1	0.788
PINK1	UCP2	0.505
PINK1	VCP	0.775
PINK1	VDAC1	0.963
PINK1	VDAC2	0.467
PINK1	VPS35	0.854
PINK1	XBP1	0.412
PLA2G6	PRKCA	0.903
PLA2G6	PRKN	0.68
PLA2G6	PTGS2	0.773
PLA2G6	SLC6A3	0.424
PLA2G6	SNCA	0.66
PLA2G6	TMEM230	0.571
PLA2G6	UCHL1	0.704
PLA2G6	VPS35	0.773
PPARA	PPARG	0.647
PPARA	PPARGC1A	0.999
PPARA	PPIF	0.761
PPARA	PRKCA	0.524
PPARA	PTEN	0.464
PPARA	PTGS2	0.729
PPARA	PXDN	0.568
PPARA	PXDNL	0.568
PPARA	SCARB2	0.909
PPARA	SIRT1	0.906
PPARA	SIRT3	0.598
PPARA	SOD1	0.479
PPARA	SOD2	0.494
PPARA	SOD2-2	0.493
PPARA	SRC	0.608
PPARA	STAT3	0.573
PPARA	TFAM	0.635
PPARA	TFEB	0.603
PPARA	TGFB1	0.565
PPARA	TH	0.494
PPARA	TLR2	0.465
PPARA	TLR4	0.634
PPARA	TNF	0.81
PPARA	TP53	0.541
PPARA	UCP2	0.821
PPARA	XBP1	0.462
PPARA	XDH	0.612
PPARG	PPARGC1A	0.999
PPARG	PRKCA	0.808
PPARG	PTEN	0.83
PPARG	PTGS2	0.735
PPARG	PXDN	0.661
PPARG	PXDNL	0.661
PPARG	RET	0.587
PPARG	SCARB2	0.862
PPARG	SIRT1	0.998
PPARG	SIRT3	0.594
PPARG	SOD1	0.511
PPARG	SOD2	0.541
PPARG	SOD2-2	0.538
PPARG	SRC	0.736
PPARG	STAT3	0.826
PPARG	STUB1	0.489
PPARG	TFAM	0.684
PPARG	TFEB	0.475
PPARG	TGFB1	0.922
PPARG	TH	0.428
PPARG	TLR2	0.59
PPARG	TLR4	0.738
PPARG	TNF	0.807
PPARG	TP53	0.949
PPARG	TXN	0.451
PPARG	UCP2	0.859
PPARG	VDAC1	0.41
PPARG	XBP1	0.46
PPARG	XDH	0.481
PPARGC1A	PPIF	0.575
PPARGC1A	PRDX3	0.42
PPARGC1A	PRKN	0.681
PPARGC1A	PTEN	0.491
PPARGC1A	PTGS2	0.521
PPARGC1A	PXDN	0.615
PPARGC1A	PXDNL	0.615
PPARGC1A	RBFOX3	0.405
PPARGC1A	SCARB2	0.674
PPARGC1A	SDHB	0.559
PPARGC1A	SIRT1	0.999
PPARGC1A	SIRT3	0.98
PPARGC1A	SNCA	0.562
PPARGC1A	SOD1	0.958
PPARGC1A	SOD2	0.973
PPARGC1A	SOD2-2	0.741
PPARGC1A	SQSTM1	0.508
PPARGC1A	SRC	0.549
PPARGC1A	STAT3	0.538
PPARGC1A	STUB1	0.607
PPARGC1A	TARDBP	0.44
PPARGC1A	TFAM	0.988
PPARGC1A	TFEB	0.609
PPARGC1A	TGFB1	0.484
PPARGC1A	TH	0.433
PPARGC1A	TLR4	0.531
PPARGC1A	TNF	0.646
PPARGC1A	TOMM20	0.603
PPARGC1A	TP53	0.887
PPARGC1A	TXN	0.481
PPARGC1A	UCP2	0.928
PPARGC1A	VDAC1	0.623
PPARGC1A	XBP1	0.466
PPARGC1A	XDH	0.425
PPIF	PXDN	0.52
PPIF	PXDNL	0.52
PPIF	RIPK1	0.548
PPIF	RIPK3	0.569
PPIF	SIRT1	0.448
PPIF	SIRT3	0.654
PPIF	SOD1	0.499
PPIF	SOD2	0.791
PPIF	SOD2-2	0.782
PPIF	STAT3	0.702
PPIF	TFAM	0.807
PPIF	TNF	0.408
PPIF	TOMM20	0.476
PPIF	TP53	0.993
PPIF	TXN	0.448
PPIF	VDAC1	0.999
PPIF	VDAC2	0.958
PRDX1	PRDX3	0.689
PRDX1	PRKN	0.43
PRDX1	PRNP	0.442
PRDX1	PSEN1	0.512
PRDX1	PTEN	0.781
PRDX1	PXDN	0.444
PRDX1	PXDNL	0.425
PRDX1	SDHB	0.427
PRDX1	SOD1	0.876
PRDX1	SOD2	0.745
PRDX1	SOD2-2	0.744
PRDX1	TLR2	0.469
PRDX1	TLR4	0.693
PRDX1	TNF	0.554
PRDX1	TP53	0.723
PRDX1	TXN	0.99
PRDX1	VCP	0.404
PRDX1	VDAC1	0.669
PRDX1	VDAC2	0.427
PRDX3	PRKN	0.634
PRDX3	PXDN	0.432
PRDX3	PXDNL	0.419
PRDX3	SDHB	0.583
PRDX3	SIRT1	0.53
PRDX3	SIRT3	0.46
PRDX3	SNCA	0.66
PRDX3	SNCAIP	0.557
PRDX3	SOD1	0.667
PRDX3	SOD2	0.804
PRDX3	SOD2-2	0.804
PRDX3	SQSTM1	0.405
PRDX3	TFAM	0.517
PRDX3	TXN	0.846
PRDX3	VDAC1	0.841
PRDX3	VDAC2	0.709
PRKCA	PTEN	0.486
PRKCA	PTGS2	0.626
PRKCA	PXDN	0.475
PRKCA	PXDNL	0.472
PRKCA	RET	0.551
PRKCA	SCARB2	0.579
PRKCA	SLC1A2	0.485
PRKCA	SLC6A3	0.913
PRKCA	SRC	0.867
PRKCA	STAT3	0.644
PRKCA	TGFB1	0.422
PRKCA	TLR4	0.445
PRKCA	TNF	0.676
PRKCA	TP53	0.7
PRKCA	TXN	0.468
PRKCA	VCP	0.43
PRKN	PRNP	0.412
PRKN	PSEN1	0.759
PRKN	PSEN2	0.565
PRKN	PSMD4	0.968
PRKN	PTEN	0.641
PRKN	RAB29	0.418
PRKN	RIPK1	0.482
PRKN	RIPK3	0.892
PRKN	SIRT1	0.519
PRKN	SIRT3	0.442
PRKN	SLC11A2	0.504
PRKN	SLC18A2	0.69
PRKN	SLC6A3	0.839
PRKN	SNCA	0.999
PRKN	SNCAIP	0.999
PRKN	SNCB	0.594
PRKN	SOD1	0.62
PRKN	SOD2	0.543
PRKN	SOD2-2	0.543
PRKN	SQSTM1	0.987
PRKN	SRC	0.541
PRKN	STUB1	0.946
PRKN	SYN1	0.466
PRKN	TARDBP	0.984
PRKN	TFAM	0.823
PRKN	TFEB	0.538
PRKN	TFRC	0.458
PRKN	TH	0.764
PRKN	TMEM230	0.515
PRKN	TOMM20	0.749
PRKN	TP53	0.76
PRKN	TRAF2	0.793
PRKN	TRAF6	0.705
PRKN	TXN	0.536
PRKN	UCHL1	0.96
PRKN	VCP	0.928
PRKN	VDAC1	0.979
PRKN	VDAC2	0.867
PRKN	VPS35	0.932
PRKN	XBP1	0.427
PRNP	PSEN1	0.822
PRNP	PSEN2	0.771
PRNP	PSMD4	0.68
PRNP	PXDN	0.454
PRNP	PXDNL	0.449
PRNP	RBFOX3	0.401
PRNP	SLC11A2	0.537
PRNP	SNCA	0.984
PRNP	SNCB	0.575
PRNP	SOD1	0.74
PRNP	SYN1	0.559
PRNP	SYP	0.588
PRNP	TARDBP	0.88
PRNP	TNF	0.644
PRNP	TREM2	0.416
PRNP	VCP	0.461
PSEN1	PSEN2	0.999
PSEN1	PXDN	0.462
PSEN1	PXDNL	0.454
PSEN1	RBFOX3	0.479
PSEN1	SIRT1	0.446
PSEN1	SLC1A2	0.591
PSEN1	SNCA	0.865
PSEN1	SNCB	0.41
PSEN1	SOD1	0.572
PSEN1	SQSTM1	0.479
PSEN1	STUB1	0.516
PSEN1	SYN1	0.427
PSEN1	SYP	0.62
PSEN1	TARDBP	0.702
PSEN1	TNF	0.489
PSEN1	TRAF6	0.866
PSEN1	TREM2	0.853
PSEN1	UCHL1	0.597
PSEN1	VCP	0.489
PSEN1	VDAC1	0.449
PSEN1	VPS35	0.485
PSEN2	SNCA	0.602
PSEN2	SNCB	0.531
PSEN2	SOD1	0.477
PSEN2	TARDBP	0.634
PSEN2	TRAF6	0.721
PSEN2	TREM2	0.752
PSEN2	VCP	0.45
PSEN2	VPS35	0.416
PSMD4	PTEN	0.606
PSMD4	SNCA	0.726
PSMD4	SOD1	0.8
PSMD4	SQSTM1	0.759
PSMD4	STUB1	0.89
PSMD4	TNF	0.513
PSMD4	TP53	0.88
PSMD4	TRAF2	0.41
PSMD4	VCP	0.931
PTEN	PTGS2	0.682
PTEN	PXDN	0.691
PTEN	PXDNL	0.682
PTEN	RET	0.683
PTEN	SDHB	0.668
PTEN	SIRT1	0.757
PTEN	SIRT3	0.558
PTEN	SLC11A2	0.458
PTEN	SNCA	0.427
PTEN	SOD2	0.439
PTEN	SOD2-2	0.432
PTEN	SQSTM1	0.466
PTEN	SRC	0.837
PTEN	STAT3	0.794
PTEN	STUB1	0.904
PTEN	SYP	0.414
PTEN	TGFB1	0.664
PTEN	TLR4	0.535
PTEN	TNF	0.638
PTEN	TP53	0.999
PTEN	TRAF6	0.484
PTEN	TXN	0.661
PTGS2	SCARB2	0.479
PTGS2	SIRT1	0.592
PTGS2	SNCA	0.428
PTGS2	SOD1	0.523
PTGS2	SOD2	0.547
PTGS2	SOD2-2	0.513
PTGS2	SQSTM1	0.509
PTGS2	SRC	0.778
PTGS2	STAT3	0.93
PTGS2	TAC1	0.68
PTGS2	TGFB1	0.688
PTGS2	TH	0.413
PTGS2	TLR2	0.756
PTGS2	TLR4	0.787
PTGS2	TNF	0.916
PTGS2	TP53	0.974
PTGS2	TRAF6	0.493
PTGS2	TXN	0.452
PTGS2	XDH	0.704
PXDN	PXDNL	0.981
PXDN	RBFOX3	0.737
PXDN	S100B	0.447
PXDN	SCARB2	0.51
PXDN	SDHB	0.533
PXDN	SIRT1	0.639
PXDN	SIRT3	0.457
PXDN	SLC6A3	0.409
PXDN	SNCA	0.57
PXDN	SOD1	0.614
PXDN	SOD2	0.598
PXDN	SOD2-2	0.597
PXDN	SQSTM1	0.612
PXDN	SRC	0.675
PXDN	STAT3	0.824
PXDN	STUB1	0.405
PXDN	SYN1	0.491
PXDN	SYP	0.681
PXDN	TAC1	0.576
PXDN	TARDBP	0.439
PXDN	TFAM	0.474
PXDN	TFRC	0.609
PXDN	TGFB1	0.725
PXDN	TH	0.743
PXDN	TNF	0.8
PXDN	TOMM20	0.535
PXDN	TP53	0.821
PXDN	TRAF6	0.486
PXDN	TXN	0.614
PXDN	UCHL1	0.466
PXDN	UCP2	0.416
PXDN	VDAC1	0.588
PXDN	XBP1	0.528
PXDN	XDH	0.723
PXDNL	RBFOX3	0.737
PXDNL	S100B	0.447
PXDNL	SCARB2	0.485
PXDNL	SDHB	0.521
PXDNL	SIRT1	0.639
PXDNL	SIRT3	0.447
PXDNL	SLC6A3	0.409
PXDNL	SNCA	0.569
PXDNL	SOD1	0.608
PXDNL	SOD2	0.598
PXDNL	SOD2-2	0.597
PXDNL	SQSTM1	0.611
PXDNL	SRC	0.675
PXDNL	STAT3	0.824
PXDNL	STUB1	0.401
PXDNL	SYN1	0.491
PXDNL	SYP	0.681
PXDNL	TAC1	0.576
PXDNL	TARDBP	0.432
PXDNL	TFAM	0.47
PXDNL	TFRC	0.608
PXDNL	TGFB1	0.724
PXDNL	TH	0.743
PXDNL	TNF	0.8
PXDNL	TOMM20	0.527
PXDNL	TP53	0.821
PXDNL	TRAF6	0.487
PXDNL	TXN	0.607
PXDNL	UCHL1	0.451
PXDNL	UCP2	0.415
PXDNL	VDAC1	0.585
PXDNL	XBP1	0.527
PXDNL	XDH	0.723
PYCARD	RIPK1	0.75
PYCARD	RIPK3	0.493
PYCARD	SCARB2	0.44
PYCARD	SQSTM1	0.62
PYCARD	TLR2	0.555
PYCARD	TLR4	0.76
PYCARD	TNF	0.705
PYCARD	TRAF6	0.503
RAB10	SNCA	0.421
RAB10	TFRC	0.426
RAB10	TLR4	0.557
RAB10	VPS35	0.676
RAB29	SDHB	0.418
RAB29	SNCA	0.748
RAB29	TMEM230	0.403
RAB29	VPS35	0.755
RBFOX3	S100B	0.778
RBFOX3	SLC18A2	0.407
RBFOX3	SLC1A2	0.637
RBFOX3	SLC6A3	0.438
RBFOX3	SNCA	0.699
RBFOX3	SOD1	0.469
RBFOX3	SYN1	0.759
RBFOX3	SYP	0.801
RBFOX3	TAC1	0.468
RBFOX3	TARDBP	0.641
RBFOX3	TH	0.713
RBFOX3	TLR4	0.569
RBFOX3	TNF	0.554
RBFOX3	TP53	0.42
RBFOX3	TREM2	0.401
RBFOX3	UCHL1	0.424
RET	SDHB	0.883
RET	SRC	0.859
RET	STAT3	0.887
RET	TH	0.544
RET	TP53	0.801
RET	TRAF6	0.557
RIPK1	RIPK3	0.999
RIPK1	SIRT1	0.581
RIPK1	SQSTM1	0.997
RIPK1	STAT3	0.481
RIPK1	STUB1	0.642
RIPK1	TLR2	0.639
RIPK1	TLR4	0.962
RIPK1	TNF	0.999
RIPK1	TP53	0.626
RIPK1	TRAF2	0.999
RIPK1	TRAF6	0.998
RIPK1	VDAC1	0.561
RIPK3	SQSTM1	0.619
RIPK3	STUB1	0.784
RIPK3	TLR2	0.617
RIPK3	TLR4	0.832
RIPK3	TNF	0.998
RIPK3	TP53	0.422
RIPK3	TRAF2	0.963
RIPK3	TRAF6	0.428
S100B	SLC1A2	0.691
S100B	SNCA	0.513
S100B	SOD1	0.407
S100B	SRC	0.477
S100B	STAT3	0.424
S100B	SYN1	0.492
S100B	SYP	0.528
S100B	TH	0.479
S100B	TLR4	0.844
S100B	TNF	0.58
S100B	TP53	0.995
S100B	TREM2	0.428
S100B	UCHL1	0.699
SCARB2	SDHB	0.439
SCARB2	SIRT1	0.661
SCARB2	SNCA	0.682
SCARB2	SRC	0.703
SCARB2	STAT3	0.508
SCARB2	TAC1	0.433
SCARB2	TFRC	0.917
SCARB2	TGFB1	0.527
SCARB2	TLR2	0.996
SCARB2	TLR4	0.996
SCARB2	TNF	0.68
SCARB2	TP53	0.416
SCARB2	TREM2	0.525
SCARB2	UCP2	0.564
SDHB	SIRT3	0.567
SDHB	SOD2	0.614
SDHB	SOD2-2	0.611
SDHB	TAC1	0.401
SDHB	TFAM	0.586
SDHB	TMEM230	0.424
SDHB	TNF	0.435
SDHB	TOMM20	0.6
SDHB	TP53	0.526
SDHB	VDAC1	0.716
SDHB	VDAC2	0.541
SIRT1	SIRT3	0.46
SIRT1	SNCA	0.518
SIRT1	SOD1	0.638
SIRT1	SOD2	0.773
SIRT1	SOD2-2	0.773
SIRT1	SQSTM1	0.707
SIRT1	SRC	0.454
SIRT1	STAT3	0.817
SIRT1	TAC1	0.461
SIRT1	TFAM	0.903
SIRT1	TFEB	0.543
SIRT1	TGFB1	0.594
SIRT1	TLR4	0.609
SIRT1	TNF	0.706
SIRT1	TP53	0.999
SIRT1	TRAF6	0.455
SIRT1	TXN	0.595
SIRT1	UCP2	0.668
SIRT1	VDAC1	0.431
SIRT1	XBP1	0.483
SIRT1	XDH	0.477
SIRT3	SOD1	0.439
SIRT3	SOD2	0.895
SIRT3	SOD2-2	0.833
SIRT3	STAT3	0.407
SIRT3	TFAM	0.803
SIRT3	TNF	0.446
SIRT3	TOMM20	0.418
SIRT3	TP53	0.75
SIRT3	TXN	0.458
SIRT3	UCP2	0.592
SIRT3	VDAC1	0.526
SLC11A2	SLC40A1	0.987
SLC11A2	SNCA	0.402
SLC11A2	SOD1	0.412
SLC11A2	SOD2	0.423
SLC11A2	SOD2-2	0.415
SLC11A2	TFRC	0.96
SLC11A2	TH	0.506
SLC11A2	VPS35	0.435
SLC18A2	SLC6A3	0.966
SLC18A2	SNCA	0.979
SLC18A2	SYN1	0.7
SLC18A2	SYP	0.524
SLC18A2	TH	0.966
SLC1A2	SLC6A3	0.54
SLC1A2	SNCA	0.812
SLC1A2	SOD1	0.731
SLC1A2	SYN1	0.511
SLC1A2	SYP	0.515
SLC1A2	TAC1	0.403
SLC1A2	TARDBP	0.719
SLC1A2	TH	0.475
SLC1A2	TNF	0.451
SLC1A2	VDAC2	0.424
SLC40A1	TFRC	0.936
SLC6A3	SNCA	0.996
SLC6A3	SNCAIP	0.749
SLC6A3	SNCB	0.567
SLC6A3	SYN1	0.475
SLC6A3	SYP	0.482
SLC6A3	TAC1	0.636
SLC6A3	TH	0.95
SLC6A3	VPS35	0.418
SNCA	SNCAIP	0.999
SNCA	SNCB	0.828
SNCA	SOD1	0.897
SNCA	SQSTM1	0.889
SNCA	SRC	0.508
SNCA	STUB1	0.873
SNCA	SYN1	0.814
SNCA	SYP	0.686
SNCA	TAC1	0.524
SNCA	TARDBP	0.994
SNCA	TFAM	0.411
SNCA	TFEB	0.587
SNCA	TH	0.997
SNCA	TLR2	0.906
SNCA	TLR4	0.752
SNCA	TMEM230	0.567
SNCA	TNF	0.594
SNCA	TOMM20	0.985
SNCA	TP53	0.681
SNCA	TRAF6	0.633
SNCA	TREM2	0.553
SNCA	UCHL1	0.957
SNCA	VCP	0.513
SNCA	VDAC1	0.979
SNCA	VDAC2	0.427
SNCA	VPS35	0.778
SNCA	XBP1	0.435
SNCAIP	SNCB	0.745
SNCAIP	STUB1	0.651
SNCAIP	UCHL1	0.648
SNCB	SYN1	0.624
SNCB	SYP	0.531
SNCB	TH	0.437
SNCB	UCHL1	0.719
SOD1	SOD2	0.994
SOD1	SOD2-2	0.908
SOD1	SQSTM1	0.91
SOD1	STUB1	0.681
SOD1	SYP	0.407
SOD1	TAC1	0.459
SOD1	TARDBP	0.989
SOD1	TFAM	0.448
SOD1	TLR2	0.567
SOD1	TLR4	0.631
SOD1	TNF	0.574
SOD1	TOMM20	0.53
SOD1	TP53	0.514
SOD1	TREM2	0.418
SOD1	TXN	0.876
SOD1	UCHL1	0.516
SOD1	UCP2	0.404
SOD1	VCP	0.772
SOD1	VDAC1	0.996
SOD1	XBP1	0.528
SOD1	XDH	0.612
SOD2	STAT3	0.518
SOD2	TFAM	0.805
SOD2	TGFB1	0.438
SOD2	TLR4	0.474
SOD2	TNF	0.611
SOD2	TOMM20	0.54
SOD2	TP53	0.644
SOD2	TXN	0.728
SOD2	UCP2	0.614
SOD2	VDAC1	0.777
SOD2	VDAC2	0.62
SOD2	XDH	0.519
SOD2-2	STAT3	0.439
SOD2-2	TFAM	0.805
SOD2-2	TGFB1	0.436
SOD2-2	TLR4	0.453
SOD2-2	TNF	0.599
SOD2-2	TOMM20	0.539
SOD2-2	TP53	0.643
SOD2-2	TXN	0.706
SOD2-2	UCP2	0.617
SOD2-2	VDAC1	0.788
SOD2-2	VDAC2	0.617
SOD2-2	XDH	0.519
SQSTM1	SRC	0.624
SQSTM1	STAT3	0.68
SQSTM1	STUB1	0.633
SQSTM1	TARDBP	0.95
SQSTM1	TFAM	0.431
SQSTM1	TFEB	0.747
SQSTM1	TGFB1	0.618
SQSTM1	TLR4	0.577
SQSTM1	TNF	0.675
SQSTM1	TOMM20	0.6
SQSTM1	TP53	0.901
SQSTM1	TRAF2	0.931
SQSTM1	TRAF6	0.999
SQSTM1	VCP	0.884
SQSTM1	VDAC1	0.994
SQSTM1	XBP1	0.456
SRC	STAT3	0.999
SRC	STUB1	0.565
SRC	SYN1	0.668
SRC	TAC1	0.627
SRC	TFRC	0.409
SRC	TGFB1	0.787
SRC	TH	0.518
SRC	TLR2	0.697
SRC	TLR4	0.88
SRC	TNF	0.904
SRC	TP53	0.884
SRC	TRAF6	0.996
SRC	TXN	0.447
STAT3	STUB1	0.432
STAT3	TFAM	0.577
STAT3	TFRC	0.504
STAT3	TGFB1	0.87
STAT3	TLR2	0.656
STAT3	TLR4	0.846
STAT3	TNF	0.939
STAT3	TP53	0.994
STAT3	TRAF6	0.887
STAT3	TXN	0.581
STAT3	XBP1	0.57
STUB1	TFEB	0.518
STUB1	TLR4	0.522
STUB1	TP53	0.968
STUB1	TRAF2	0.502
STUB1	TRAF6	0.861
STUB1	VCP	0.812
SYN1	SYP	0.984
SYN1	TARDBP	0.412
SYN1	TH	0.626
SYP	TAC1	0.51
SYP	TH	0.761
SYP	TP53	0.628
SYP	UCHL1	0.603
TAC1	TGFB1	0.557
TAC1	TH	0.836
TAC1	TLR4	0.723
TAC1	TNF	0.653
TAC1	UCHL1	0.687
TARDBP	TFEB	0.436
TARDBP	TREM2	0.58
TARDBP	VCP	0.964
TARDBP	VDAC1	0.577
TARDBP	VPS35	0.476
TARDBP	XBP1	0.405
TFAM	TFEB	0.451
TFAM	TNF	0.411
TFAM	TOMM20	0.817
TFAM	TP53	0.959
TFAM	TXN	0.423
TFAM	UCP2	0.652
TFAM	VDAC1	0.808
TFAM	VDAC2	0.404
TFAM	XBP1	0.421
TFEB	TP53	0.454
TFRC	TLR4	0.438
TFRC	TNF	0.725
TFRC	TP53	0.607
TFRC	VCP	0.534
TFRC	VDAC1	0.442
TFRC	VDAC2	0.427
TGFB1	TLR2	0.676
TGFB1	TLR4	0.721
TGFB1	TNF	0.941
TGFB1	TP53	0.809
TGFB1	TRAF6	0.455
TGFB1	TXN	0.45
TGFB1	XDH	0.409
TH	TLR4	0.555
TH	TNF	0.496
TH	UCHL1	0.631
TH	UCP2	0.617
TLR2	TLR4	0.999
TLR2	TNF	0.951
TLR2	TP53	0.435
TLR2	TRAF6	0.909
TLR2	TREM2	0.525
TLR2	VDAC1	0.788
TLR4	TNF	0.969
TLR4	TP53	0.592
TLR4	TRAF2	0.563
TLR4	TRAF6	0.999
TLR4	TREM2	0.762
TLR4	TXN	0.462
TLR4	XBP1	0.485
TLR4	XDH	0.82
TMEM230	VPS35	0.651
TNF	TP53	0.865
TNF	TRAF2	0.999
TNF	TRAF6	0.998
TNF	TREM2	0.59
TNF	TXN	0.622
TNF	UCHL1	0.446
TNF	UCP2	0.649
TNF	VDAC2	0.417
TNF	XBP1	0.55
TNF	XDH	0.598
TOMM20	VDAC1	0.964
TOMM20	VDAC2	0.792
TP53	TRAF2	0.512
TP53	TRAF6	0.954
TP53	TXN	0.899
TP53	UCHL1	0.795
TP53	UCP2	0.411
TP53	VCP	0.709
TP53	VDAC1	0.772
TP53	XBP1	0.529
TP53	XDH	0.431
TRAF2	TRAF6	0.995
TRAF2	VDAC1	0.41
TRAF2	XBP1	0.568
TRAF6	TXN	0.487
TRAF6	UCHL1	0.468
TRAF6	VCP	0.602
TXN	UCP2	0.445
TXN	VCP	0.544
TXN	VDAC1	0.532
TXN	XDH	0.619
UCHL1	VPS35	0.492
UCP2	VDAC1	0.46
VCP	VDAC1	0.446
VCP	VPS35	0.503
VDAC1	VDAC2	0.998
VDAC1	VPS35	0.467
VDAC1	XBP1	0.579
VDAC2	XBP1	0.434
