rank,drug_a,drug_b,priority_score,p_empirical,q_value,permutation_z,signed_reversal,reversal_efficiency,reversal_gain_over_best_single,counter_therapeutic,gene_coverage,pathway_coverage,axis_coverage,target_complementarity,compartment_complementarity,cns_reach,regimen_compatibility,network_separation,proximity_z_a,proximity_z_b,complementary_exposure,evidence_score,uncertainty,safety_union,safety_overlap,worst_risk_domain,same_mechanism,shared_safety_class,redundant_targets,excluded_from_primary_ranking,pareto_optimal
1,Clemastine,Minocycline,1.5108,0.00249,0.00837,5.1381,0.0971,0.4244,0.0477,0.0,0.2288,0.6,0.6,1.0,1.0,0.75,1.0,0.2778,-0.7049,-3.6179,True,0.3333,0.475,0.1157,0.001,autoimmunity,False,False,False,False,True
2,Minocycline,Opicinumab,1.5017,0.00249,0.00837,4.5551,0.0991,0.423,0.0494,0.0,0.2343,0.6,0.6,1.0,1.0,0.7,0.6867,0.2778,-3.6179,-0.7473,True,0.3333,0.525,0.1157,0.001,autoimmunity,False,False,False,False,True
3,Minocycline,Ocrelizumab,1.4876,0.00249,0.00837,2.9138,0.0935,0.4845,0.0441,0.0,0.193,0.7,0.6,1.0,1.0,0.7,0.5533,0.2222,-3.6179,-2.7449,True,0.3333,0.325,0.2657,0.0118,infection,False,False,False,False,True
4,Minocycline,Ofatumumab,1.4703,0.00249,0.00837,2.6717,0.0895,0.4867,0.0401,0.0,0.1839,0.6,0.6,1.0,1.0,0.7,0.6867,0.2917,-3.6179,-2.3838,True,0.3333,0.325,0.2392,0.0098,infection,False,False,False,False,True
5,Clemastine,Ocrelizumab,1.4673,0.00249,0.00837,3.969,0.0918,0.4916,0.0441,0.0,0.1867,0.3,0.4,1.0,1.0,0.75,0.5533,1.0,-0.7049,-2.7449,True,0.3333,0.35,0.1745,0.0059,infection,False,False,False,False,True
6,Minocycline,Ublituximab,1.4663,0.00249,0.00837,2.6354,0.0886,0.4945,0.0392,0.0,0.1792,0.6,0.6,1.0,1.0,0.7,0.6867,0.3095,-3.6179,-2.5884,True,0.3333,0.35,0.2392,0.0098,infection,False,False,False,False,True
7,Minocycline,Rituximab,1.4463,0.00249,0.00837,2.9457,0.0862,0.481,0.0368,0.0,0.1792,0.6,0.6,1.0,1.0,0.7,0.5533,0.3095,-3.6179,-2.5884,True,0.3333,0.35,0.2569,0.0108,infection,False,False,False,False,False
8,Clemastine,Ibudilast,1.4457,0.00249,0.00837,4.3378,0.088,0.3989,0.0403,0.0,0.2205,0.4,0.6,1.0,1.0,0.75,1.0,0.2222,-0.7049,-4.4103,True,0.3333,0.475,0.0559,0.001,infection,False,False,False,False,True
9,Clemastine,Ofatumumab,1.4435,0.00249,0.00837,3.6415,0.0878,0.4942,0.0401,0.0,0.1776,0.2,0.4,1.0,1.0,0.75,0.6867,1.0,-0.7049,-2.3838,True,0.3333,0.35,0.1471,0.0049,infection,False,False,False,False,True
10,Clemastine,Methylprednisolone,1.4384,0.00249,0.00837,5.2047,0.1034,0.416,0.0477,0.0,0.2486,0.4,0.4,1.0,0.75,0.75,0.82,0.5944,-0.7049,-3.1022,True,0.3333,0.4,0.1304,0.0049,infection,False,False,False,False,True
11,Clemastine,Ublituximab,1.4382,0.00499,0.01301,3.5487,0.0869,0.5025,0.0392,0.0,0.1728,0.2,0.4,1.0,1.0,0.75,0.6867,1.0,-0.7049,-2.5884,True,0.3333,0.375,0.1471,0.0049,infection,False,False,False,False,True
12,Frexalimab,Minocycline,1.4345,0.00249,0.00837,3.2086,0.0847,0.4164,0.0353,0.0,0.2035,0.7,0.6,1.0,1.0,0.7,0.6867,0.0625,-2.5456,-3.6179,True,0.3333,0.425,0.1775,0.0078,infection,False,False,False,False,True
13,High-dose biotin,Minocycline,1.4283,0.00249,0.00837,4.149,0.0694,0.3786,0.02,0.0,0.1832,0.7,0.8,1.0,1.0,0.7,1.0,0.2222,-0.7599,-3.6179,True,0.3333,0.55,0.1069,0.0,autoimmunity,False,False,False,False,True
14,Opicinumab,Tolebrutinib,1.4267,0.00249,0.00837,4.1591,0.0924,0.4134,0.0428,0.0,0.2236,0.5,0.6,1.0,0.75,0.8,0.6867,0.4667,-0.7473,-3.3227,True,0.3333,0.475,0.1711,0.0034,hepatic,False,False,False,False,False
15,Ibudilast,Ocrelizumab,1.4258,0.00998,0.02038,2.297,0.0843,0.4567,0.0403,0.0,0.1847,0.5,0.6,1.0,1.0,0.7,0.5533,0.2222,-4.4103,-2.7449,True,0.3333,0.325,0.2059,0.0118,infection,False,False,False,False,True
16,Minocycline,Ustekinumab,1.4246,0.00249,0.00837,2.877,0.0887,0.4467,0.0393,0.0,0.1985,0.6,0.6,1.0,1.0,0.7,0.5533,0.0,-3.6179,-1.9172,False,0.3333,0.45,0.1775,0.0078,infection,False,False,False,False,True
17,Clemastine,Dimethyl fumarate,1.4241,0.00249,0.00837,5.0342,0.084,0.417,0.0363,0.0,0.2014,0.4,0.6,1.0,0.75,0.75,1.0,0.7222,-0.7049,-2.3075,True,0.3333,0.375,0.1255,0.0039,infection,False,False,False,False,True
18,Methylprednisolone,Siponimod,1.4229,0.00249,0.00837,3.5705,0.0924,0.3807,0.0367,0.0,0.2428,0.7,0.6,0.9474,0.5,0.65,0.6867,0.05,-3.1022,-2.5366,True,1.0,0.275,0.3125,0.0502,infection,False,False,False,False,True
19,Methylprednisolone,Opicinumab,1.4217,0.00249,0.00837,5.0114,0.1054,0.415,0.0497,0.0,0.2541,0.5,0.4,1.0,0.75,0.6,0.5067,0.5389,-3.1022,-0.7473,True,0.3333,0.45,0.1304,0.0049,infection,False,False,False,False,True
20,High-dose biotin,Ocrelizumab,1.4192,0.00249,0.00837,2.8682,0.064,0.4539,0.02,0.0,0.1411,0.4,0.6,1.0,1.0,0.6,0.5533,0.8611,-0.7599,-2.7449,True,0.6667,0.425,0.1706,0.0,infection,False,False,False,False,True
21,Clemastine,Rituximab,1.4178,0.00249,0.00837,3.7733,0.0844,0.4886,0.0368,0.0,0.1728,0.2,0.4,1.0,1.0,0.75,0.5533,1.0,-0.7049,-2.5884,True,0.3333,0.375,0.1652,0.0054,infection,False,False,False,False,False
22,Inebilizumab,Minocycline,1.4153,0.00249,0.00837,2.8272,0.0843,0.4599,0.0349,0.0,0.1833,0.6,0.6,1.0,1.0,0.7,0.5533,0.2381,-2.8083,-3.6179,True,0.3333,0.4,0.2569,0.0118,infection,False,False,False,False,False
23,Ibudilast,Ofatumumab,1.4128,0.00998,0.02038,2.1006,0.0804,0.4576,0.0401,0.0,0.1756,0.4,0.6,1.0,1.0,0.7,0.6867,0.3472,-4.4103,-2.3838,True,0.3333,0.325,0.1794,0.0098,infection,False,False,False,False,True
24,High-dose biotin,Ublituximab,1.4123,0.00249,0.00837,2.9711,0.0591,0.4647,0.02,0.0,0.1273,0.3,0.6,1.0,1.0,0.6,0.6867,1.0833,-0.7599,-2.5884,True,0.6667,0.45,0.1422,0.0,infection,False,False,False,False,True
25,Clemastine,Frexalimab,1.4096,0.00249,0.00837,4.4441,0.083,0.421,0.0353,0.0,0.1972,0.3,0.4,1.0,1.0,0.75,0.6867,0.8194,-0.7049,-2.5456,True,0.3333,0.45,0.0843,0.0039,infection,False,False,False,False,True
26,Ibudilast,Opicinumab,1.4087,0.00249,0.00837,3.9004,0.089,0.4231,0.0393,0.0,0.2104,0.4,0.6,0.9412,1.0,0.7,0.6867,0.0556,-4.4103,-0.7473,True,0.3333,0.525,0.0559,0.001,infection,False,False,False,False,True
27,Ibudilast,Ublituximab,1.4083,0.00998,0.02038,2.1179,0.0794,0.465,0.0392,0.0,0.1709,0.4,0.6,1.0,1.0,0.7,0.6867,0.3651,-4.4103,-2.5884,True,0.3333,0.35,0.1794,0.0098,infection,False,False,False,False,True
28,Dimethyl fumarate,Opicinumab,1.407,0.00249,0.00837,4.7582,0.086,0.4156,0.0363,0.0,0.2068,0.5,0.6,1.0,0.75,0.55,0.6867,0.6667,-2.3075,-0.7473,True,0.3333,0.425,0.1255,0.0039,infection,False,False,False,False,True
29,Clemastine,Interferon beta-1a,1.4033,0.00249,0.00837,5.65,0.0817,0.359,0.034,0.0031,0.2276,0.4,0.4,1.0,1.0,0.75,0.82,0.6667,-0.7049,-3.5867,True,0.3333,0.4,0.1064,0.0015,hepatic,False,False,False,False,True
30,Clemastine,Ustekinumab,1.4029,0.00249,0.00837,4.6668,0.0869,0.4524,0.0393,0.0,0.1922,0.2,0.4,1.0,1.0,0.75,0.5533,0.7778,-0.7049,-1.9172,True,0.3333,0.475,0.0843,0.0039,infection,False,False,False,False,True
31,Ocrelizumab,Opicinumab,1.401,0.00249,0.00837,3.7852,0.0938,0.488,0.0441,0.0,0.1921,0.4,0.4,1.0,1.0,0.2,0.5067,1.0,-2.7449,-0.7473,True,0.3333,0.4,0.1745,0.0059,infection,False,False,False,False,True
32,Dimethyl fumarate,Siponimod,1.3988,0.00249,0.00837,3.1843,0.0732,0.3744,0.0348,0.0,0.1955,0.7,0.8,0.9474,0.5,0.65,0.8667,0.1556,-2.3075,-2.5366,True,1.0,0.25,0.3131,0.0437,infection,False,False,False,False,True
33,Clemastine,Tolebrutinib,1.3975,0.00249,0.00837,4.0813,0.0904,0.4146,0.0428,0.0,0.2182,0.4,0.6,1.0,0.75,0.8,1.0,0.3611,-0.7049,-3.3227,True,0.3333,0.425,0.1711,0.0034,hepatic,False,False,False,False,True
34,Clemastine,Diroximel fumarate,1.3972,0.00249,0.00837,4.9438,0.0783,0.4135,0.0306,0.0,0.1894,0.4,0.6,1.0,0.75,0.75,1.0,0.7302,-0.7049,-1.9273,True,0.3333,0.4,0.1186,0.0039,infection,False,False,False,False,True
35,Ocrelizumab,Siponimod,1.397,0.00249,0.00837,2.4647,0.0825,0.4176,0.0384,0.0,0.1976,0.6,0.6,1.0,0.5,0.65,0.6867,0.4111,-2.7449,-2.5366,True,1.0,0.225,0.3502,0.0576,infection,False,False,False,False,True
36,High-dose biotin,Ofatumumab,1.3932,0.00249,0.00837,2.7385,0.0601,0.4548,0.02,0.0,0.132,0.3,0.6,1.0,1.0,0.6,0.6867,0.8542,-0.7599,-2.3838,True,0.6667,0.425,0.1422,0.0,infection,False,False,False,False,True
37,Clemastine,Inebilizumab,1.3929,0.00249,0.00837,3.8306,0.0826,0.4665,0.0349,0.0,0.177,0.2,0.4,1.0,1.0,0.75,0.5533,1.0,-0.7049,-2.8083,True,0.3333,0.425,0.1657,0.0059,infection,False,False,False,False,False
38,Minocycline,Secukinumab,1.3907,0.00249,0.00837,3.0762,0.0744,0.4452,0.025,0.0,0.1672,0.7,0.6,1.0,1.0,0.7,0.6867,0.0556,-3.6179,-1.895,True,0.3333,0.475,0.1686,0.0069,infection,False,False,False,False,True
39,Ofatumumab,Siponimod,1.3905,0.00499,0.01301,2.3664,0.0785,0.4166,0.0384,0.0,0.1885,0.6,0.6,1.0,0.5,0.65,0.82,0.425,-2.3838,-2.5366,True,1.0,0.225,0.3314,0.048,infection,False,False,False,False,True
40,Glatiramer acetate,Minocycline,1.3881,0.00249,0.00837,3.3393,0.0771,0.3988,0.0276,0.0,0.1932,0.6,0.6,0.9375,1.0,0.7,0.82,-0.1181,-3.0334,-3.6179,False,0.3333,0.4,0.1245,0.002,autoimmunity,False,False,False,False,True
41,Ibudilast,Rituximab,1.3877,0.00748,0.01683,2.2094,0.077,0.4509,0.0368,0.0,0.1709,0.4,0.6,1.0,1.0,0.7,0.5533,0.3651,-4.4103,-2.5884,True,0.3333,0.35,0.1971,0.0108,infection,False,False,False,False,False
42,High-dose biotin,Rituximab,1.3868,0.00249,0.00837,3.1354,0.0567,0.4457,0.02,0.0,0.1273,0.3,0.6,1.0,1.0,0.6,0.5533,1.0833,-0.7599,-2.5884,True,0.6667,0.45,0.1608,0.0,infection,False,False,False,False,False
43,Clemastine,Idebenone,1.3867,0.00249,0.00837,5.3874,0.0649,0.4022,0.0172,0.0,0.1613,0.4,0.6,1.0,1.0,0.75,1.0,0.7222,-0.7049,-0.7029,True,0.3333,0.55,0.0304,0.0,hepatic,False,False,False,False,True
44,Siponimod,Ublituximab,1.3845,0.00249,0.00837,2.5976,0.0776,0.4224,0.0384,0.0,0.1837,0.6,0.6,1.0,0.5,0.65,0.82,0.4429,-2.5366,-2.5884,True,1.0,0.25,0.3314,0.048,infection,False,False,False,False,True
45,Minocycline,Sirolimus,1.3804,0.00249,0.00837,3.1911,0.0735,0.4027,0.0241,0.0,0.1826,0.7,0.8,1.0,1.0,0.7,0.7333,0.0833,-3.6179,-2.0409,True,0.3333,0.5,0.2789,0.0221,infection,False,False,False,False,True
46,Diroximel fumarate,Opicinumab,1.3801,0.00249,0.00837,4.7193,0.0803,0.4122,0.0306,0.0,0.1948,0.5,0.6,1.0,0.75,0.55,0.6867,0.6746,-1.9273,-0.7473,True,0.3333,0.45,0.1186,0.0039,infection,False,False,False,False,True
47,High-dose biotin,Tolebrutinib,1.378,0.00249,0.00837,3.2664,0.0627,0.3634,0.02,0.0,0.1726,0.5,0.8,1.0,0.75,0.8,1.0,0.4167,-0.7599,-3.3227,True,0.6667,0.5,0.1647,0.0,hepatic,False,False,False,False,True
48,Idebenone,Ocrelizumab,1.3776,0.00249,0.00837,2.8116,0.0613,0.4884,0.0172,0.0,0.1255,0.5,0.6,1.0,1.0,0.55,0.5533,0.7778,-0.7029,-2.7449,True,0.3333,0.4,0.1912,0.0,infection,False,False,False,False,True
49,Ofatumumab,Opicinumab,1.377,0.00249,0.00837,3.8426,0.0898,0.4904,0.0401,0.0,0.1831,0.3,0.4,1.0,1.0,0.2,0.82,1.0,-2.3838,-0.7473,True,0.3333,0.4,0.1471,0.0049,infection,False,False,False,False,True
50,Idebenone,Ublituximab,1.3765,0.00249,0.00837,2.9218,0.0564,0.505,0.0172,0.0,0.1116,0.4,0.6,1.0,1.0,0.55,0.6867,1.0,-0.7029,-2.5884,True,0.3333,0.425,0.1627,0.0,infection,False,False,False,False,True
51,Clemastine,Natalizumab,1.3754,0.00249,0.00837,4.2449,0.0881,0.4183,0.0404,0.0,0.2106,0.3,0.4,1.0,1.0,0.75,0.6867,0.5278,-0.7049,-3.0541,True,0.3333,0.35,0.2127,0.0088,infection,False,False,False,False,True
52,High-dose biotin,Methylprednisolone,1.3744,0.00249,0.00837,4.431,0.0757,0.3728,0.02,0.0,0.203,0.5,0.6,1.0,0.75,0.6,0.82,0.35,-0.7599,-3.1022,True,0.6667,0.475,0.1255,0.0,infection,False,False,False,False,True
53,Minocycline,Natalizumab,1.3728,0.00249,0.00837,2.7337,0.0854,0.4548,0.036,0.0,0.1878,0.6,0.6,0.8667,1.0,0.7,0.6867,-0.2361,-3.6179,-3.0541,False,0.3333,0.325,0.2904,0.0282,infection,False,False,False,False,False
54,Opicinumab,Ublituximab,1.3714,0.00249,0.00837,3.6129,0.0889,0.4984,0.0392,0.0,0.1783,0.3,0.4,1.0,1.0,0.2,0.64,1.0,-0.7473,-2.5884,True,0.3333,0.425,0.1471,0.0049,infection,False,False,False,False,True
55,Frexalimab,Ibudilast,1.3713,0.01247,0.02374,2.3545,0.0756,0.3872,0.0353,0.0,0.1952,0.5,0.6,1.0,1.0,0.7,0.6867,0.0625,-2.5456,-4.4103,True,0.3333,0.425,0.1176,0.0078,infection,False,False,False,False,True
56,Clemastine,Secukinumab,1.3687,0.00249,0.00837,4.4742,0.0727,0.4519,0.025,0.0,0.1609,0.3,0.4,1.0,1.0,0.75,0.6867,0.8194,-0.7049,-1.895,True,0.3333,0.5,0.075,0.0034,infection,False,False,False,False,True
57,Clemastine,Interferon beta-1b,1.3677,0.00249,0.00837,4.8178,0.078,0.3599,0.0303,0.0029,0.2168,0.3,0.4,1.0,1.0,0.75,0.82,0.6944,-0.7049,-3.2696,True,0.3333,0.4,0.1064,0.0015,hepatic,False,False,False,False,True
58,Clemastine,Glatiramer acetate,1.3671,0.00249,0.00837,4.9865,0.0761,0.3849,0.0284,0.0,0.1977,0.4,0.4,1.0,1.0,0.75,0.82,0.2917,-0.7049,-3.0334,True,0.3333,0.425,0.0284,0.001,infection,False,False,False,False,True
59,Elezanumab,Minocycline,1.3653,0.00249,0.00837,3.7991,0.0771,0.3944,0.0276,0.0,0.1954,0.6,0.6,0.9333,1.0,0.7,0.6867,-0.127,-2.7183,-3.6179,False,0.3333,0.525,0.1157,0.001,autoimmunity,False,False,False,False,False
60,Rituximab,Siponimod,1.3651,0.00249,0.00837,2.5691,0.0752,0.4092,0.0368,0.0,0.1837,0.6,0.6,1.0,0.5,0.65,0.6867,0.4429,-2.5884,-2.5366,True,1.0,0.25,0.3443,0.0537,infection,False,False,False,False,False
61,Minocycline,Tocilizumab,1.3644,0.00249,0.00837,2.9313,0.084,0.453,0.0346,0.0,0.1854,0.6,0.6,0.9286,1.0,0.7,0.6867,-0.1389,-3.6179,-1.8119,False,0.3333,0.45,0.2539,0.0255,infection,False,False,False,False,True
62,Methylprednisolone,Minocycline,1.3637,0.00249,0.00837,3.2772,0.0949,0.4753,0.0391,0.0,0.1996,0.6,0.6,0.7333,0.75,0.7,0.82,-0.4222,-3.1022,-3.6179,False,0.3333,0.375,0.2225,0.0098,infection,False,False,False,False,True
63,Ibudilast,Natalizumab,1.3624,0.00499,0.01301,2.5101,0.0807,0.3867,0.0403,0.0,0.2086,0.5,0.6,1.0,1.0,0.7,0.6867,0.0,-4.4103,-3.0541,False,0.3333,0.325,0.2412,0.0176,infection,False,False,False,False,True
64,Diroximel fumarate,Siponimod,1.3622,0.00499,0.01301,3.3353,0.0676,0.3686,0.0292,0.0,0.1835,0.7,0.8,0.9412,0.5,0.65,0.8667,0.1,-1.9273,-2.5366,True,1.0,0.275,0.3083,0.0417,infection,False,False,False,False,True
65,Clemastine,Laquinimod,1.3621,0.00249,0.00837,5.2015,0.0793,0.3765,0.0316,0.0,0.2107,0.5,0.8,1.0,0.75,0.75,0.8667,0.1111,-0.7049,-4.2322,True,0.3333,0.5,0.1922,0.0,hepatic,False,False,False,False,True
66,Ibudilast,Ustekinumab,1.362,0.00249,0.00837,2.3733,0.0795,0.4181,0.0393,0.0,0.1902,0.4,0.6,1.0,1.0,0.7,0.5533,0.0,-4.4103,-1.9172,False,0.3333,0.45,0.1176,0.0078,infection,False,False,False,False,True
67,Ibudilast,Methylprednisolone,1.361,0.00249,0.00837,3.1387,0.0908,0.4119,0.035,0.0,0.2203,0.5,0.6,0.8824,0.75,0.7,0.82,-0.2111,-4.4103,-3.1022,False,0.3333,0.375,0.1627,0.0098,infection,False,False,False,False,True
68,High-dose biotin,Ibudilast,1.3599,0.00249,0.00837,3.5568,0.0602,0.3443,0.02,0.0,0.1749,0.5,0.8,1.0,1.0,0.7,1.0,0.2222,-0.7599,-4.4103,True,0.3333,0.55,0.0471,0.0,hepatic,False,False,False,False,True
69,Ibudilast,Inebilizumab,1.3563,0.00249,0.00837,2.238,0.0752,0.4294,0.0349,0.0,0.175,0.4,0.6,1.0,1.0,0.7,0.5533,0.2937,-4.4103,-2.8083,True,0.3333,0.4,0.1971,0.0118,infection,False,False,False,False,False
70,Diroximel fumarate,Minocycline,1.3555,0.00499,0.01301,3.0666,0.0751,0.4847,0.0257,0.0,0.155,0.6,0.8,0.7857,0.75,0.7,1.0,-0.381,-1.9273,-3.6179,False,0.3333,0.375,0.2032,0.0164,infection,False,False,False,False,True
71,Idebenone,Ofatumumab,1.3544,0.00249,0.00837,2.7242,0.0573,0.4922,0.0172,0.0,0.1164,0.4,0.6,1.0,1.0,0.55,0.6867,0.7708,-0.7029,-2.3838,True,0.3333,0.4,0.1627,0.0,infection,False,False,False,False,True
72,Clemastine,Peginterferon beta-1a,1.3537,0.00249,0.00837,4.9567,0.0756,0.3697,0.028,0.003,0.2046,0.3,0.4,1.0,1.0,0.75,0.6867,0.6587,-0.7049,-2.577,True,0.3333,0.4,0.0995,0.0015,hepatic,False,False,False,False,True
73,Opicinumab,Rituximab,1.3513,0.00249,0.00837,3.5644,0.0864,0.4848,0.0368,0.0,0.1783,0.3,0.4,1.0,1.0,0.2,0.5067,1.0,-0.7473,-2.5884,True,0.3333,0.425,0.1652,0.0054,infection,False,False,False,False,False
74,Minocycline,Ponesimod,1.3511,0.00249,0.00837,2.8388,0.0695,0.4155,0.0201,0.0,0.1672,0.7,0.6,1.0,1.0,0.7,1.0,0.0,-3.6179,-1.5016,False,0.3333,0.35,0.2444,0.0164,infection,False,False,False,False,False
75,Elezanumab,Tolebrutinib,1.3505,0.00249,0.00837,3.3571,0.0713,0.3629,0.0285,0.0,0.1964,0.5,0.8,1.0,0.75,0.8,0.6867,0.2,-2.7183,-3.3227,True,0.3333,0.475,0.1711,0.0034,hepatic,False,False,False,False,False
76,Clemastine,Sirolimus,1.3487,0.00249,0.00837,4.6087,0.0718,0.4072,0.0241,0.0,0.1763,0.3,0.6,1.0,1.0,0.75,0.7333,0.7778,-0.7049,-2.0409,True,0.3333,0.525,0.198,0.0059,infection,False,False,False,False,False
77,Clemastine,Tocilizumab,1.3484,0.00249,0.00837,4.0676,0.083,0.4372,0.0353,0.0,0.1898,0.3,0.4,1.0,1.0,0.75,0.6867,0.5556,-0.7049,-1.8119,True,0.3333,0.475,0.1765,0.0059,infection,False,False,False,False,False
78,Idebenone,Rituximab,1.3483,0.00249,0.00837,3.0879,0.054,0.4833,0.0172,0.0,0.1116,0.4,0.6,1.0,1.0,0.55,0.5533,1.0,-0.7029,-2.5884,True,0.3333,0.425,0.1814,0.0,infection,False,False,False,False,False
79,Elezanumab,Methylprednisolone,1.347,0.00249,0.00837,4.1909,0.0843,0.3714,0.0285,0.0,0.2269,0.5,0.6,1.0,0.75,0.6,0.5067,0.1429,-2.7183,-3.1022,True,0.3333,0.45,0.1304,0.0049,infection,False,False,False,False,True
80,High-dose biotin,Siponimod,1.3464,0.00249,0.00837,3.3787,0.056,0.3731,0.0176,0.0,0.1501,0.6,1.0,0.8571,0.75,0.65,0.8667,0.3,-0.7599,-2.5366,True,0.6667,0.45,0.2373,0.0,infection,False,False,False,False,True
81,Minocycline,Natalizumab-biosimilar,1.3449,0.00249,0.00837,2.3762,0.0746,0.4678,0.0251,0.0,0.1594,0.6,0.6,0.9231,1.0,0.7,0.6867,-0.1556,-3.6179,-3.1195,False,0.3333,0.375,0.2657,0.0176,infection,False,False,False,False,False
82,Alemtuzumab,Minocycline,1.3434,0.00249,0.00837,3.193,0.0907,0.3933,0.0413,0.0,0.2306,0.7,0.6,1.0,1.0,0.7,0.42,0.0,-3.018,-3.6179,False,0.3333,0.35,0.4886,0.0633,autoimmunity,False,False,False,False,True
83,Clemastine,Siponimod,1.3429,0.00249,0.00837,3.6138,0.0811,0.4318,0.0334,0.0,0.1878,0.5,0.8,0.8125,0.75,0.75,0.8667,-0.2167,-0.7049,-2.5366,False,0.3333,0.375,0.2431,0.0039,infection,False,False,False,False,True
84,Ibudilast,Interferon beta-1a,1.3424,0.00249,0.00837,3.1107,0.0734,0.3417,0.0331,0.0031,0.2148,0.5,0.6,0.9412,1.0,0.7,0.82,-0.1111,-4.4103,-3.5867,False,0.3333,0.375,0.1284,0.0167,hepatic,False,False,False,False,True
85,Fenebrutinib,Opicinumab,1.3408,0.00249,0.00837,3.7513,0.0794,0.412,0.0297,0.0,0.1928,0.5,0.6,1.0,0.75,0.6,0.6867,0.381,-2.6962,-0.7473,True,0.3333,0.475,0.1436,0.0034,infection,False,False,False,False,False
86,Cholecalciferol,Minocycline,1.3404,0.00249,0.00837,3.4061,0.0694,0.3744,0.0199,0.0,0.1852,0.6,0.8,1.0,0.75,0.7,0.7333,0.0,-2.0037,-3.6179,False,0.3333,0.525,0.1069,0.0,autoimmunity,False,False,False,False,True
87,Frexalimab,Opicinumab,1.3399,0.00249,0.00837,3.9195,0.085,0.4195,0.0353,0.0,0.2026,0.4,0.4,1.0,1.0,0.2,0.64,0.7639,-2.5456,-0.7473,True,0.3333,0.5,0.0843,0.0039,infection,False,False,False,False,True
88,Alpha-lipoic acid,Clemastine,1.3388,0.00249,0.00837,5.1821,0.065,0.3878,0.0173,0.0,0.1677,0.4,0.6,1.0,0.75,0.75,1.0,0.6508,-1.7729,-0.7049,True,0.3333,0.525,0.0098,0.0,infection,False,False,False,False,True
89,Ibudilast,Interferon beta-1b,1.3386,0.00249,0.00837,3.0201,0.0706,0.3287,0.0303,0.0029,0.2148,0.5,0.6,1.0,1.0,0.7,0.82,0.0,-4.4103,-3.2696,False,0.3333,0.375,0.1284,0.0167,hepatic,False,False,False,False,True
90,Interferon beta-1a,Minocycline,1.338,0.00249,0.00837,2.8145,0.0771,0.3973,0.0277,0.0031,0.1941,0.6,0.6,0.8,1.0,0.7,0.82,-0.3333,-3.5867,-3.6179,False,0.3333,0.375,0.1848,0.0201,hepatic,False,False,False,False,True
91,Dimethyl fumarate,Ofatumumab,1.3379,0.00499,0.01301,2.5877,0.0764,0.4881,0.0363,0.0,0.1565,0.4,0.4,1.0,0.5,0.55,0.6867,0.4028,-2.3075,-2.3838,True,1.0,0.225,0.2225,0.0392,infection,False,False,False,False,True
92,Methylprednisolone,Ocrelizumab,1.3376,0.00249,0.00837,2.4915,0.0998,0.4691,0.0441,0.0,0.2128,0.4,0.2,1.0,0.5,0.6,0.3733,0.1611,-3.1022,-2.7449,True,1.0,0.25,0.2373,0.0588,infection,False,False,False,False,True
93,Dimethyl fumarate,Ublituximab,1.3354,0.00499,0.01301,2.7945,0.0755,0.4974,0.0363,0.0,0.1517,0.4,0.4,1.0,0.5,0.55,0.6867,0.4206,-2.3075,-2.5884,True,1.0,0.25,0.2225,0.0392,infection,False,False,False,False,True
94,Interferon beta-1a,Opicinumab,1.3354,0.00249,0.00837,4.9042,0.0837,0.3591,0.034,0.0031,0.233,0.5,0.4,1.0,1.0,0.2,0.6867,0.6111,-3.5867,-0.7473,True,0.3333,0.45,0.1064,0.0015,hepatic,False,False,False,False,True
95,Interferon beta-1b,Minocycline,1.3354,0.00249,0.00837,3.139,0.0746,0.3843,0.0252,0.0029,0.1941,0.6,0.6,0.8667,1.0,0.7,0.82,-0.2361,-3.2696,-3.6179,False,0.3333,0.375,0.1848,0.0201,hepatic,False,False,False,False,True
96,Dimethyl fumarate,Ocrelizumab,1.3351,0.00499,0.01301,2.5821,0.0804,0.4855,0.0363,0.0,0.1655,0.4,0.4,1.0,0.5,0.55,0.5533,0.3333,-2.3075,-2.7449,True,1.0,0.225,0.2431,0.0471,infection,False,False,False,False,True
97,Minocycline,Siponimod,1.3348,0.00249,0.00837,3.2098,0.0838,0.3914,0.0344,0.0,0.2142,0.8,0.6,0.8824,0.75,0.7,0.8667,-0.1611,-3.6179,-2.5366,False,0.3333,0.35,0.326,0.0181,infection,False,False,False,False,True
98,Idebenone,Tolebrutinib,1.3337,0.00249,0.00837,3.0752,0.06,0.382,0.0172,0.0,0.1569,0.6,0.8,1.0,0.75,0.8,1.0,0.3833,-0.7029,-3.3227,True,0.3333,0.475,0.1709,0.0144,hepatic,False,False,False,False,False
99,Methylprednisolone,Ofatumumab,1.3335,0.00499,0.01301,2.5762,0.0959,0.4705,0.0401,0.0,0.2038,0.4,0.2,1.0,0.5,0.6,0.6867,0.175,-3.1022,-2.3838,True,1.0,0.25,0.2186,0.049,infection,False,False,False,False,True
100,Natalizumab,Siponimod,1.3334,0.00249,0.00837,2.9395,0.0788,0.3559,0.0384,0.0,0.2215,0.6,0.6,1.0,0.5,0.65,0.82,0.1,-3.0541,-2.5366,True,1.0,0.225,0.3784,0.0706,infection,False,False,False,False,True
101,Opicinumab,Ustekinumab,1.3323,0.00249,0.00837,3.7424,0.0889,0.45,0.0393,0.0,0.1977,0.3,0.4,1.0,1.0,0.2,0.6867,0.7222,-0.7473,-1.9172,True,0.3333,0.525,0.0843,0.0039,infection,False,False,False,False,True
102,Clemastine,Fenebrutinib,1.3321,0.00249,0.00837,3.8452,0.0774,0.4134,0.0297,0.0,0.1873,0.4,0.6,1.0,0.75,0.75,1.0,0.254,-0.7049,-2.6962,True,0.3333,0.425,0.1436,0.0034,infection,False,False,False,False,False
103,Frexalimab,High-dose biotin,1.3312,0.00249,0.00837,2.8794,0.0553,0.3646,0.02,0.0,0.1516,0.4,0.6,1.0,1.0,0.6,0.6867,0.5625,-2.5456,-0.7599,True,0.6667,0.525,0.0784,0.0,infection,False,False,False,False,True
104,Idebenone,Opicinumab,1.3305,0.00249,0.00837,4.5967,0.0661,0.4372,0.0164,0.0,0.1512,0.4,0.6,0.9286,1.0,0.55,0.6867,0.5,-0.7029,-0.7473,True,0.3333,0.6,0.0304,0.0,hepatic,False,False,False,False,True
105,Clemastine,Natalizumab-biosimilar,1.3304,0.00249,0.00837,3.9335,0.0764,0.4481,0.0287,0.0,0.1704,0.3,0.4,1.0,1.0,0.75,0.6867,0.4778,-0.7049,-3.1195,True,0.3333,0.4,0.1775,0.0088,infection,False,False,False,False,False
106,Elezanumab,Ocrelizumab,1.3288,0.00249,0.00837,2.8543,0.0726,0.4401,0.0285,0.0,0.1649,0.4,0.6,1.0,1.0,0.2,0.5067,0.746,-2.7183,-2.7449,True,0.3333,0.4,0.1745,0.0059,infection,False,False,False,False,True
107,Fingolimod,Minocycline,1.3288,0.00249,0.00837,3.3849,0.0792,0.3777,0.0298,0.0,0.2098,0.8,0.6,1.0,0.75,0.7,0.7333,0.0625,-1.9414,-3.6179,True,0.3333,0.35,0.3475,0.0201,infection,False,False,False,False,False
108,Methylprednisolone,Ublituximab,1.3283,0.00249,0.00837,2.5943,0.0949,0.4771,0.0392,0.0,0.199,0.4,0.2,1.0,0.5,0.6,0.5067,0.1929,-3.1022,-2.5884,True,1.0,0.275,0.2186,0.049,infection,False,False,False,False,True
109,Ibudilast,Secukinumab,1.3279,0.00249,0.00837,2.6117,0.0653,0.4109,0.025,0.0,0.1589,0.5,0.6,1.0,1.0,0.7,0.6867,0.1111,-4.4103,-1.895,True,0.3333,0.475,0.1088,0.0069,infection,False,False,False,False,True
110,Inebilizumab,Opicinumab,1.3272,0.00249,0.00837,3.6426,0.0846,0.4635,0.0349,0.0,0.1825,0.3,0.4,1.0,1.0,0.2,0.5067,1.0,-2.8083,-0.7473,True,0.3333,0.475,0.1657,0.0059,infection,False,False,False,False,False
111,Ibudilast,Peginterferon beta-1a,1.3264,0.00249,0.00837,2.8412,0.0682,0.3368,0.028,0.003,0.2026,0.5,0.6,1.0,1.0,0.7,0.6867,0.0,-4.4103,-2.577,False,0.3333,0.375,0.1229,0.0153,hepatic,False,False,False,False,True
112,Minocycline,Peginterferon beta-1a,1.3254,0.00249,0.00837,3.1133,0.072,0.3962,0.0226,0.003,0.1818,0.6,0.6,0.8571,1.0,0.7,0.6867,-0.254,-3.6179,-2.577,False,0.3333,0.375,0.1797,0.0184,hepatic,False,False,False,False,True
113,Clemastine,Teriflunomide,1.3253,0.00249,0.00837,4.4063,0.0718,0.3805,0.0241,0.0,0.1886,0.4,0.6,1.0,0.75,0.75,0.7333,0.7302,-0.7049,-3.0107,True,0.3333,0.375,0.2412,0.0029,teratogenicity,False,False,False,False,False
114,Clemastine,Pioglitazone,1.3251,0.00249,0.00837,5.316,0.0727,0.3814,0.025,0.0,0.1905,0.5,0.6,1.0,0.75,0.75,0.8667,0.4524,-0.7049,-2.6661,True,0.3333,0.55,0.1343,0.0,cardiac,False,False,False,False,False
115,Bexarotene,Minocycline,1.3247,0.00249,0.00837,4.2402,0.0774,0.3984,0.028,0.0009,0.1943,0.7,0.6,1.0,0.75,0.7,0.8667,0.1825,-0.7904,-3.6179,True,0.3333,0.5,0.2311,0.012,teratogenicity,False,False,False,False,False
116,Minocycline,Vidofludimus calcium,1.324,0.00249,0.00837,2.719,0.0705,0.4121,0.0211,0.0,0.1711,0.7,0.8,0.9231,0.75,0.7,0.8667,-0.1556,-3.6179,-1.6832,False,0.3333,0.425,0.2556,0.0169,hepatic,False,False,False,False,False
117,Clemastine,Simvastatin,1.3237,0.00249,0.00837,4.2591,0.0679,0.3762,0.0202,0.0,0.1805,0.5,0.6,1.0,0.75,0.75,1.0,0.4365,-0.7049,-1.7856,True,0.3333,0.475,0.1098,0.0,teratogenicity,False,False,False,False,False
118,Interferon beta-1a,Siponimod,1.3237,0.00249,0.00837,3.1656,0.0707,0.3187,0.0322,0.0031,0.2217,0.7,0.6,0.9444,0.5,0.65,0.6867,0.0444,-3.5867,-2.5366,True,1.0,0.275,0.3029,0.0324,infection,False,False,False,False,True
119,Minocycline,Teriflunomide,1.3235,0.00249,0.00837,2.586,0.0728,0.395,0.0233,0.0,0.1842,0.7,0.8,0.9333,0.75,0.7,0.7333,-0.127,-3.6179,-3.0107,False,0.3333,0.35,0.3147,0.0265,hepatic,False,False,False,False,True
120,Idebenone,Ustekinumab,1.323,0.00249,0.00837,3.1621,0.0565,0.431,0.0172,0.0,0.131,0.4,0.6,1.0,1.0,0.55,0.5533,0.8333,-0.7029,-1.9172,True,0.3333,0.525,0.099,0.0,infection,False,False,False,False,True
121,Opicinumab,Siponimod,1.3216,0.00249,0.00837,3.1803,0.0827,0.4656,0.033,0.0,0.1777,0.5,0.8,0.7333,0.75,0.65,0.82,-0.2722,-0.7473,-2.5366,False,0.3333,0.425,0.2431,0.0039,infection,False,False,False,False,True
122,Ibudilast,Natalizumab-biosimilar,1.3208,0.00748,0.01683,2.3599,0.069,0.4094,0.0287,0.0,0.1684,0.5,0.6,1.0,1.0,0.7,0.6867,0.0556,-4.4103,-3.1195,True,0.3333,0.375,0.2059,0.0176,infection,False,False,False,False,False
123,Minocycline,Tolebrutinib,1.3207,0.00249,0.00837,2.387,0.0835,0.4835,0.034,0.0,0.1726,0.6,0.6,0.7333,0.75,0.8,1.0,-0.3722,-3.6179,-3.3227,False,0.3333,0.4,0.2407,0.0309,hepatic,False,False,False,False,False
124,Metformin,Tolebrutinib,1.3193,0.00249,0.00837,2.983,0.07,0.3721,0.0272,0.0,0.1881,0.6,0.8,1.0,0.5,0.8,1.0,0.1556,-1.6488,-3.3227,True,0.3333,0.425,0.1688,0.0096,hepatic,False,False,False,False,True
125,Idebenone,Methylprednisolone,1.3188,0.00249,0.00837,3.9616,0.073,0.3892,0.0172,0.0,0.1874,0.6,0.6,1.0,0.75,0.6,0.82,0.2333,-0.7029,-3.1022,True,0.3333,0.45,0.1461,0.0,infection,False,False,False,False,False
126,Alemtuzumab,Clemastine,1.3185,0.00249,0.00837,4.528,0.089,0.3966,0.0413,0.0,0.2243,0.3,0.4,1.0,1.0,0.75,0.42,0.7944,-3.018,-0.7049,True,0.3333,0.375,0.4471,0.0078,infection,False,False,False,False,True
127,Clemastine,Vidofludimus calcium,1.3177,0.00249,0.00837,4.5456,0.0695,0.396,0.0219,0.0,0.1756,0.4,0.6,1.0,0.75,0.75,0.8667,0.6444,-0.7049,-1.6832,True,0.3333,0.45,0.173,0.0025,teratogenicity,False,False,False,False,False
128,Diroximel fumarate,Ofatumumab,1.3158,0.00998,0.02038,2.4151,0.0707,0.4895,0.0306,0.0,0.1445,0.4,0.4,1.0,0.5,0.55,0.6867,0.4107,-1.9273,-2.3838,True,1.0,0.25,0.2157,0.0392,infection,False,False,False,False,True
129,Diroximel fumarate,Ibudilast,1.3154,0.00249,0.00837,2.6823,0.0678,0.4208,0.0275,0.0,0.161,0.5,0.8,0.8667,0.75,0.7,1.0,-0.254,-1.9273,-4.4103,False,0.3333,0.375,0.1451,0.0147,infection,False,False,False,False,True
130,Elezanumab,Ofatumumab,1.3144,0.00249,0.00837,2.8578,0.0686,0.4401,0.0285,0.0,0.1559,0.3,0.6,1.0,1.0,0.2,0.82,0.8661,-2.7183,-2.3838,True,0.3333,0.4,0.1471,0.0049,infection,False,False,False,False,True
131,Diroximel fumarate,Ublituximab,1.3141,0.00748,0.01683,2.3578,0.0698,0.4996,0.0306,0.0,0.1397,0.4,0.4,1.0,0.5,0.55,0.6867,0.4286,-1.9273,-2.5884,True,1.0,0.275,0.2157,0.0392,infection,False,False,False,False,True
132,Dimethyl fumarate,Rituximab,1.3131,0.00499,0.01301,2.571,0.073,0.4815,0.0363,0.0,0.1517,0.4,0.4,1.0,0.5,0.55,0.5533,0.4206,-2.3075,-2.5884,True,1.0,0.25,0.2373,0.0431,infection,False,False,False,False,False
133,Ibudilast,Sirolimus,1.3129,0.00249,0.00837,2.6061,0.0644,0.3693,0.0241,0.0,0.1743,0.5,0.8,1.0,1.0,0.7,0.7333,0.0833,-4.4103,-2.0409,True,0.3333,0.5,0.2212,0.02,infection,False,False,False,False,True
134,Methylprednisolone,Tolebrutinib,1.3129,0.00249,0.00837,2.6684,0.0942,0.4321,0.0384,0.0,0.218,0.5,0.4,0.8889,0.5,0.8,0.82,-0.15,-3.1022,-3.3227,False,0.6667,0.325,0.2559,0.0343,infection,False,False,False,False,True
135,High-dose biotin,Interferon beta-1a,1.3123,0.00249,0.00837,4.113,0.054,0.2965,0.02,0.0031,0.182,0.5,0.6,1.0,1.0,0.6,0.82,0.3611,-0.7599,-3.5867,True,0.6667,0.475,0.098,0.0,hepatic,False,False,False,False,True
136,Natalizumab,Opicinumab,1.3114,0.00249,0.00837,4.1583,0.0901,0.417,0.0404,0.0,0.216,0.4,0.4,1.0,1.0,0.2,0.64,0.5278,-3.0541,-0.7473,True,0.3333,0.4,0.2127,0.0088,infection,False,False,False,False,True
137,Diroximel fumarate,Ocrelizumab,1.3111,0.01247,0.02374,2.2032,0.0747,0.4865,0.0306,0.0,0.1535,0.4,0.4,1.0,0.5,0.55,0.5533,0.3254,-1.9273,-2.7449,True,1.0,0.25,0.2363,0.0471,infection,False,False,False,False,False
138,Memantine,Ocrelizumab,1.3099,0.03242,0.04712,1.678,0.0576,0.5015,0.0135,0.0,0.1148,0.3,0.4,1.0,1.0,0.75,0.6867,0.6389,-2.6276,-2.7449,True,0.3333,0.375,0.1706,0.0,infection,False,False,False,False,False
139,Methylprednisolone,Rituximab,1.3099,0.00249,0.00837,2.84,0.0925,0.465,0.0368,0.0,0.199,0.4,0.2,1.0,0.5,0.6,0.3733,0.1929,-3.1022,-2.5884,True,1.0,0.275,0.2324,0.0539,infection,False,False,False,False,False
140,Glatiramer acetate,Ibudilast,1.3091,0.00249,0.00837,2.7794,0.0669,0.3826,0.0266,0.0,0.1748,0.4,0.6,0.8667,1.0,0.7,0.82,-0.2361,-3.0334,-4.4103,False,0.3333,0.4,0.0647,0.002,infection,False,False,False,False,True
141,High-dose biotin,Natalizumab,1.309,0.00249,0.00837,3.1741,0.0603,0.3657,0.02,0.0,0.165,0.4,0.6,1.0,1.0,0.6,0.6867,0.3542,-0.7599,-3.0541,True,0.6667,0.425,0.2118,0.0,infection,False,False,False,False,True
142,Elezanumab,Ublituximab,1.3077,0.00499,0.01301,2.662,0.0677,0.4479,0.0285,0.0,0.1511,0.3,0.6,1.0,1.0,0.2,0.64,0.8571,-2.7183,-2.5884,True,0.3333,0.425,0.1471,0.0049,infection,False,False,False,False,True
143,Laquinimod,Opicinumab,1.3077,0.00249,0.00837,4.1721,0.0804,0.4008,0.0307,0.0,0.2006,0.5,0.8,0.9375,0.75,0.55,0.82,-0.0625,-4.2322,-0.7473,False,0.3333,0.55,0.1922,0.0,hepatic,False,False,False,False,True
144,High-dose biotin,Laquinimod,1.3075,0.00249,0.00837,4.1455,0.0516,0.3125,0.02,0.0,0.1651,0.6,1.0,1.0,0.75,0.6,0.8667,0.1667,-0.7599,-4.2322,True,0.6667,0.575,0.1824,0.0,hepatic,False,False,False,False,True
145,Minocycline,Ozanimod,1.3067,0.00249,0.00837,2.8799,0.0712,0.4164,0.0218,0.0,0.1709,0.7,0.6,1.0,0.75,0.7,0.7333,0.1,-3.6179,-1.8533,True,0.3333,0.35,0.277,0.0181,infection,False,False,False,False,False
146,Memantine,Ublituximab,1.3066,0.03741,0.05212,1.5807,0.0527,0.5217,0.0135,0.0,0.101,0.2,0.4,1.0,1.0,0.75,0.82,0.8036,-2.6276,-2.5884,True,0.3333,0.4,0.1422,0.0,infection,False,False,False,False,True
147,Memantine,Ofatumumab,1.3063,0.0399,0.05461,1.6592,0.0536,0.5068,0.0135,0.0,0.1058,0.2,0.4,1.0,1.0,0.75,0.82,0.8125,-2.6276,-2.3838,True,0.3333,0.375,0.1422,0.0,infection,False,False,False,False,True
148,Glatiramer acetate,High-dose biotin,1.306,0.00249,0.00837,4.2183,0.0483,0.3179,0.02,0.0,0.1521,0.5,0.6,1.0,1.0,0.6,0.82,0.3125,-3.0334,-0.7599,True,0.6667,0.5,0.0196,0.0,infection,False,False,False,False,True
149,High-dose biotin,Ustekinumab,1.3053,0.00249,0.00837,3.1099,0.0592,0.4039,0.02,0.0,0.1466,0.3,0.6,1.0,1.0,0.6,0.5533,0.75,-0.7599,-1.9172,True,0.3333,0.55,0.0784,0.0,infection,False,False,False,False,False
150,Firategrast,Minocycline,1.304,0.00249,0.00837,2.5373,0.066,0.4469,0.0166,0.0,0.1477,0.6,0.6,0.9167,1.0,0.7,1.0,-0.1806,-3.2771,-3.6179,False,0.3333,0.5,0.1951,0.0098,infection,False,False,False,False,False
151,Opicinumab,Secukinumab,1.3032,0.00249,0.00837,4.1011,0.0747,0.4491,0.025,0.0,0.1664,0.4,0.4,1.0,1.0,0.2,0.82,0.8194,-0.7473,-1.895,True,0.3333,0.55,0.075,0.0034,infection,False,False,False,False,True
152,Clemastine,Ponesimod,1.3025,0.00249,0.00837,3.9527,0.0678,0.421,0.0201,0.0,0.1609,0.3,0.4,1.0,1.0,0.75,1.0,0.5139,-0.7049,-1.5016,True,0.3333,0.375,0.1598,0.0039,infection,False,False,False,False,False
153,Opicinumab,Sirolimus,1.3017,0.00249,0.00837,3.8628,0.0738,0.406,0.0241,0.0,0.1817,0.4,0.6,1.0,1.0,0.35,0.6867,0.7222,-0.7473,-2.0409,True,0.3333,0.575,0.198,0.0059,infection,False,False,False,False,False
154,Dimethyl fumarate,Elezanumab,1.3008,0.00249,0.00837,3.7038,0.0648,0.3607,0.0285,0.0,0.1797,0.5,0.8,1.0,0.75,0.55,0.6867,0.1429,-2.3075,-2.7183,True,0.3333,0.425,0.1255,0.0039,infection,False,False,False,False,True
155,Dimethyl fumarate,Tolebrutinib,1.3008,0.00249,0.00837,2.6053,0.0763,0.4469,0.0335,0.0,0.1707,0.5,0.6,0.8889,0.5,0.8,1.0,-0.1611,-2.3075,-3.3227,False,0.6667,0.3,0.228,0.0563,infection,False,False,False,False,True
156,Cholecalciferol,Clemastine,1.3002,0.00249,0.00837,4.7492,0.0676,0.3779,0.0199,0.0,0.1789,0.2,0.6,1.0,0.75,0.75,0.7333,0.6111,-2.0037,-0.7049,True,0.3333,0.55,0.0098,0.0,infection,False,False,False,False,True
157,Interferon beta-1b,Opicinumab,1.2998,0.00249,0.00837,4.7092,0.08,0.3601,0.0303,0.0029,0.2223,0.4,0.4,1.0,1.0,0.2,0.6867,0.6389,-3.2696,-0.7473,True,0.3333,0.45,0.1064,0.0015,hepatic,False,False,False,False,True
158,Ibudilast,Tocilizumab,1.2992,0.00998,0.02038,2.419,0.0747,0.422,0.0344,0.0,0.1771,0.4,0.6,0.9286,1.0,0.7,0.6867,-0.1389,-4.4103,-1.8119,False,0.3333,0.45,0.1969,0.0227,infection,False,False,False,False,False
159,Opicinumab,Orelabrutinib,1.2978,0.00249,0.00837,4.059,0.0721,0.4105,0.0224,0.0,0.1757,0.5,0.6,1.0,0.75,0.55,0.6867,0.3667,-0.7473,-2.8405,True,0.3333,0.525,0.1206,0.0029,infection,False,False,False,False,False
160,Clemastine,Masitinib,1.2976,0.00249,0.00837,4.0912,0.0782,0.4067,0.0305,0.0,0.1922,0.3,0.6,1.0,0.75,0.75,0.8667,0.3095,-0.7049,-3.6789,True,0.3333,0.5,0.1642,0.0034,infection,False,False,False,False,False
161,Glatiramer acetate,Siponimod,1.2962,0.00249,0.00837,2.903,0.0656,0.3418,0.0271,0.0,0.1918,0.6,0.6,0.9412,0.5,0.65,0.6867,-0.0625,-3.0334,-2.5366,False,1.0,0.3,0.249,0.0078,infection,False,False,False,False,True
162,Dimethyl fumarate,Methylprednisolone,1.2954,0.00499,0.01301,2.8438,0.0853,0.486,0.0295,0.0,0.1754,0.4,0.4,0.75,0.5,0.6,0.82,-0.4222,-2.3075,-3.1022,False,1.0,0.275,0.2059,0.0392,infection,False,False,False,False,True
163,Siponimod,Tolebrutinib,1.2948,0.00748,0.01683,2.4934,0.0779,0.383,0.0352,0.0,0.2035,0.7,0.6,0.8889,0.5,0.8,0.8667,-0.1,-2.5366,-3.3227,False,0.6667,0.3,0.3457,0.0563,infection,False,False,False,False,True
164,Idebenone,Secukinumab,1.2942,0.00249,0.00837,3.52,0.0422,0.4235,0.0172,0.0,0.0997,0.5,0.6,1.0,1.0,0.55,0.6867,1.0,-0.7029,-1.895,True,0.3333,0.55,0.0892,0.0,infection,False,False,False,False,True
165,Clemastine,Orelabrutinib,1.2938,0.00249,0.00837,4.0773,0.0701,0.4119,0.0224,0.0,0.1702,0.4,0.6,1.0,0.75,0.75,1.0,0.2111,-0.7049,-2.8405,True,0.3333,0.475,0.1206,0.0029,infection,False,False,False,False,False
166,Opicinumab,Pioglitazone,1.2919,0.00249,0.00837,4.6442,0.0747,0.381,0.025,0.0,0.1959,0.6,0.6,1.0,0.75,0.4,0.82,0.4524,-0.7473,-2.6661,True,0.3333,0.6,0.1343,0.0,cardiac,False,False,False,False,False
167,Clemastine,Nicotinamide riboside,1.2917,0.00249,0.00837,5.0338,0.0631,0.4053,0.0154,0.0,0.1557,0.3,0.6,1.0,0.75,0.75,1.0,0.5222,-0.7049,-0.7234,True,0.3333,0.575,0.0098,0.0,infection,False,False,False,False,False
168,Frexalimab,Idebenone,1.2913,0.00249,0.00837,2.7323,0.0525,0.3862,0.0172,0.0,0.1359,0.5,0.6,1.0,1.0,0.55,0.6867,0.625,-2.5456,-0.7029,True,0.3333,0.5,0.099,0.0,infection,False,False,False,False,False
169,Diroximel fumarate,Rituximab,1.2905,0.00499,0.01301,2.4789,0.0674,0.4823,0.0306,0.0,0.1397,0.4,0.4,1.0,0.5,0.55,0.5533,0.4286,-1.9273,-2.5884,True,1.0,0.275,0.2304,0.0431,infection,False,False,False,False,False
170,Ocrelizumab,Oxcarbazepine,1.2886,0.00499,0.01301,2.0862,0.054,0.4984,0.0099,0.0,0.1084,0.3,0.4,1.0,1.0,0.7,0.5533,1.0,-2.7449,-0.3516,True,0.3333,0.4,0.2569,0.0,infection,False,False,False,False,False
171,Idebenone,Inebilizumab,1.2881,0.00249,0.00837,2.8479,0.0521,0.4498,0.0172,0.0,0.1158,0.4,0.6,1.0,1.0,0.55,0.5533,0.7619,-0.7029,-2.8083,True,0.3333,0.475,0.1824,0.0,infection,False,False,False,False,False
172,Opicinumab,Ponesimod,1.288,0.00249,0.00837,3.7668,0.0697,0.4193,0.0201,0.0,0.1664,0.4,0.4,1.0,1.0,0.45,0.6867,0.6389,-0.7473,-1.5016,True,0.3333,0.425,0.1598,0.0039,infection,False,False,False,False,False
173,Idebenone,Siponimod,1.2868,0.00249,0.00837,3.4848,0.0547,0.3489,0.0162,0.0,0.1567,0.7,0.8,0.9333,0.75,0.65,0.8667,0.5333,-0.7029,-2.5366,True,0.3333,0.425,0.2517,0.0062,infection,False,False,False,False,False
174,Clemastine,Hydroxychloroquine,1.2866,0.00249,0.00837,3.8601,0.0731,0.3975,0.0254,0.0,0.1838,0.3,0.6,1.0,0.75,0.75,0.7333,0.25,-0.7049,-3.2153,True,0.3333,0.525,0.098,0.0,ocular,False,False,False,False,False
175,Opicinumab,Teriflunomide,1.2866,0.00249,0.00837,4.3631,0.0738,0.3801,0.0241,0.0,0.1941,0.5,0.6,1.0,0.75,0.4,0.6867,0.6746,-0.7473,-3.0107,True,0.3333,0.425,0.2412,0.0029,teratogenicity,False,False,False,False,False
176,Fenebrutinib,High-dose biotin,1.2858,0.00249,0.00837,3.3792,0.0497,0.3506,0.02,0.0,0.1417,0.5,0.8,1.0,0.75,0.6,1.0,0.381,-2.6962,-0.7599,True,0.6667,0.5,0.1373,0.0,infection,False,False,False,False,True
177,Opicinumab,Peginterferon beta-1a,1.2856,0.00249,0.00837,4.6072,0.0776,0.3696,0.028,0.003,0.21,0.4,0.4,1.0,1.0,0.2,0.82,0.6032,-0.7473,-2.577,True,0.3333,0.45,0.0995,0.0015,hepatic,False,False,False,False,True
178,Elezanumab,Rituximab,1.2852,0.00249,0.00837,2.8306,0.0653,0.432,0.0285,0.0,0.1511,0.3,0.6,1.0,1.0,0.2,0.5067,0.8571,-2.7183,-2.5884,True,0.3333,0.425,0.1652,0.0054,infection,False,False,False,False,False
179,Cholecalciferol,Opicinumab,1.2841,0.00249,0.00837,4.2409,0.0696,0.3776,0.0199,0.0,0.1844,0.3,0.6,1.0,0.75,0.55,0.6867,0.5556,-2.0037,-0.7473,True,0.3333,0.6,0.0098,0.0,infection,False,False,False,False,True
180,Interferon beta-1b,Siponimod,1.2827,0.00249,0.00837,3.0678,0.0671,0.3182,0.0287,0.0029,0.211,0.6,0.6,0.9412,0.5,0.65,0.6867,0.0375,-3.2696,-2.5366,True,1.0,0.275,0.3029,0.0324,infection,False,False,False,False,True
181,High-dose biotin,Inebilizumab,1.2817,0.00249,0.00837,2.7056,0.0548,0.4173,0.02,0.0,0.1314,0.3,0.6,1.0,1.0,0.6,0.5533,0.8452,-0.7599,-2.8083,True,0.3333,0.5,0.1618,0.0,infection,False,False,False,False,False
182,Alpha-lipoic acid,Tolebrutinib,1.2815,0.00249,0.00837,2.7712,0.0601,0.368,0.0173,0.0,0.1633,0.6,0.8,1.0,0.5,0.8,1.0,0.2714,-1.7729,-3.3227,True,0.3333,0.45,0.1647,0.0,hepatic,False,False,False,False,False
183,Minocycline,Nicotinamide riboside,1.2815,0.00249,0.00837,3.3903,0.0648,0.4002,0.0154,0.0,0.162,0.6,0.6,1.0,0.75,0.7,1.0,0.1222,-3.6179,-0.7234,True,0.3333,0.55,0.1069,0.0,autoimmunity,False,False,False,False,False
184,Ibudilast,Ponesimod,1.2811,0.00499,0.01301,2.1983,0.0603,0.3797,0.0201,0.0,0.1589,0.5,0.6,1.0,1.0,0.7,1.0,0.0,-4.4103,-1.5016,False,0.3333,0.35,0.1863,0.0147,infection,False,False,False,False,False
185,Minocycline,Temelimab,1.281,0.00249,0.00837,2.8923,0.0744,0.413,0.025,0.0,0.1802,0.6,0.6,0.7857,0.75,0.7,0.6867,-0.3542,-3.6179,-2.4721,False,0.3333,0.525,0.1245,0.002,autoimmunity,False,False,False,False,False
186,Alemtuzumab,Ibudilast,1.2805,0.00249,0.00837,2.6644,0.0815,0.3668,0.0403,0.0,0.2223,0.5,0.6,1.0,1.0,0.7,0.42,0.0,-3.018,-4.4103,False,0.3333,0.35,0.4765,0.0157,infection,False,False,False,False,True
187,Methylprednisolone,Temelimab,1.2798,0.00249,0.00837,3.797,0.0847,0.3755,0.0289,0.0,0.2255,0.5,0.6,0.9412,0.5,0.6,0.5067,0.075,-3.1022,-2.4721,True,0.3333,0.45,0.1353,0.0098,infection,False,False,False,False,True
188,Lamotrigine,Ocrelizumab,1.2788,0.01995,0.0334,1.7733,0.0574,0.4781,0.0133,0.0,0.1201,0.3,0.4,1.0,1.0,0.7,0.5533,0.6389,-3.0679,-2.7449,True,0.3333,0.375,0.198,0.0,infection,False,False,False,False,False
189,Masitinib,Opicinumab,1.2788,0.00249,0.00837,3.8554,0.0802,0.4056,0.0305,0.0,0.1977,0.4,0.6,1.0,0.75,0.5,0.82,0.3095,-3.6789,-0.7473,True,0.3333,0.55,0.1642,0.0034,infection,False,False,False,False,False
190,Opicinumab,Vidofludimus calcium,1.2786,0.00249,0.00837,4.0806,0.0715,0.3951,0.0219,0.0,0.181,0.5,0.6,1.0,0.75,0.4,0.82,0.5889,-0.7473,-1.6832,True,0.3333,0.5,0.173,0.0025,teratogenicity,False,False,False,False,False
191,Cladribine,Minocycline,1.2783,0.00249,0.00837,3.2059,0.0763,0.3871,0.0269,0.0,0.1971,0.7,0.6,1.0,0.75,0.7,0.6,0.0,-2.961,-3.6179,False,0.3333,0.375,0.3716,0.0118,infection,False,False,False,False,False
192,Glatiramer acetate,Opicinumab,1.2783,0.00249,0.00837,4.6444,0.0781,0.3844,0.0284,0.0,0.2031,0.4,0.4,1.0,1.0,0.2,0.6867,0.2361,-3.0334,-0.7473,True,0.3333,0.475,0.0284,0.001,infection,False,False,False,False,True
193,Siponimod,Teriflunomide,1.2783,0.00998,0.02038,2.3947,0.061,0.3338,0.0226,0.0,0.1828,0.7,0.8,0.9375,0.5,0.65,0.8667,-0.0214,-2.5366,-3.0107,False,1.0,0.25,0.4233,0.0482,infection,False,False,False,False,False
194,Opicinumab,Tocilizumab,1.2782,0.00249,0.00837,3.916,0.085,0.4352,0.0353,0.0,0.1953,0.4,0.4,1.0,1.0,0.2,0.64,0.5,-0.7473,-1.8119,True,0.3333,0.525,0.1765,0.0059,infection,False,False,False,False,False
195,Diroximel fumarate,Methylprednisolone,1.2777,0.00249,0.00837,2.9872,0.0808,0.4688,0.0251,0.0,0.1724,0.4,0.4,0.8,0.5,0.6,0.82,-0.3643,-1.9273,-3.1022,False,1.0,0.3,0.199,0.0392,infection,False,False,False,False,True
196,Clemastine,Firategrast,1.2773,0.00249,0.00837,4.0633,0.0669,0.4213,0.0192,0.0,0.1587,0.3,0.4,1.0,1.0,0.75,1.0,0.4028,-0.7049,-3.2771,True,0.3333,0.525,0.1029,0.0049,infection,False,False,False,False,False
197,Alpha-lipoic acid,Ocrelizumab,1.2768,0.00249,0.00837,2.9444,0.0614,0.4659,0.0173,0.0,0.1318,0.5,0.6,1.0,0.5,0.5,0.5533,0.8333,-1.7729,-2.7449,True,0.3333,0.375,0.1706,0.0,infection,False,False,False,False,True
198,Dimethyl fumarate,Natalizumab,1.2763,0.00249,0.00837,3.1216,0.0767,0.4047,0.0363,0.0,0.1894,0.5,0.4,1.0,0.5,0.55,0.6867,0.0556,-2.3075,-3.0541,True,1.0,0.225,0.2608,0.0706,infection,False,False,False,False,True
199,Memantine,Rituximab,1.2761,0.03491,0.0496,1.7047,0.0503,0.4978,0.0135,0.0,0.101,0.2,0.4,1.0,1.0,0.75,0.6867,0.8036,-2.6276,-2.5884,True,0.3333,0.4,0.1608,0.0,infection,False,False,False,False,False
200,Metformin,Methylprednisolone,1.2758,0.00249,0.00837,3.6282,0.0815,0.4039,0.0258,0.0,0.2019,0.5,0.6,0.9444,0.5,0.6,0.82,0.0556,-1.6488,-3.1022,True,0.3333,0.4,0.1392,0.0,infection,False,False,False,False,True
201,Hydroxychloroquine,Opicinumab,1.2755,0.00249,0.00837,3.8341,0.0751,0.3966,0.0254,0.0,0.1893,0.4,0.6,1.0,0.75,0.55,0.6867,0.25,-3.2153,-0.7473,True,0.3333,0.575,0.098,0.0,ocular,False,False,False,False,False
202,Simvastatin,Tolebrutinib,1.2753,0.0399,0.05461,1.6328,0.0609,0.4069,0.0182,0.0,0.1498,0.6,0.8,0.8667,0.5,0.8,1.0,-0.1929,-1.7856,-3.3227,False,0.6667,0.4,0.2359,0.0288,hepatic,False,False,False,False,True
203,Fenebrutinib,Minocycline,1.2745,0.00249,0.00837,2.4559,0.0721,0.5086,0.0227,0.0,0.1418,0.6,0.6,0.6667,0.75,0.7,1.0,-0.4365,-2.6962,-3.6179,False,0.3333,0.4,0.2201,0.024,hepatic,False,False,False,False,True
204,Diroximel fumarate,Tolebrutinib,1.2736,0.01247,0.02374,2.1408,0.0708,0.4463,0.0281,0.0,0.1587,0.5,0.6,0.875,0.5,0.8,1.0,-0.1929,-1.9273,-3.3227,False,0.6667,0.325,0.226,0.0515,infection,False,False,False,False,True
205,Idebenone,Natalizumab,1.2735,0.00249,0.00837,3.2411,0.0576,0.3855,0.0172,0.0,0.1493,0.5,0.6,1.0,1.0,0.55,0.6867,0.4792,-0.7029,-3.0541,True,0.3333,0.4,0.2324,0.0,infection,False,False,False,False,False
206,Clemastine,Epigallocatechin gallate,1.2728,0.00249,0.00837,5.6303,0.0603,0.3828,0.0126,0.0,0.1576,0.4,0.6,1.0,0.75,0.75,1.0,0.6389,-0.7049,-1.555,True,0.3333,0.625,0.0716,0.0,hepatic,False,False,False,False,False
207,High-dose biotin,Natalizumab-biosimilar,1.2725,0.00249,0.00837,2.9574,0.0486,0.3896,0.02,0.0,0.1248,0.4,0.6,1.0,1.0,0.6,0.6867,0.45,-0.7599,-3.1195,True,0.6667,0.475,0.1765,0.0,infection,False,False,False,False,False
208,Cholecalciferol,Ibudilast,1.2723,0.00249,0.00837,2.6079,0.0602,0.3403,0.0199,0.0,0.1769,0.4,0.8,1.0,0.75,0.7,0.7333,0.0,-2.0037,-4.4103,False,0.3333,0.525,0.0471,0.0,hepatic,False,False,False,False,True
209,Dimethyl fumarate,High-dose biotin,1.2718,0.00249,0.00837,3.3826,0.0562,0.361,0.02,0.0,0.1558,0.5,0.6,1.0,0.75,0.6,1.0,0.2222,-2.3075,-0.7599,True,0.6667,0.45,0.1196,0.0,infection,False,False,False,False,True
210,Firategrast,Ibudilast,1.2717,0.00249,0.00837,2.3278,0.0594,0.3793,0.0192,0.0,0.1567,0.5,0.6,1.0,1.0,0.7,1.0,0.0556,-3.2771,-4.4103,True,0.3333,0.5,0.1353,0.0098,infection,False,False,False,False,False
211,High-dose biotin,Interferon beta-1b,1.2716,0.00249,0.00837,4.0042,0.0503,0.2938,0.02,0.0029,0.1712,0.4,0.6,1.0,1.0,0.6,0.82,0.375,-0.7599,-3.2696,True,0.6667,0.475,0.098,0.0,hepatic,False,False,False,False,True
212,Elezanumab,Ibudilast,1.271,0.00499,0.01301,2.7281,0.0654,0.4048,0.0251,0.0,0.1614,0.4,0.6,0.7692,1.0,0.7,0.6867,-0.3254,-2.7183,-4.4103,False,0.3333,0.525,0.0559,0.001,infection,False,False,False,False,False
213,Natalizumab-biosimilar,Opicinumab,1.2707,0.00249,0.00837,3.7474,0.0784,0.4456,0.0287,0.0,0.1759,0.4,0.4,1.0,1.0,0.2,0.64,0.5333,-3.1195,-0.7473,True,0.3333,0.45,0.1775,0.0088,infection,False,False,False,False,False
214,Oxcarbazepine,Ublituximab,1.2697,0.00499,0.01301,1.9505,0.0491,0.5195,0.0099,0.0,0.0946,0.2,0.4,1.0,1.0,0.7,0.6867,1.0,-0.3516,-2.5884,True,0.3333,0.425,0.2284,0.0,infection,False,False,False,False,False
215,Alpha-lipoic acid,Opicinumab,1.2693,0.00249,0.00837,3.9051,0.0662,0.4204,0.0166,0.0,0.1576,0.4,0.6,0.9375,0.75,0.5,0.6867,0.381,-1.7729,-0.7473,True,0.3333,0.575,0.0098,0.0,infection,False,False,False,False,True
216,Diroximel fumarate,Elezanumab,1.2685,0.00249,0.00837,3.5395,0.0591,0.3527,0.0285,0.0,0.1676,0.5,0.8,1.0,0.75,0.55,0.6867,0.1429,-1.9273,-2.7183,True,0.3333,0.45,0.1186,0.0039,infection,False,False,False,False,True
217,Peginterferon beta-1a,Siponimod,1.2681,0.00499,0.01301,2.835,0.0647,0.3254,0.0262,0.003,0.1987,0.6,0.6,0.9375,0.5,0.65,0.82,0.0286,-2.577,-2.5366,True,1.0,0.275,0.2981,0.0303,infection,False,False,False,False,True
218,Frexalimab,Siponimod,1.268,0.00499,0.01301,2.5089,0.0725,0.3789,0.0341,0.0,0.1913,0.6,0.6,0.9412,0.5,0.65,0.82,0.1,-2.5456,-2.5366,True,0.6667,0.325,0.2843,0.0314,infection,False,False,False,False,True
219,Ofatumumab,Oxcarbazepine,1.2677,0.01995,0.0334,1.9015,0.05,0.5038,0.0099,0.0,0.0993,0.2,0.4,1.0,1.0,0.7,0.6867,1.0,-2.3838,-0.3516,True,0.3333,0.4,0.2284,0.0,infection,False,False,False,False,False
220,High-dose biotin,Secukinumab,1.2661,0.00249,0.00837,3.7242,0.045,0.39,0.02,0.0,0.1153,0.4,0.6,1.0,1.0,0.6,0.6867,0.875,-0.7599,-1.895,True,0.3333,0.575,0.0686,0.0,infection,False,False,False,False,False
221,Natalizumab,Tolebrutinib,1.2657,0.00998,0.02038,2.1974,0.0831,0.4032,0.0404,0.0,0.2062,0.5,0.4,1.0,0.5,0.8,0.6867,0.05,-3.0541,-3.3227,True,0.6667,0.275,0.3147,0.0618,infection,False,False,False,False,True
222,Alemtuzumab,High-dose biotin,1.2652,0.00249,0.00837,3.8505,0.0612,0.3426,0.02,0.0,0.1787,0.4,0.6,1.0,1.0,0.6,0.42,0.7667,-3.018,-0.7599,True,0.6667,0.45,0.4451,0.0,autoimmunity,False,False,False,False,True
223,Fingolimod,Ibudilast,1.2649,0.00499,0.01301,2.8272,0.0701,0.3478,0.0298,0.0,0.2015,0.6,0.6,1.0,0.75,0.7,0.7333,0.0625,-1.9414,-4.4103,True,0.3333,0.35,0.2898,0.018,infection,False,False,False,False,False
224,Methylprednisolone,Simvastatin,1.2649,0.00249,0.00837,2.5259,0.0729,0.4044,0.0171,0.0,0.1803,0.6,0.6,0.8667,0.5,0.6,0.82,-0.2429,-3.1022,-1.7856,False,0.6667,0.375,0.2255,0.0,infection,False,False,False,False,True
225,Cladribine,Clemastine,1.2642,0.00249,0.00837,4.9113,0.0746,0.3908,0.0269,0.0,0.1908,0.3,0.4,1.0,0.75,0.75,0.6,0.873,-2.961,-0.7049,True,0.3333,0.4,0.2804,0.0059,infection,False,False,False,False,False
226,Elezanumab,Ustekinumab,1.2635,0.00249,0.00837,3.0086,0.0678,0.3975,0.0285,0.0,0.1705,0.3,0.6,1.0,1.0,0.2,0.6867,0.5476,-2.7183,-1.9172,True,0.3333,0.525,0.0843,0.0039,infection,False,False,False,False,False
227,Ocrelizumab,Riluzole,1.2628,0.03242,0.04712,1.6591,0.0622,0.4828,0.0181,0.0,0.1288,0.3,0.4,1.0,1.0,0.65,0.5533,0.4444,-2.7449,-2.6115,True,0.3333,0.35,0.2392,0.0,infection,False,False,False,False,False
228,Clemastine,Riluzole,1.2626,0.00249,0.00837,3.8818,0.0658,0.3996,0.0181,0.0,0.1646,0.2,0.4,1.0,1.0,0.75,1.0,0.4167,-0.7049,-2.6115,True,0.3333,0.5,0.0784,0.0,hepatic,False,False,False,False,True
229,Laquinimod,Ofatumumab,1.2613,0.01247,0.02374,2.2434,0.0717,0.4327,0.0316,0.0,0.1658,0.5,0.6,1.0,0.5,0.55,0.82,0.3125,-4.2322,-2.3838,True,0.6667,0.35,0.3245,0.0,infection,False,False,False,False,False
230,Lamotrigine,Ofatumumab,1.2605,0.02494,0.03925,1.6152,0.0534,0.4813,0.0133,0.0,0.111,0.2,0.4,1.0,1.0,0.7,0.6867,0.6875,-3.0679,-2.3838,True,0.3333,0.375,0.1696,0.0,infection,False,False,False,False,False
231,Laquinimod,Ocrelizumab,1.2603,0.01496,0.02705,2.1906,0.0757,0.433,0.0316,0.0,0.1748,0.5,0.6,1.0,0.5,0.55,0.6867,0.2361,-4.2322,-2.7449,True,0.6667,0.35,0.3529,0.0,infection,False,False,False,False,True
232,Minocycline,Remibrutinib,1.2598,0.00249,0.00837,2.6168,0.0671,0.4731,0.0177,0.0,0.1418,0.6,0.6,0.8333,0.75,0.7,1.0,-0.2111,-3.6179,-1.7308,False,0.3333,0.45,0.2061,0.0213,hepatic,False,False,False,False,False
233,Ibudilast,Siponimod,1.2591,0.00499,0.01301,2.2016,0.0739,0.3883,0.0336,0.0,0.1904,0.6,0.6,0.8125,0.75,0.7,0.8667,-0.2667,-4.4103,-2.5366,False,0.3333,0.35,0.2682,0.0161,infection,False,False,False,False,False
234,Bexarotene,Ibudilast,1.259,0.00249,0.00837,3.871,0.0683,0.367,0.028,0.0009,0.186,0.5,0.6,1.0,0.75,0.7,0.8667,0.1825,-0.7904,-4.4103,True,0.3333,0.5,0.1737,0.0096,teratogenicity,False,False,False,False,False
235,Lamotrigine,Ublituximab,1.2589,0.04239,0.05693,1.6417,0.0525,0.4942,0.0133,0.0,0.1063,0.2,0.4,1.0,1.0,0.7,0.6867,0.6786,-3.0679,-2.5884,True,0.3333,0.4,0.1696,0.0,infection,False,False,False,False,False
236,Elezanumab,Inebilizumab,1.2588,0.00249,0.00837,2.8361,0.0634,0.4083,0.0285,0.0,0.1553,0.3,0.6,1.0,1.0,0.2,0.5067,0.8571,-2.7183,-2.8083,True,0.3333,0.475,0.1657,0.0059,infection,False,False,False,False,False
237,Clemastine,Mycophenolate mofetil,1.2585,0.00249,0.00837,4.7727,0.0684,0.3877,0.0207,0.0,0.1765,0.3,0.4,1.0,1.0,0.75,1.0,0.7444,-0.7049,-2.0615,True,0.3333,0.5,0.2627,0.0059,infection,False,False,False,False,False
238,Elezanumab,Fenebrutinib,1.2578,0.00249,0.00837,3.0728,0.0583,0.3518,0.0285,0.0,0.1656,0.5,0.8,1.0,0.75,0.6,0.6867,0.1429,-2.7183,-2.6962,True,0.3333,0.475,0.1436,0.0034,infection,False,False,False,False,False
239,Metformin,Siponimod,1.2577,0.00249,0.00837,2.6171,0.0628,0.3939,0.0244,0.0,0.1595,0.6,1.0,0.8125,0.5,0.65,0.8667,-0.0444,-1.6488,-2.5366,False,0.3333,0.375,0.2469,0.0041,infection,False,False,False,False,True
240,Alpha-lipoic acid,Ofatumumab,1.2566,0.00499,0.01301,2.6896,0.0574,0.4678,0.0173,0.0,0.1228,0.4,0.6,1.0,0.5,0.5,0.6867,0.875,-1.7729,-2.3838,True,0.3333,0.375,0.1422,0.0,infection,False,False,False,False,True
241,Laquinimod,Ublituximab,1.2566,0.00998,0.02038,2.2872,0.0708,0.4398,0.0316,0.0,0.161,0.5,0.6,1.0,0.5,0.55,0.82,0.3304,-4.2322,-2.5884,True,0.6667,0.375,0.3245,0.0,infection,False,False,False,False,False
242,Evobrutinib,Minocycline,1.2565,0.00499,0.01301,2.5192,0.0666,0.4694,0.0171,0.0,0.1418,0.6,0.6,0.8333,0.75,0.7,1.0,-0.2111,-2.076,-3.6179,False,0.3333,0.425,0.2164,0.0248,hepatic,False,False,False,False,False
243,Clemastine,Ozanimod,1.2554,0.00249,0.00837,3.7788,0.0694,0.4218,0.0218,0.0,0.1646,0.3,0.4,1.0,0.75,0.75,0.7333,0.5889,-0.7049,-1.8533,True,0.3333,0.375,0.1941,0.0039,infection,False,False,False,False,False
244,Elezanumab,Frexalimab,1.2553,0.00249,0.00837,2.9446,0.0638,0.3638,0.0285,0.0,0.1754,0.4,0.6,1.0,1.0,0.2,0.64,0.4643,-2.7183,-2.5456,True,0.3333,0.5,0.0843,0.0039,infection,False,False,False,False,False
245,Ibudilast,Teriflunomide,1.2552,0.00249,0.00837,2.2043,0.0635,0.3611,0.0232,0.0,0.1759,0.5,0.8,0.9333,0.75,0.7,0.7333,-0.127,-4.4103,-3.0107,False,0.3333,0.35,0.259,0.0224,hepatic,False,False,False,False,True
246,Fingolimod,Ocrelizumab,1.2549,0.02993,0.04463,1.761,0.0739,0.4408,0.0298,0.0,0.1676,0.4,0.4,1.0,0.5,0.6,0.82,0.3542,-1.9414,-2.7449,True,1.0,0.225,0.3725,0.0588,infection,False,False,False,False,True
247,Ibudilast,Vidofludimus calcium,1.2541,0.00998,0.02038,2.3007,0.0613,0.3762,0.021,0.0,0.1628,0.5,0.8,0.9231,0.75,0.7,0.8667,-0.1556,-4.4103,-1.6832,False,0.3333,0.425,0.1982,0.0145,teratogenicity,False,False,False,False,False
248,Simvastatin,Siponimod,1.254,0.00249,0.00837,2.3588,0.0575,0.3268,0.019,0.0,0.1758,0.8,0.8,0.9375,0.5,0.65,0.8667,0.0,-1.7856,-2.5366,False,0.6667,0.35,0.3249,0.0124,infection,False,False,False,False,False
249,Minocycline,Oxcarbazepine,1.2536,0.00249,0.00837,3.2225,0.0594,0.3943,0.0099,0.0,0.1505,0.5,0.4,1.0,1.0,0.7,1.0,0.5556,-3.6179,-0.3516,True,0.3333,0.525,0.1863,0.0069,teratogenicity,False,False,False,False,False
250,Ocrelizumab,Tolebrutinib,1.2536,0.08479,0.09723,1.3227,0.0819,0.5163,0.0379,0.0,0.1587,0.4,0.4,0.8125,0.5,0.8,0.5533,-0.2667,-2.7449,-3.3227,False,0.6667,0.275,0.2941,0.0412,infection,False,False,False,False,True
251,Idebenone,Natalizumab-biosimilar,1.2535,0.00249,0.00837,3.1031,0.0459,0.4201,0.0172,0.0,0.1092,0.5,0.6,1.0,1.0,0.55,0.6867,0.6333,-0.7029,-3.1195,True,0.3333,0.45,0.1971,0.0,infection,False,False,False,False,False
252,Minocycline,Orelabrutinib,1.2534,0.00249,0.00837,2.4328,0.0666,0.4917,0.0172,0.0,0.1355,0.6,0.6,0.7273,0.75,0.7,1.0,-0.4667,-3.6179,-2.8405,False,0.3333,0.45,0.201,0.0196,hepatic,False,False,False,False,False
253,High-dose biotin,Peginterferon beta-1a,1.2533,0.00249,0.00837,3.7343,0.0479,0.3013,0.02,0.003,0.159,0.4,0.6,1.0,1.0,0.6,0.6867,0.3214,-0.7599,-2.577,True,0.6667,0.475,0.0912,0.0,hepatic,False,False,False,False,True
254,Fingolimod,Methylprednisolone,1.2526,0.00249,0.00837,2.5853,0.0814,0.4175,0.0256,0.0,0.1949,0.5,0.4,0.875,0.5,0.6,0.5533,-0.1,-1.9414,-3.1022,False,1.0,0.275,0.3208,0.0655,infection,False,False,False,False,True
255,Alpha-lipoic acid,Ublituximab,1.2523,0.00249,0.00837,2.717,0.0565,0.4789,0.0173,0.0,0.118,0.4,0.6,1.0,0.5,0.5,0.6867,0.8571,-1.7729,-2.5884,True,0.3333,0.4,0.1422,0.0,infection,False,False,False,False,True
256,Nicotinamide riboside,Ocrelizumab,1.2523,0.00249,0.00837,2.4891,0.0595,0.4964,0.0154,0.0,0.1198,0.4,0.6,1.0,0.5,0.5,0.5533,0.8,-0.7234,-2.7449,True,0.3333,0.425,0.1706,0.0,infection,False,False,False,False,True
257,Azathioprine,Minocycline,1.2519,0.00249,0.00837,3.0521,0.0668,0.368,0.0174,0.0,0.1816,0.7,0.6,1.0,1.0,0.7,1.0,0.0,-1.9886,-3.6179,False,0.3333,0.45,0.402,0.0245,infection,False,False,False,False,False
258,Memantine,Minocycline,1.2513,0.00249,0.00837,2.1847,0.0621,0.4271,0.0126,0.0,0.1453,0.5,0.4,0.9167,1.0,0.75,0.8667,-0.0556,-2.6276,-3.6179,False,0.3333,0.5,0.1069,0.0,autoimmunity,False,False,False,False,False
259,Fingolimod,Ofatumumab,1.2502,0.02743,0.04221,1.7449,0.0699,0.4409,0.0298,0.0,0.1586,0.4,0.4,1.0,0.5,0.6,0.6867,0.375,-1.9414,-2.3838,True,1.0,0.225,0.3539,0.049,infection,False,False,False,False,False
260,Idebenone,Interferon beta-1a,1.25,0.00249,0.00837,3.6327,0.0512,0.3078,0.0172,0.0031,0.1664,0.6,0.6,1.0,1.0,0.55,0.82,0.3056,-0.7029,-3.5867,True,0.3333,0.45,0.1083,0.0103,hepatic,False,False,False,False,False
261,Riluzole,Ublituximab,1.2498,0.0399,0.05461,1.4978,0.0573,0.4982,0.0181,0.0,0.115,0.2,0.4,1.0,1.0,0.65,0.6867,0.5595,-2.6115,-2.5884,True,0.3333,0.375,0.2108,0.0,infection,False,False,False,False,False
262,Alemtuzumab,Opicinumab,1.2495,0.00249,0.00837,4.2851,0.091,0.3959,0.0413,0.0,0.2298,0.4,0.4,1.0,1.0,0.2,0.3733,0.7389,-3.018,-0.7473,True,0.3333,0.425,0.4471,0.0078,infection,False,False,False,False,True
263,Clemastine,Remibrutinib,1.2495,0.00249,0.00837,4.1456,0.0675,0.4174,0.0198,0.0,0.1618,0.3,0.4,1.0,0.75,0.75,1.0,0.5889,-0.7049,-1.7308,True,0.3333,0.475,0.1275,0.0029,infection,False,False,False,False,False
264,Ofatumumab,Riluzole,1.2495,0.04489,0.05938,1.5453,0.0582,0.486,0.0181,0.0,0.1197,0.2,0.4,1.0,1.0,0.65,0.6867,0.5417,-2.3838,-2.6115,True,0.3333,0.35,0.2108,0.0,infection,False,False,False,False,False
265,Laquinimod,Methylprednisolone,1.2488,0.00249,0.00837,3.0421,0.0832,0.4155,0.0274,0.0,0.2003,0.5,0.6,0.8,0.5,0.6,0.6867,-0.3375,-4.2322,-3.1022,False,0.6667,0.4,0.2969,0.011,infection,False,False,False,False,True
266,Clemastine,Evobrutinib,1.2484,0.00249,0.00837,4.2694,0.0679,0.4157,0.0202,0.0,0.1633,0.4,0.4,1.0,0.75,0.75,1.0,0.3667,-0.7049,-2.076,True,0.3333,0.45,0.1412,0.0029,hepatic,False,False,False,False,False
267,Diroximel fumarate,High-dose biotin,1.2482,0.00249,0.00837,3.6329,0.0506,0.3517,0.02,0.0,0.1438,0.5,0.6,1.0,0.75,0.6,1.0,0.3214,-1.9273,-0.7599,True,0.6667,0.475,0.1127,0.0,infection,False,False,False,False,True
268,High-dose biotin,Ponesimod,1.2474,0.00249,0.00837,3.0635,0.04,0.347,0.02,0.0,0.1153,0.4,0.6,1.0,1.0,0.6,1.0,0.6667,-0.7599,-1.5016,True,0.6667,0.45,0.1539,0.0,infection,False,False,False,False,False
269,Fingolimod,Ublituximab,1.247,0.03242,0.04712,1.735,0.069,0.4486,0.0298,0.0,0.1538,0.4,0.4,1.0,0.5,0.6,0.6867,0.4018,-1.9414,-2.5884,True,1.0,0.25,0.3539,0.049,infection,False,False,False,False,False
270,Fenebrutinib,Idebenone,1.2464,0.00249,0.00837,3.1881,0.0469,0.3722,0.0172,0.0,0.1261,0.6,0.8,1.0,0.75,0.6,1.0,0.369,-2.6962,-0.7029,True,0.3333,0.475,0.1475,0.0103,hepatic,False,False,False,False,False
271,Opicinumab,Ozanimod,1.246,0.00249,0.00837,3.8377,0.0714,0.42,0.0218,0.0,0.1701,0.4,0.4,1.0,0.75,0.5,0.6867,0.6889,-0.7473,-1.8533,True,0.3333,0.425,0.1941,0.0039,infection,False,False,False,False,False
272,Minocycline,Riluzole,1.2455,0.00998,0.02038,2.3013,0.0665,0.4174,0.017,0.0,0.1592,0.5,0.4,0.9286,1.0,0.7,1.0,0.0278,-3.6179,-2.6115,True,0.3333,0.475,0.1583,0.0172,hepatic,False,False,False,False,False
273,Minocycline,Simvastatin,1.2435,0.00998,0.02038,2.0311,0.066,0.452,0.0166,0.0,0.1461,0.6,0.6,0.7692,0.75,0.7,1.0,-0.381,-3.6179,-1.7856,False,0.3333,0.45,0.1966,0.0103,hepatic,False,False,False,False,False
274,Frexalimab,Tolebrutinib,1.2432,0.03242,0.04712,1.6847,0.0781,0.4049,0.0353,0.0,0.1928,0.4,0.4,1.0,0.5,0.8,0.6867,0.0,-2.5456,-3.3227,False,0.6667,0.375,0.2157,0.0275,infection,False,False,False,False,True
275,Ocrelizumab,Simvastatin,1.2429,0.0399,0.05461,1.727,0.0643,0.4445,0.0202,0.0,0.1446,0.6,0.6,1.0,0.5,0.35,0.5533,0.254,-2.7449,-1.7856,True,0.6667,0.325,0.2706,0.0,infection,False,False,False,False,False
276,Diroximel fumarate,Natalizumab,1.242,0.00499,0.01301,2.7426,0.071,0.4002,0.0306,0.0,0.1774,0.5,0.4,1.0,0.5,0.55,0.6867,0.0,-1.9273,-3.0541,False,1.0,0.25,0.2539,0.0706,infection,False,False,False,False,True
277,Glatiramer acetate,Tolebrutinib,1.2418,0.00249,0.00837,2.4649,0.0705,0.3862,0.0277,0.0,0.1825,0.5,0.4,0.9412,0.5,0.8,0.82,-0.0625,-3.0334,-3.3227,False,0.6667,0.35,0.1775,0.0069,hepatic,False,False,False,False,True
278,Opicinumab,Simvastatin,1.2414,0.00249,0.00837,3.4742,0.0689,0.4047,0.0193,0.0,0.1703,0.5,0.6,0.9333,0.75,0.35,0.6867,0.3095,-0.7473,-1.7856,True,0.3333,0.525,0.1098,0.0,teratogenicity,False,False,False,False,False
279,Nicotinamide riboside,Ublituximab,1.2409,0.00249,0.00837,2.4375,0.0546,0.5149,0.0154,0.0,0.106,0.3,0.6,1.0,0.5,0.5,0.6867,0.9,-0.7234,-2.5884,True,0.3333,0.45,0.1422,0.0,infection,False,False,False,False,True
280,Opicinumab,Remibrutinib,1.2402,0.00249,0.00837,3.8316,0.0695,0.4158,0.0198,0.0,0.1672,0.4,0.4,1.0,0.75,0.5,0.6867,0.6889,-0.7473,-1.7308,True,0.3333,0.525,0.1275,0.0029,infection,False,False,False,False,False
281,Nicotinamide riboside,Tolebrutinib,1.239,0.00499,0.01301,2.725,0.0582,0.3844,0.0154,0.0,0.1513,0.5,0.8,1.0,0.5,0.8,1.0,0.2,-0.7234,-3.3227,True,0.3333,0.5,0.1647,0.0,hepatic,False,False,False,False,False
282,Elezanumab,Interferon beta-1a,1.2389,0.00249,0.00837,4.1295,0.0625,0.3037,0.0285,0.0031,0.2058,0.5,0.6,1.0,1.0,0.2,0.6867,0.1984,-2.7183,-3.5867,True,0.3333,0.45,0.1064,0.0015,hepatic,False,False,False,False,True
283,Fenebrutinib,Methylprednisolone,1.2388,0.00499,0.01301,2.6046,0.0818,0.4372,0.0261,0.0,0.1871,0.5,0.4,0.8667,0.5,0.6,0.82,-0.1714,-2.6962,-3.1022,False,0.6667,0.325,0.2284,0.0343,infection,False,False,False,False,True
284,Metformin,Ofatumumab,1.2388,0.00748,0.01683,2.5161,0.0673,0.4563,0.0272,0.0,0.1476,0.4,0.6,1.0,0.5,0.4,0.6867,0.5139,-1.6488,-2.3838,True,0.3333,0.35,0.1559,0.0,infection,False,False,False,False,True
285,Bexarotene,Methylprednisolone,1.2386,0.00249,0.00837,4.7319,0.0838,0.3911,0.028,0.0009,0.2141,0.5,0.4,1.0,0.5,0.6,0.6867,0.5071,-0.7904,-3.1022,True,0.3333,0.425,0.2618,0.0,infection,False,False,False,False,False
286,High-dose biotin,Masitinib,1.2386,0.00748,0.01683,2.9678,0.0504,0.344,0.02,0.0,0.1466,0.4,0.8,1.0,0.75,0.6,0.8667,0.3095,-0.7599,-3.6789,True,0.6667,0.575,0.1578,0.0,infection,False,False,False,False,True
287,Clemastine,Memantine,1.2381,0.00249,0.00837,3.5476,0.0612,0.4062,0.0135,0.0,0.1507,0.2,0.4,1.0,1.0,0.75,0.8667,0.1667,-0.7049,-2.6276,True,0.3333,0.525,0.0098,0.0,infection,False,False,False,False,True
288,Dimethyl fumarate,Fingolimod,1.2379,0.00748,0.01683,2.5277,0.0643,0.3886,0.028,0.0,0.1656,0.5,0.6,0.9412,0.5,0.6,0.7333,0.0069,-2.3075,-1.9414,True,1.0,0.25,0.3288,0.0516,infection,False,False,False,False,True
289,Ibudilast,Tolebrutinib,1.2379,0.08728,0.09969,1.3529,0.0722,0.5003,0.0294,0.0,0.1442,0.4,0.6,0.5385,0.75,0.8,1.0,-0.5833,-4.4103,-3.3227,False,0.3333,0.4,0.1857,0.0261,hepatic,False,False,False,False,True
290,Cladribine,Siponimod,1.2377,0.00499,0.01301,2.7129,0.0653,0.3238,0.0269,0.0,0.2017,0.6,0.6,1.0,0.5,0.65,0.7333,0.15,-2.961,-2.5366,True,1.0,0.275,0.4525,0.0612,infection,False,False,False,False,False
291,Oxcarbazepine,Rituximab,1.2377,0.00998,0.02038,1.9516,0.0467,0.4939,0.0099,0.0,0.0946,0.2,0.4,1.0,1.0,0.7,0.5533,1.0,-0.3516,-2.5884,True,0.3333,0.425,0.2471,0.0,infection,False,False,False,False,False
292,Ibudilast,Ozanimod,1.2376,0.01496,0.02705,2.1222,0.062,0.3814,0.0218,0.0,0.1626,0.5,0.6,1.0,0.75,0.7,0.7333,0.1,-4.4103,-1.8533,True,0.3333,0.35,0.2192,0.0161,infection,False,False,False,False,False
293,Methotrexate,Minocycline,1.2375,0.00249,0.00837,2.7753,0.0676,0.3835,0.0182,0.0,0.1762,0.6,0.6,0.9231,1.0,0.7,1.0,-0.1556,-2.3127,-3.6179,False,0.3333,0.475,0.35,0.0304,infection,False,False,False,False,False
294,Clemastine,Metformin,1.2373,0.00249,0.00837,4.216,0.0716,0.433,0.0239,0.0,0.1654,0.3,0.4,0.875,0.75,0.75,1.0,0.1111,-0.7049,-1.6488,True,0.3333,0.5,0.0235,0.0,hepatic,False,False,False,False,True
295,Evobrutinib,Opicinumab,1.2372,0.00249,0.00837,3.9444,0.0699,0.4141,0.0202,0.0,0.1687,0.5,0.4,1.0,0.75,0.45,0.6867,0.5222,-2.076,-0.7473,True,0.3333,0.5,0.1412,0.0029,hepatic,False,False,False,False,False
296,Metformin,Ocrelizumab,1.2372,0.00998,0.02038,2.5618,0.0713,0.4553,0.0272,0.0,0.1566,0.4,0.6,1.0,0.5,0.4,0.5533,0.4444,-1.6488,-2.7449,True,0.3333,0.35,0.1843,0.0,infection,False,False,False,False,False
297,Nicotinamide riboside,Opicinumab,1.2365,0.00249,0.00837,4.1188,0.0645,0.4428,0.0148,0.0,0.1456,0.3,0.6,0.9231,0.75,0.5,0.6867,0.3667,-0.7234,-0.7473,True,0.3333,0.625,0.0098,0.0,infection,False,False,False,False,True
298,Dimethyl fumarate,Temelimab,1.2363,0.00499,0.01301,3.2532,0.0656,0.3681,0.0293,0.0,0.1783,0.5,0.8,0.9412,0.5,0.55,0.6867,0.0694,-2.3075,-2.4721,True,0.3333,0.425,0.1314,0.0078,infection,False,False,False,False,True
299,Daclizumab,Minocycline,1.2362,0.00249,0.00837,2.542,0.0684,0.4043,0.019,0.0019,0.1693,0.6,0.6,1.0,1.0,0.7,0.6867,0.0,-2.1815,-3.6179,False,0.3333,0.4,0.3875,0.089,autoimmunity,False,False,False,False,False
300,Inebilizumab,Siponimod,1.2362,0.00748,0.01683,2.5581,0.0733,0.3902,0.0349,0.0,0.1879,0.6,0.6,1.0,0.5,0.65,0.6867,0.3714,-2.8083,-2.5366,True,0.3333,0.3,0.3431,0.0559,infection,False,False,False,False,False
301,Memantine,Methylprednisolone,1.2361,0.00249,0.00837,2.5225,0.0693,0.3918,0.0135,0.0,0.1768,0.4,0.4,1.0,0.75,0.75,0.6867,0.125,-2.6276,-3.1022,True,0.3333,0.425,0.1255,0.0,infection,False,False,False,False,False
302,Inebilizumab,Memantine,1.2358,0.05237,0.06657,1.5241,0.0484,0.4602,0.0135,0.0,0.1052,0.2,0.4,1.0,1.0,0.75,0.6867,0.8036,-2.8083,-2.6276,True,0.3333,0.45,0.1618,0.0,infection,False,False,False,False,False
303,Metformin,Ublituximab,1.2358,0.00249,0.00837,2.65,0.0664,0.4651,0.0272,0.0,0.1428,0.4,0.6,1.0,0.5,0.4,0.6867,0.5317,-1.6488,-2.5884,True,0.3333,0.375,0.1559,0.0,infection,False,False,False,False,True
304,Laquinimod,Rituximab,1.2351,0.00249,0.00837,2.4792,0.0684,0.4248,0.0316,0.0,0.161,0.5,0.6,1.0,0.5,0.55,0.6867,0.3304,-4.2322,-2.5884,True,0.6667,0.375,0.3431,0.0,infection,False,False,False,False,False
305,High-dose biotin,Tocilizumab,1.234,0.00499,0.01301,3.2221,0.0553,0.3831,0.02,0.0,0.1442,0.4,0.6,1.0,1.0,0.6,0.6867,0.4167,-0.7599,-1.8119,True,0.3333,0.55,0.1725,0.0,infection,False,False,False,False,False
306,Ocrelizumab,Phenytoin,1.2335,0.0399,0.05461,1.6485,0.056,0.4875,0.0119,0.0,0.1149,0.3,0.4,1.0,1.0,0.7,0.6867,0.5556,-2.7449,-2.5343,True,0.3333,0.375,0.3039,0.0,infection,False,False,False,False,False
307,Idebenone,Tocilizumab,1.2334,0.00249,0.00837,3.1276,0.0525,0.4082,0.0172,0.0,0.1286,0.5,0.6,1.0,1.0,0.55,0.6867,0.3333,-0.7029,-1.8119,True,0.3333,0.525,0.1849,0.0082,infection,False,False,False,False,False
308,Firategrast,Opicinumab,1.2333,0.00249,0.00837,3.5896,0.0689,0.4195,0.0192,0.0,0.1642,0.4,0.4,1.0,1.0,0.3,0.6867,0.4583,-3.2771,-0.7473,True,0.3333,0.575,0.1029,0.0049,infection,False,False,False,False,False
309,Memantine,Tolebrutinib,1.2328,0.02244,0.03628,1.8339,0.0563,0.3846,0.0135,0.0,0.1463,0.4,0.6,1.0,0.75,0.8,0.8667,0.325,-2.6276,-3.3227,True,0.3333,0.45,0.1647,0.0,hepatic,False,False,False,False,False
310,Natalizumab-biosimilar,Siponimod,1.2327,0.00748,0.01683,2.4162,0.0671,0.3701,0.0287,0.0,0.1813,0.6,0.6,1.0,0.5,0.65,0.82,0.15,-3.1195,-2.5366,True,0.6667,0.275,0.3431,0.0706,infection,False,False,False,False,False
311,Ofatumumab,Simvastatin,1.2326,0.04239,0.05693,1.623,0.0603,0.4448,0.0202,0.0,0.1356,0.5,0.6,1.0,0.5,0.35,0.6867,0.4107,-2.3838,-1.7856,True,0.6667,0.325,0.2422,0.0,infection,False,False,False,False,False
312,Ofatumumab,Tolebrutinib,1.2308,0.16209,0.17217,1.0748,0.0781,0.5221,0.0354,0.0,0.1497,0.3,0.4,0.8,0.5,0.8,0.6867,-0.2375,-2.3838,-3.3227,False,0.6667,0.275,0.2725,0.0343,infection,False,False,False,False,True
313,Fenebrutinib,Metformin,1.2306,0.00249,0.00837,2.9881,0.057,0.3623,0.0272,0.0,0.1573,0.6,0.8,1.0,0.5,0.6,1.0,0.127,-2.6962,-1.6488,True,0.3333,0.425,0.1441,0.0069,hepatic,False,False,False,False,False
314,Nicotinamide riboside,Ofatumumab,1.2306,0.00499,0.01301,2.6255,0.0555,0.501,0.0154,0.0,0.1108,0.3,0.6,1.0,0.5,0.5,0.6867,0.8,-0.7234,-2.3838,True,0.3333,0.425,0.1422,0.0,infection,False,False,False,False,True
315,Methylprednisolone,Natalizumab,1.2304,0.00499,0.01301,2.4637,0.0893,0.4862,0.0336,0.0,0.1837,0.4,0.2,0.7143,0.5,0.6,0.5067,-0.45,-3.1022,-3.0541,False,1.0,0.25,0.249,0.0882,infection,False,False,False,False,True
316,Clemastine,High-dose biotin,1.2303,0.00249,0.00837,4.6191,0.0622,0.4464,0.0145,0.0,0.1392,0.2,0.4,0.8462,1.0,0.75,1.0,0.2222,-0.7049,-0.7599,True,0.3333,0.575,0.0098,0.0,infection,False,False,False,False,True
317,Cyclophosphamide,Minocycline,1.2302,0.00249,0.00837,2.8651,0.0722,0.3949,0.0228,0.0,0.1828,0.7,0.6,0.9286,1.0,0.7,0.82,-0.1389,-3.0549,-3.6179,False,0.3333,0.45,0.5235,0.0157,infection,False,False,False,False,False
318,Glatiramer acetate,Idebenone,1.2302,0.00249,0.00837,3.6601,0.0456,0.3341,0.0172,0.0,0.1365,0.5,0.6,1.0,1.0,0.55,0.82,0.2708,-3.0334,-0.7029,True,0.3333,0.475,0.0402,0.0,hepatic,False,False,False,False,False
319,Simvastatin,Ublituximab,1.23,0.03741,0.05212,1.6657,0.0594,0.454,0.0202,0.0,0.1308,0.5,0.6,1.0,0.5,0.35,0.6867,0.4286,-1.7856,-2.5884,True,0.6667,0.35,0.2422,0.0,infection,False,False,False,False,False
320,Lamotrigine,Rituximab,1.2297,0.02494,0.03925,1.7493,0.0501,0.4715,0.0133,0.0,0.1063,0.2,0.4,1.0,1.0,0.7,0.5533,0.6786,-3.0679,-2.5884,True,0.3333,0.4,0.1882,0.0,infection,False,False,False,False,False
321,Dimethyl fumarate,Fenebrutinib,1.2296,0.00499,0.01301,2.4266,0.0637,0.4553,0.0274,0.0,0.1399,0.5,0.6,0.8667,0.5,0.6,1.0,-0.1825,-2.3075,-2.6962,False,0.6667,0.3,0.2088,0.048,infection,False,False,False,False,True
322,Clemastine,Fingolimod,1.2294,0.00249,0.00837,3.3596,0.0756,0.4289,0.0279,0.0,0.1763,0.3,0.6,0.8667,0.75,0.75,0.7333,-0.1111,-0.7049,-1.9414,False,0.3333,0.375,0.2657,0.0049,infection,False,False,False,False,False
323,Lamotrigine,Minocycline,1.2278,0.00249,0.00837,2.4836,0.0619,0.411,0.0125,0.0,0.1505,0.5,0.4,0.9167,1.0,0.7,1.0,-0.1806,-3.0679,-3.6179,False,0.3333,0.5,0.1275,0.0069,hepatic,False,False,False,False,False
324,Bexarotene,Tolebrutinib,1.2269,0.00249,0.00837,3.4883,0.0708,0.3853,0.028,0.0009,0.1837,0.5,0.6,1.0,0.5,0.8,0.8667,0.3714,-0.7904,-3.3227,True,0.3333,0.45,0.2674,0.0336,hepatic,False,False,False,False,False
325,Methylprednisolone,Riluzole,1.2267,0.00249,0.00837,2.8233,0.0738,0.3871,0.0181,0.0,0.1908,0.4,0.4,1.0,0.75,0.65,0.82,0.1667,-3.1022,-2.6115,True,0.3333,0.4,0.1941,0.0,infection,False,False,False,False,False
326,Methylprednisolone,Oxcarbazepine,1.2265,0.00249,0.00837,3.4697,0.0657,0.3857,0.0099,0.0,0.1703,0.4,0.4,1.0,0.75,0.7,0.82,0.6333,-3.1022,-0.3516,True,0.3333,0.45,0.2118,0.0,infection,False,False,False,False,False
327,Idebenone,Temelimab,1.2261,0.00249,0.00837,3.6599,0.0475,0.3188,0.0172,0.0,0.1489,0.6,0.8,1.0,0.75,0.55,0.6867,0.2083,-0.7029,-2.4721,True,0.3333,0.6,0.0402,0.0,hepatic,False,False,False,False,True
328,Memantine,Ustekinumab,1.226,0.04988,0.06409,1.537,0.0528,0.4384,0.0135,0.0,0.1204,0.2,0.4,1.0,1.0,0.75,0.6867,0.4583,-2.6276,-1.9172,True,0.3333,0.5,0.0784,0.0,infection,False,False,False,False,False
329,Alemtuzumab,Siponimod,1.2257,0.00499,0.01301,2.5246,0.078,0.3568,0.0367,0.0,0.2185,0.6,0.6,0.9474,0.5,0.65,0.5533,0.0,-3.018,-2.5366,False,1.0,0.25,0.5855,0.0969,infection,False,False,False,False,True
330,Cholecalciferol,Tolebrutinib,1.2257,0.00499,0.01301,2.3208,0.0627,0.3592,0.0199,0.0,0.1745,0.4,0.6,1.0,0.5,0.8,0.7333,0.05,-2.0037,-3.3227,True,0.6667,0.475,0.1647,0.0,hepatic,False,False,False,False,False
331,Laquinimod,Minocycline,1.2257,0.00249,0.00837,2.5484,0.074,0.438,0.0246,0.0,0.169,0.6,0.6,0.6923,0.75,0.7,0.8667,-0.4722,-4.2322,-3.6179,False,0.3333,0.475,0.2721,0.0172,hepatic,False,False,False,False,False
332,Fingolimod,Opicinumab,1.2256,0.00249,0.00837,3.0697,0.0778,0.4278,0.0281,0.0,0.1818,0.4,0.6,0.8667,0.75,0.6,0.6867,-0.0486,-1.9414,-0.7473,False,0.3333,0.425,0.2657,0.0049,infection,False,False,False,False,False
333,Alpha-lipoic acid,Rituximab,1.2253,0.00249,0.00837,2.5863,0.0541,0.4584,0.0173,0.0,0.118,0.4,0.6,1.0,0.5,0.5,0.5533,0.8571,-1.7729,-2.5884,True,0.3333,0.4,0.1608,0.0,infection,False,False,False,False,False
334,Tolebrutinib,Ublituximab,1.2252,0.10723,0.11865,1.2246,0.0771,0.5323,0.0344,0.0,0.1449,0.3,0.4,0.7857,0.5,0.8,0.6867,-0.2643,-3.3227,-2.5884,False,0.6667,0.3,0.2725,0.0343,infection,False,False,False,False,True
335,Fingolimod,Rituximab,1.225,0.01496,0.02705,1.9108,0.0666,0.4329,0.0298,0.0,0.1538,0.4,0.4,1.0,0.5,0.6,0.82,0.4018,-1.9414,-2.5884,True,1.0,0.25,0.3676,0.0539,infection,False,False,False,False,False
336,Glatiramer acetate,Methylprednisolone,1.2249,0.00499,0.01301,2.7899,0.0776,0.4584,0.0218,0.0,0.1693,0.4,0.2,0.7143,0.5,0.6,0.82,-0.45,-3.0334,-3.1022,False,1.0,0.325,0.1353,0.0098,infection,False,False,False,False,True
337,Clemastine,Elezanumab,1.2244,0.00249,0.00837,4.0608,0.0689,0.4441,0.0212,0.0,0.1551,0.2,0.4,0.7692,1.0,0.75,0.6867,-0.381,-0.7049,-2.7183,False,0.3333,0.55,0.0191,0.0005,infection,False,False,False,False,True
338,Elezanumab,Secukinumab,1.224,0.00249,0.00837,3.7376,0.0535,0.3847,0.025,0.0,0.1392,0.4,0.6,1.0,1.0,0.2,0.82,0.6607,-2.7183,-1.895,True,0.3333,0.55,0.075,0.0034,infection,False,False,False,False,False
339,Azathioprine,Clemastine,1.2239,0.00249,0.00837,5.1131,0.0651,0.3713,0.0174,0.0,0.1753,0.3,0.4,1.0,1.0,0.75,1.0,0.7444,-1.9886,-0.7049,True,0.3333,0.475,0.324,0.0054,infection,False,False,False,False,False
340,Clemastine,Methotrexate,1.2239,0.00249,0.00837,4.5811,0.067,0.3707,0.0193,0.0,0.1807,0.3,0.4,1.0,1.0,0.75,1.0,0.5444,-0.7049,-2.3127,True,0.3333,0.5,0.2784,0.0049,infection,False,False,False,False,False
341,Alemtuzumab,Idebenone,1.2233,0.00249,0.00837,3.6458,0.0585,0.3585,0.0172,0.0,0.1631,0.5,0.6,1.0,1.0,0.55,0.42,0.8667,-3.018,-0.7029,True,0.3333,0.425,0.4657,0.0,autoimmunity,False,False,False,False,False
342,Fingolimod,Tolebrutinib,1.2233,0.00249,0.00837,2.5171,0.0726,0.3645,0.0298,0.0,0.1991,0.6,0.4,1.0,0.5,0.8,0.7333,0.1625,-1.9414,-3.3227,True,0.6667,0.3,0.3624,0.0631,infection,False,False,False,False,False
343,Clemastine,Lamotrigine,1.2231,0.00249,0.00837,3.8264,0.061,0.3913,0.0133,0.0,0.1559,0.2,0.4,1.0,1.0,0.75,1.0,0.1667,-0.7049,-3.0679,True,0.3333,0.525,0.0373,0.0,hepatic,False,False,False,False,True
344,Alpha-lipoic acid,Methylprednisolone,1.223,0.00249,0.00837,3.2309,0.0711,0.4032,0.0154,0.0,0.1765,0.5,0.6,0.9412,0.5,0.6,0.82,-0.05,-1.7729,-3.1022,False,0.3333,0.425,0.1255,0.0,infection,False,False,False,False,False
345,Natalizumab-biosimilar,Tolebrutinib,1.2228,0.01995,0.0334,1.8882,0.0714,0.4302,0.0287,0.0,0.166,0.5,0.4,1.0,0.5,0.8,0.6867,0.05,-3.1195,-3.3227,True,0.6667,0.325,0.2794,0.0618,infection,False,False,False,False,False
346,Siponimod,Vidofludimus calcium,1.2228,0.00249,0.00837,2.2892,0.0585,0.3448,0.0201,0.0,0.1698,0.7,0.8,0.9286,0.5,0.65,1.0,0.0,-2.5366,-1.6832,False,0.6667,0.325,0.3689,0.034,infection,False,False,False,False,False
347,Riluzole,Rituximab,1.2223,0.04239,0.05693,1.6446,0.0549,0.4772,0.0181,0.0,0.115,0.2,0.4,1.0,1.0,0.65,0.5533,0.5595,-2.6115,-2.5884,True,0.3333,0.375,0.2294,0.0,infection,False,False,False,False,False
348,Elezanumab,Natalizumab,1.2219,0.00249,0.00837,2.9134,0.0689,0.3649,0.0285,0.0,0.1888,0.4,0.6,1.0,1.0,0.2,0.64,0.1429,-2.7183,-3.0541,True,0.3333,0.4,0.2127,0.0088,infection,False,False,False,False,False
349,Laquinimod,Metformin,1.2214,0.00249,0.00837,3.3688,0.0576,0.3516,0.026,0.0,0.1639,0.6,1.0,0.9375,0.5,0.55,0.8667,-0.0625,-4.2322,-1.6488,False,0.3333,0.5,0.1892,0.0069,hepatic,False,False,False,False,True
350,Tolebrutinib,Ustekinumab,1.221,0.00748,0.01683,2.0609,0.082,0.4366,0.0393,0.0,0.1878,0.4,0.4,1.0,0.5,0.8,0.5533,0.1,-3.3227,-1.9172,True,0.3333,0.4,0.2157,0.0275,infection,False,False,False,False,False
351,High-dose biotin,Opicinumab,1.2198,0.00249,0.00837,3.9962,0.0647,0.447,0.015,0.0,0.1447,0.3,0.4,0.8462,1.0,0.6,0.6867,0.1389,-0.7599,-0.7473,True,0.3333,0.625,0.0098,0.0,infection,False,False,False,False,True
352,Methylprednisolone,Nicotinamide riboside,1.2197,0.00249,0.00837,3.495,0.0711,0.3914,0.0154,0.0,0.1818,0.5,0.6,1.0,0.5,0.6,0.82,0.0,-3.1022,-0.7234,False,0.3333,0.475,0.1255,0.0,infection,False,False,False,False,False
353,Dimethyl fumarate,Laquinimod,1.2196,0.00499,0.01301,2.6948,0.0645,0.4214,0.0282,0.0,0.153,0.5,0.8,0.8,0.5,0.55,0.8667,-0.3542,-2.3075,-4.2322,False,0.6667,0.375,0.2814,0.0206,hepatic,False,False,False,False,True
354,Fenebrutinib,Siponimod,1.2196,0.00748,0.01683,2.4454,0.0656,0.3799,0.0272,0.0,0.1727,0.7,0.6,0.8667,0.5,0.65,0.8667,-0.1214,-2.6962,-2.5366,False,0.6667,0.3,0.3265,0.048,infection,False,False,False,False,False
355,Opicinumab,Riluzole,1.2195,0.00249,0.00837,3.2095,0.0668,0.4326,0.0172,0.0,0.1545,0.2,0.4,0.9286,1.0,0.65,0.6867,0.1944,-0.7473,-2.6115,True,0.3333,0.55,0.0784,0.0,hepatic,False,False,False,False,False
356,Idebenone,Interferon beta-1b,1.2194,0.00249,0.00837,3.4831,0.0475,0.3055,0.0172,0.0029,0.1556,0.5,0.6,1.0,1.0,0.55,0.82,0.4167,-0.7029,-3.2696,True,0.3333,0.45,0.1083,0.0103,hepatic,False,False,False,False,False
357,Idebenone,Ponesimod,1.219,0.00249,0.00837,3.0636,0.0373,0.3737,0.0172,0.0,0.0997,0.5,0.6,1.0,1.0,0.55,1.0,0.7917,-0.7029,-1.5016,True,0.3333,0.425,0.1694,0.0051,infection,False,False,False,False,False
358,Memantine,Opicinumab,1.2186,0.00499,0.01301,2.741,0.0624,0.444,0.0127,0.0,0.1406,0.2,0.4,0.9167,1.0,0.75,0.82,-0.1389,-2.6276,-0.7473,False,0.3333,0.575,0.0098,0.0,infection,False,False,False,False,True
359,Clemastine,Cyclophosphamide,1.2183,0.00249,0.00837,4.5613,0.0739,0.393,0.0263,0.0035,0.1882,0.4,0.4,1.0,1.0,0.75,0.82,0.5278,-0.7049,-3.0549,True,0.3333,0.475,0.4343,0.0078,infection,False,False,False,False,False
360,Remibrutinib,Siponimod,1.2177,0.00249,0.00837,2.7401,0.0583,0.3375,0.0198,0.0,0.1727,0.7,0.6,1.0,0.5,0.65,0.8667,0.25,-1.7308,-2.5366,True,0.6667,0.35,0.3158,0.0421,infection,False,False,False,False,False
361,Hydroxychloroquine,Minocycline,1.2171,0.00499,0.01301,2.0784,0.0672,0.486,0.0178,0.0,0.1383,0.5,0.6,0.6364,0.75,0.7,0.7333,-0.5556,-3.2153,-3.6179,False,0.3333,0.5,0.1951,0.0,autoimmunity,False,False,False,False,False
362,Lamotrigine,Methylprednisolone,1.2162,0.00249,0.00837,2.822,0.0691,0.3795,0.0133,0.0,0.182,0.4,0.4,1.0,0.75,0.7,0.82,0.125,-3.0679,-3.1022,True,0.3333,0.425,0.1529,0.0,infection,False,False,False,False,False
363,Ofatumumab,Phenytoin,1.2161,0.04239,0.05693,1.4486,0.052,0.4916,0.0119,0.0,0.1059,0.2,0.4,1.0,1.0,0.7,0.82,0.6042,-2.3838,-2.5343,True,0.3333,0.375,0.2755,0.0,infection,False,False,False,False,False
364,Phenytoin,Ublituximab,1.2157,0.05486,0.06865,1.5843,0.0511,0.5057,0.0119,0.0,0.1011,0.2,0.4,1.0,1.0,0.7,0.82,0.5952,-2.5343,-2.5884,True,0.3333,0.4,0.2755,0.0,infection,False,False,False,False,False
365,Ibudilast,Temelimab,1.2153,0.00499,0.01301,2.0765,0.0655,0.3813,0.0253,0.0,0.1719,0.4,0.6,0.7857,0.75,0.7,0.6867,-0.3542,-4.4103,-2.4721,False,0.3333,0.525,0.0647,0.002,infection,False,False,False,False,False
366,Elezanumab,Siponimod,1.2151,0.00748,0.01683,2.7488,0.0623,0.4141,0.0239,0.0,0.1505,0.5,0.8,0.6923,0.75,0.65,0.82,-0.3857,-2.7183,-2.5366,False,0.3333,0.425,0.2431,0.0039,infection,False,False,False,False,False
367,Frexalimab,Methylprednisolone,1.215,0.00748,0.01683,2.3529,0.0874,0.4637,0.0317,0.0,0.1886,0.4,0.2,0.875,0.5,0.6,0.5067,-0.1625,-2.5456,-3.1022,False,0.6667,0.35,0.1647,0.0392,infection,False,False,False,False,True
368,Laquinimod,Natalizumab,1.2147,0.00499,0.01301,3.0866,0.072,0.3624,0.0316,0.0,0.1987,0.6,0.6,1.0,0.5,0.55,0.82,0.0,-4.2322,-3.0541,False,0.6667,0.35,0.3941,0.0,infection,False,False,False,False,False
369,Alpha-lipoic acid,Siponimod,1.2145,0.00249,0.00837,2.9085,0.0548,0.3361,0.0164,0.0,0.163,0.7,0.8,0.9412,0.5,0.65,0.8667,0.1929,-1.7729,-2.5366,True,0.3333,0.4,0.2373,0.0,infection,False,False,False,False,False
370,Masitinib,Minocycline,1.2143,0.01746,0.03019,2.0643,0.0706,0.5191,0.0212,0.0,0.1361,0.5,0.6,0.5455,0.75,0.7,0.8667,-0.6349,-3.6789,-3.6179,False,0.3333,0.475,0.2424,0.0223,infection,False,False,False,False,True
371,Dimethyl fumarate,Glatiramer acetate,1.2131,0.00249,0.00837,2.6036,0.0612,0.437,0.0249,0.0,0.14,0.4,0.4,0.8,0.5,0.55,0.82,-0.3542,-2.3075,-3.0334,False,1.0,0.3,0.1314,0.0078,infection,False,False,False,False,True
372,Cladribine,Ibudilast,1.2129,0.00499,0.01301,2.4091,0.0672,0.3556,0.0269,0.0,0.1888,0.5,0.6,1.0,0.75,0.7,0.6,0.0,-2.961,-4.4103,False,0.3333,0.375,0.3118,0.0118,infection,False,False,False,False,False
373,Amiloride,Clemastine,1.2126,0.00249,0.00837,4.1255,0.0582,0.3819,0.0105,0.0,0.1525,0.2,0.4,1.0,1.0,0.75,1.0,0.2917,-2.6837,-0.7049,True,0.3333,0.55,0.0441,0.0,cardiac,False,False,False,False,False
374,Metformin,Rituximab,1.2123,0.00499,0.01301,2.6323,0.064,0.4482,0.0272,0.0,0.1428,0.4,0.6,1.0,0.5,0.4,0.5533,0.5317,-1.6488,-2.5884,True,0.3333,0.375,0.1745,0.0,infection,False,False,False,False,False
375,Nicotinamide riboside,Rituximab,1.2116,0.00249,0.00837,2.6073,0.0522,0.4921,0.0154,0.0,0.106,0.3,0.6,1.0,0.5,0.5,0.5533,0.9,-0.7234,-2.5884,True,0.3333,0.45,0.1608,0.0,infection,False,False,False,False,False
376,Cholecalciferol,Siponimod,1.2112,0.00499,0.01301,2.3188,0.0569,0.3285,0.0184,0.0,0.1731,0.5,0.8,0.9333,0.5,0.65,0.8667,0.0167,-2.0037,-2.5366,True,0.6667,0.425,0.2373,0.0,infection,False,False,False,False,True
377,Cladribine,Opicinumab,1.2103,0.00249,0.00837,4.7155,0.0766,0.3901,0.0269,0.0,0.1963,0.4,0.4,1.0,0.75,0.3,0.5533,0.8175,-2.961,-0.7473,True,0.3333,0.45,0.2804,0.0059,infection,False,False,False,False,False
378,Bexarotene,Dimethyl fumarate,1.2101,0.00249,0.00837,4.3851,0.0643,0.3852,0.028,0.0009,0.1669,0.5,0.6,1.0,0.5,0.55,0.8667,0.6349,-0.7904,-2.3075,True,0.3333,0.4,0.2415,0.0144,teratogenicity,False,False,False,False,False
379,Methylprednisolone,Pioglitazone,1.2099,0.00249,0.00837,3.4177,0.0769,0.4043,0.0212,0.0,0.1903,0.6,0.6,0.8667,0.5,0.6,0.6867,-0.1714,-3.1022,-2.6661,False,0.3333,0.45,0.239,0.011,infection,False,False,False,False,False
380,Riluzole,Ustekinumab,1.2098,0.01496,0.02705,1.8353,0.0574,0.427,0.0181,0.0,0.1343,0.2,0.4,1.0,1.0,0.65,0.5533,0.5,-2.6115,-1.9172,True,0.3333,0.475,0.1471,0.0,infection,False,False,False,False,False
381,Minocycline,Pioglitazone,1.2092,0.00249,0.00837,2.3899,0.0657,0.5028,0.0162,0.0,0.1306,0.6,0.6,0.5455,0.75,0.7,0.8667,-0.5635,-3.6179,-2.6661,False,0.3333,0.525,0.2228,0.0086,hepatic,False,False,False,False,False
382,Clemastine,Oxcarbazepine,1.2069,0.00249,0.00837,4.6392,0.0576,0.3996,0.0099,0.0,0.1442,0.2,0.4,1.0,1.0,0.75,1.0,0.3889,-0.7049,-0.3516,True,0.3333,0.55,0.0961,0.0,teratogenicity,False,False,False,False,False
383,Lamotrigine,Tolebrutinib,1.2066,0.01995,0.0334,1.8553,0.0561,0.3701,0.0133,0.0,0.1516,0.4,0.6,1.0,0.75,0.8,1.0,0.2,-3.0679,-3.3227,True,0.3333,0.45,0.1729,0.0192,hepatic,False,False,False,False,False
384,Diroximel fumarate,Fingolimod,1.2059,0.00249,0.00837,2.3866,0.0588,0.3828,0.0282,0.0,0.1535,0.5,0.6,0.9333,0.5,0.6,0.7333,-0.0089,-1.9273,-1.9414,False,1.0,0.275,0.324,0.0495,infection,False,False,False,False,True
385,Clemastine,Mitoxantrone,1.2054,0.00249,0.00837,5.0254,0.0676,0.3733,0.0199,0.0035,0.181,0.5,0.4,1.0,1.0,0.75,0.5533,0.5278,-0.7049,-3.0195,True,0.3333,0.425,0.4647,0.0059,malignancy,False,False,False,False,False
386,Elezanumab,Interferon beta-1b,1.2054,0.00249,0.00837,4.0929,0.0589,0.3017,0.0285,0.0029,0.1951,0.4,0.6,1.0,1.0,0.2,0.6867,0.2768,-2.7183,-3.2696,True,0.3333,0.45,0.1064,0.0015,hepatic,False,False,False,False,True
387,Methylprednisolone,Teriflunomide,1.2053,0.00499,0.01301,2.1711,0.0749,0.4422,0.0191,0.0,0.1693,0.4,0.4,0.7857,0.5,0.6,0.5533,-0.3643,-3.1022,-3.0107,False,1.0,0.275,0.3304,0.0294,infection,False,False,False,False,False
388,Fingolimod,Idebenone,1.205,0.00499,0.01301,2.9896,0.047,0.3304,0.0172,0.0,0.1422,0.6,0.8,1.0,0.75,0.6,0.7333,0.4167,-1.9414,-0.7029,True,0.3333,0.425,0.2752,0.0062,infection,False,False,False,False,False
389,Rituximab,Simvastatin,1.205,0.03491,0.0496,1.7075,0.057,0.4355,0.0202,0.0,0.1308,0.5,0.6,1.0,0.5,0.35,0.5533,0.4286,-2.5884,-1.7856,True,0.6667,0.35,0.2608,0.0,infection,False,False,False,False,False
390,Bexarotene,Ocrelizumab,1.2049,0.00249,0.00837,3.2391,0.0721,0.4737,0.028,0.0009,0.1522,0.4,0.4,1.0,0.5,0.55,0.6867,0.8016,-0.7904,-2.7449,True,0.3333,0.375,0.3069,0.0,infection,False,False,False,False,False
391,Elezanumab,Orelabrutinib,1.2047,0.00249,0.00837,3.2365,0.0509,0.3431,0.0224,0.0,0.1485,0.5,0.8,1.0,0.75,0.55,0.6867,0.1,-2.7183,-2.8405,True,0.3333,0.525,0.1206,0.0029,infection,False,False,False,False,False
392,Ocrelizumab,Pioglitazone,1.2047,0.00998,0.02038,2.2266,0.069,0.4465,0.025,0.0,0.1546,0.6,0.6,1.0,0.5,0.4,0.6867,0.3254,-2.7449,-2.6661,True,0.3333,0.4,0.2845,0.0106,infection,False,False,False,False,False
393,Amiloride,Minocycline,1.2046,0.00249,0.00837,2.4334,0.0591,0.4017,0.0097,0.0,0.1471,0.5,0.4,0.9167,1.0,0.7,1.0,-0.3056,-2.6837,-3.6179,False,0.3333,0.525,0.1412,0.0,autoimmunity,False,False,False,False,False
394,Idebenone,Peginterferon beta-1a,1.2044,0.00249,0.00837,3.5528,0.0451,0.3149,0.0172,0.003,0.1434,0.5,0.6,1.0,1.0,0.55,0.6867,0.381,-0.7029,-2.577,True,0.3333,0.45,0.1025,0.0093,hepatic,False,False,False,False,False
395,Rituximab,Tolebrutinib,1.2043,0.12718,0.13785,1.1235,0.075,0.5178,0.0322,0.0,0.1449,0.3,0.4,0.7857,0.5,0.8,0.5533,-0.2643,-2.5884,-3.3227,False,0.6667,0.3,0.2877,0.0377,infection,False,False,False,False,False
396,Fenebrutinib,Ibudilast,1.2039,0.04988,0.06409,1.5315,0.063,0.4721,0.0227,0.0,0.1335,0.4,0.6,0.6667,0.75,0.7,1.0,-0.4365,-2.6962,-4.4103,False,0.3333,0.4,0.1637,0.0206,hepatic,False,False,False,False,True
397,Metformin,Opicinumab,1.2039,0.00249,0.00837,3.8723,0.0738,0.4323,0.0242,0.0,0.1708,0.4,0.4,0.875,0.75,0.4,0.6867,0.1111,-1.6488,-0.7473,True,0.3333,0.55,0.0235,0.0,hepatic,False,False,False,False,True
398,Siponimod,Ustekinumab,1.2038,0.00249,0.00837,2.3625,0.0754,0.4048,0.0362,0.0,0.1864,0.5,0.6,0.9333,0.5,0.65,0.6867,0.05,-2.5366,-1.9172,True,0.3333,0.35,0.2843,0.0314,infection,False,False,False,False,False
399,Oxcarbazepine,Tolebrutinib,1.2033,0.00499,0.01301,2.205,0.0527,0.3768,0.0099,0.0,0.1399,0.4,0.6,1.0,0.75,0.8,1.0,0.5667,-0.3516,-3.3227,True,0.3333,0.475,0.2318,0.0192,hepatic,False,False,False,False,False
400,Ocrelizumab,Temelimab,1.203,0.00249,0.00837,2.4303,0.0744,0.4266,0.0303,0.0,0.1743,0.5,0.6,1.0,0.5,0.15,0.5067,0.3611,-2.7449,-2.4721,True,0.3333,0.4,0.1784,0.0118,infection,False,False,False,False,True
401,Clemastine,Temelimab,1.2027,0.00249,0.00837,3.4229,0.0718,0.4364,0.0241,0.0,0.1645,0.3,0.4,0.7857,0.75,0.75,0.6867,-0.3542,-0.7049,-2.4721,False,0.3333,0.55,0.0284,0.001,infection,False,False,False,False,True
402,Frexalimab,Memantine,1.2027,0.05486,0.06865,1.4674,0.0488,0.3896,0.0135,0.0,0.1253,0.3,0.4,1.0,1.0,0.75,0.82,0.375,-2.5456,-2.6276,True,0.3333,0.475,0.0784,0.0,infection,False,False,False,False,False
403,Diroximel fumarate,Temelimab,1.2023,0.00249,0.00837,3.151,0.06,0.3611,0.0294,0.0,0.1662,0.5,0.8,0.9333,0.5,0.55,0.6867,0.0536,-1.9273,-2.4721,True,0.3333,0.45,0.1245,0.0078,infection,False,False,False,False,True
404,Diroximel fumarate,Fenebrutinib,1.2019,0.01496,0.02705,2.5009,0.0582,0.4552,0.0276,0.0,0.1278,0.5,0.6,0.8462,0.5,0.6,1.0,-0.2143,-1.9273,-2.6962,False,0.6667,0.325,0.2054,0.0446,infection,False,False,False,False,True
405,High-dose biotin,Ozanimod,1.2004,0.00499,0.01301,3.0087,0.0417,0.3504,0.02,0.0,0.119,0.4,0.6,1.0,0.75,0.6,0.7333,0.7167,-0.7599,-1.8533,True,0.6667,0.45,0.1882,0.0,infection,False,False,False,False,False
406,Ozanimod,Tolebrutinib,1.2003,0.01496,0.02705,2.0818,0.0645,0.4026,0.0218,0.0,0.1603,0.5,0.4,1.0,0.5,0.8,0.7333,0.2,-1.8533,-3.3227,True,0.6667,0.3,0.2967,0.0563,infection,False,False,False,False,False
407,Fingolimod,High-dose biotin,1.2002,0.00249,0.00837,2.6646,0.0489,0.3525,0.0191,0.0,0.1387,0.4,0.8,0.9231,0.75,0.6,0.7333,0.2083,-1.9414,-0.7599,True,0.6667,0.45,0.2608,0.0,infection,False,False,False,False,False
408,Fenebrutinib,Ocrelizumab,1.1997,0.11222,0.12336,1.2392,0.071,0.5123,0.0269,0.0,0.1386,0.4,0.4,0.8571,0.5,0.6,0.5533,-0.1825,-2.6962,-2.7449,False,0.6667,0.275,0.2667,0.0412,infection,False,False,False,False,True
409,Dimethyl fumarate,Frexalimab,1.1992,0.00998,0.02038,2.2952,0.0703,0.4416,0.0341,0.0,0.1593,0.4,0.4,0.9412,0.5,0.55,0.6867,0.0,-2.3075,-2.5456,False,0.6667,0.325,0.1667,0.0314,infection,False,False,False,False,True
410,Memantine,Secukinumab,1.199,0.01247,0.02374,1.9506,0.0385,0.4327,0.0135,0.0,0.0891,0.3,0.4,1.0,1.0,0.75,0.82,0.625,-2.6276,-1.895,True,0.3333,0.525,0.0686,0.0,infection,False,False,False,False,True
411,Idebenone,Orelabrutinib,1.1989,0.00249,0.00837,3.0642,0.0396,0.3635,0.0172,0.0,0.109,0.6,0.8,1.0,0.75,0.55,1.0,0.3833,-0.7029,-2.8405,True,0.3333,0.525,0.1261,0.0082,hepatic,False,False,False,False,False
412,Lamotrigine,Ustekinumab,1.1986,0.01995,0.0334,1.8803,0.0526,0.4187,0.0133,0.0,0.1256,0.2,0.4,1.0,1.0,0.7,0.5533,0.4583,-3.0679,-1.9172,True,0.3333,0.5,0.1059,0.0,infection,False,False,False,False,False
413,Masitinib,Ocrelizumab,1.1986,0.04738,0.06178,1.6972,0.0746,0.4768,0.0305,0.0,0.1564,0.4,0.4,1.0,0.5,0.5,0.6867,0.1825,-3.6789,-2.7449,True,0.6667,0.35,0.2873,0.0412,infection,False,False,False,False,False
414,Masitinib,Methylprednisolone,1.1978,0.00499,0.01301,2.3721,0.0824,0.4294,0.0267,0.0,0.192,0.4,0.4,0.8667,0.5,0.6,0.6867,-0.2429,-3.6789,-3.1022,False,0.6667,0.4,0.2435,0.0398,infection,False,False,False,False,True
415,Elezanumab,Tocilizumab,1.1975,0.00249,0.00837,3.4163,0.0638,0.3797,0.0285,0.0,0.1681,0.4,0.6,1.0,1.0,0.2,0.64,0.2381,-2.7183,-1.8119,True,0.3333,0.525,0.1765,0.0059,infection,False,False,False,False,False
416,Diroximel fumarate,Laquinimod,1.1974,0.00499,0.01301,2.7121,0.0598,0.3987,0.0282,0.0,0.15,0.5,0.8,0.8571,0.5,0.55,0.8667,-0.2679,-1.9273,-4.2322,False,0.6667,0.4,0.2779,0.0172,hepatic,False,False,False,False,True
417,Idebenone,Masitinib,1.1972,0.00249,0.00837,3.0163,0.0477,0.364,0.0172,0.0,0.131,0.5,0.8,1.0,0.75,0.55,0.8667,0.369,-0.7029,-3.6789,True,0.3333,0.55,0.1692,0.0093,hepatic,False,False,False,False,False
418,Nicotinamide riboside,Siponimod,1.1969,0.00249,0.00837,3.1868,0.053,0.3513,0.0146,0.0,0.151,0.6,0.8,0.9286,0.5,0.65,0.8667,0.4,-0.7234,-2.5366,True,0.3333,0.45,0.2373,0.0,infection,False,False,False,False,False
419,Cladribine,High-dose biotin,1.1967,0.00249,0.00837,3.8879,0.0468,0.3225,0.02,0.0,0.1452,0.4,0.6,1.0,0.75,0.6,0.6,0.8452,-2.961,-0.7599,True,0.6667,0.475,0.2765,0.0,infection,False,False,False,False,False
420,Elezanumab,Masitinib,1.1966,0.00249,0.00837,3.0328,0.059,0.3461,0.0285,0.0,0.1705,0.4,0.8,1.0,0.75,0.5,0.82,0.0714,-2.7183,-3.6789,True,0.3333,0.55,0.1642,0.0034,infection,False,False,False,False,False
421,Elezanumab,Sirolimus,1.196,0.00249,0.00837,3.1373,0.0526,0.3404,0.0241,0.0,0.1545,0.4,0.8,1.0,1.0,0.35,0.6867,0.3095,-2.7183,-2.0409,True,0.3333,0.575,0.198,0.0059,infection,False,False,False,False,False
422,Firategrast,Idebenone,1.1954,0.00249,0.00837,3.1353,0.0364,0.3731,0.0172,0.0,0.0975,0.5,0.6,1.0,1.0,0.55,1.0,0.7083,-3.2771,-0.7029,True,0.3333,0.575,0.1186,0.0,infection,False,False,False,False,False
423,Inebilizumab,Oxcarbazepine,1.195,0.00998,0.02038,1.7829,0.0448,0.4541,0.0099,0.0,0.0987,0.2,0.4,1.0,1.0,0.7,0.5533,1.0,-2.8083,-0.3516,True,0.3333,0.475,0.248,0.0,infection,False,False,False,False,False
424,Alpha-lipoic acid,Fenebrutinib,1.1944,0.00748,0.01683,2.8081,0.0471,0.3554,0.0173,0.0,0.1325,0.6,0.8,1.0,0.5,0.6,1.0,0.2857,-1.7729,-2.6962,True,0.3333,0.45,0.1373,0.0,infection,False,False,False,False,False
425,Oxcarbazepine,Ustekinumab,1.1943,0.00748,0.01683,2.1231,0.0492,0.4319,0.0099,0.0,0.1139,0.2,0.4,1.0,1.0,0.7,0.5533,0.75,-0.3516,-1.9172,True,0.3333,0.525,0.1647,0.0,infection,False,False,False,False,False
426,Dimethyl fumarate,Interferon beta-1a,1.1941,0.00998,0.02038,2.4343,0.0667,0.3926,0.0304,0.0031,0.1699,0.4,0.4,0.8125,0.5,0.55,0.82,-0.3333,-2.3075,-3.5867,False,1.0,0.275,0.1853,0.0324,infection,False,False,False,False,True
427,Ponesimod,Tolebrutinib,1.1941,0.01247,0.02374,1.8012,0.0628,0.4013,0.0201,0.0,0.1565,0.5,0.4,1.0,0.5,0.8,1.0,0.1,-1.5016,-3.3227,True,0.6667,0.3,0.2672,0.0515,infection,False,False,False,False,False
428,Epigallocatechin gallate,Opicinumab,1.1939,0.00249,0.00837,4.0549,0.0617,0.4184,0.012,0.0,0.1475,0.4,0.6,0.9286,0.75,0.45,0.6867,0.3333,-1.555,-0.7473,True,0.3333,0.675,0.0716,0.0,hepatic,False,False,False,False,False
429,Diroximel fumarate,Glatiramer acetate,1.1938,0.00249,0.00837,3.0706,0.0571,0.4171,0.0265,0.0,0.137,0.4,0.4,0.8571,0.5,0.55,0.82,-0.2679,-1.9273,-3.0334,False,1.0,0.325,0.1245,0.0078,infection,False,False,False,False,True
430,Elezanumab,Peginterferon beta-1a,1.193,0.00249,0.00837,4.0655,0.0565,0.3088,0.028,0.003,0.1828,0.4,0.6,1.0,1.0,0.2,0.82,0.2857,-2.7183,-2.577,True,0.3333,0.45,0.0995,0.0015,hepatic,False,False,False,False,True
431,Fenebrutinib,Simvastatin,1.1926,0.04988,0.06409,1.5451,0.0482,0.4056,0.0185,0.0,0.1189,0.6,0.8,0.8333,0.5,0.6,1.0,-0.2143,-2.6962,-1.7856,False,0.6667,0.4,0.2167,0.0206,hepatic,False,False,False,False,True
432,Methylprednisolone,Ponesimod,1.1925,0.00748,0.01683,2.2734,0.0722,0.4737,0.0164,0.0,0.1523,0.4,0.2,0.8333,0.5,0.6,0.82,-0.35,-3.1022,-1.5016,False,1.0,0.275,0.232,0.0475,infection,False,False,False,False,False
433,Inebilizumab,Lamotrigine,1.1921,0.05985,0.07304,1.5118,0.0482,0.4367,0.0133,0.0,0.1104,0.2,0.4,1.0,1.0,0.7,0.5533,0.6786,-2.8083,-3.0679,True,0.3333,0.45,0.1892,0.0,infection,False,False,False,False,False
434,Ibudilast,Nicotinamide riboside,1.1919,0.00748,0.01683,2.6006,0.0547,0.3963,0.0145,0.0,0.1381,0.4,0.6,0.9231,0.75,0.7,1.0,-0.1444,-4.4103,-0.7234,False,0.3333,0.55,0.0471,0.0,hepatic,False,False,False,False,False
435,Lamotrigine,Opicinumab,1.1916,0.00499,0.01301,2.9705,0.0619,0.4247,0.0122,0.0,0.1458,0.2,0.4,0.9167,1.0,0.7,0.6867,-0.1389,-3.0679,-0.7473,False,0.3333,0.575,0.0373,0.0,hepatic,False,False,False,False,False
436,High-dose biotin,Orelabrutinib,1.1912,0.00249,0.00837,3.321,0.0424,0.34,0.02,0.0,0.1246,0.5,0.8,1.0,0.75,0.6,1.0,0.3667,-0.7599,-2.8405,True,0.3333,0.55,0.1137,0.0,infection,False,False,False,False,False
437,Elezanumab,Teriflunomide,1.191,0.00249,0.00837,3.2156,0.0526,0.3152,0.0241,0.0,0.1669,0.5,0.8,1.0,0.75,0.4,0.6867,0.3571,-2.7183,-3.0107,True,0.3333,0.425,0.2412,0.0029,teratogenicity,False,False,False,False,False
438,Fingolimod,Simvastatin,1.1909,0.01496,0.02705,1.9186,0.05,0.3098,0.0202,0.0,0.1614,0.7,0.8,1.0,0.5,0.6,0.7333,0.0625,-1.9414,-1.7856,True,0.6667,0.35,0.3484,0.0124,infection,False,False,False,False,False
439,Elezanumab,Pioglitazone,1.1908,0.00249,0.00837,4.1522,0.0535,0.3169,0.025,0.0,0.1688,0.6,0.8,1.0,0.75,0.4,0.82,0.0714,-2.7183,-2.6661,True,0.3333,0.6,0.1343,0.0,cardiac,False,False,False,False,False
440,Epigallocatechin gallate,Minocycline,1.1908,0.00249,0.00837,2.6252,0.0611,0.3991,0.0117,0.0,0.1531,0.5,0.6,0.9286,0.75,0.7,1.0,-0.0556,-1.555,-3.6179,False,0.3333,0.6,0.1532,0.0154,hepatic,False,False,False,False,False
441,Pioglitazone,Siponimod,1.1908,0.00249,0.00837,3.0878,0.0609,0.3464,0.0225,0.0,0.1759,0.8,0.8,0.8667,0.5,0.65,1.0,-0.05,-2.6661,-2.5366,False,0.3333,0.425,0.3225,0.0393,cardiac,False,False,False,False,False
442,Metformin,Natalizumab,1.1898,0.00249,0.00837,3.1644,0.0676,0.3746,0.0272,0.0,0.1805,0.5,0.6,1.0,0.5,0.4,0.6867,0.2917,-1.6488,-3.0541,True,0.3333,0.35,0.2255,0.0,infection,False,False,False,False,False
443,Ibudilast,Simvastatin,1.1897,0.05486,0.06865,1.5634,0.0566,0.4145,0.0163,0.0,0.1366,0.5,0.6,0.7692,0.75,0.7,1.0,-0.381,-4.4103,-1.7856,False,0.3333,0.45,0.1388,0.0082,hepatic,False,False,False,False,False
444,Ofatumumab,Teriflunomide,1.1897,0.06983,0.08242,1.4303,0.0642,0.4466,0.0241,0.0,0.1437,0.4,0.4,1.0,0.5,0.4,0.6867,0.1964,-2.3838,-3.0107,True,1.0,0.225,0.3471,0.0294,infection,False,False,False,False,False
445,Ozanimod,Ublituximab,1.1897,0.0399,0.05461,1.5399,0.0609,0.53,0.0218,0.0,0.115,0.3,0.2,1.0,0.5,0.5,0.6867,0.3143,-1.8533,-2.5884,True,1.0,0.25,0.2912,0.0392,infection,False,False,False,False,True
446,Mycophenolate mofetil,Opicinumab,1.1896,0.00249,0.00837,4.0692,0.0704,0.387,0.0207,0.0,0.1819,0.4,0.4,1.0,1.0,0.2,0.6867,0.6889,-2.0615,-0.7473,True,0.3333,0.55,0.2627,0.0059,infection,False,False,False,False,False
447,Secukinumab,Tolebrutinib,1.1893,0.00249,0.00837,2.4425,0.0678,0.433,0.025,0.0,0.1565,0.5,0.4,1.0,0.5,0.8,0.6867,0.2,-1.895,-3.3227,True,0.3333,0.425,0.2093,0.024,infection,False,False,False,False,False
448,Elezanumab,Ponesimod,1.1889,0.00249,0.00837,3.0529,0.0486,0.349,0.0201,0.0,0.1392,0.4,0.6,1.0,1.0,0.45,0.6867,0.3393,-2.7183,-1.5016,True,0.3333,0.425,0.1598,0.0039,infection,False,False,False,False,False
449,Clemastine,Daclizumab,1.1888,0.00249,0.00837,3.681,0.0667,0.4093,0.019,0.0019,0.163,0.2,0.4,1.0,1.0,0.75,0.6867,0.5694,-0.7049,-2.1815,True,0.3333,0.425,0.3755,0.0039,autoimmunity,False,False,False,False,False
450,Fenebrutinib,Natalizumab,1.1886,0.00249,0.00837,2.3256,0.0701,0.3999,0.0297,0.0,0.1753,0.5,0.4,1.0,0.5,0.6,0.6867,0.0714,-2.6962,-3.0541,True,0.6667,0.275,0.2873,0.0618,infection,False,False,False,False,False
451,Dimethyl fumarate,Memantine,1.1882,0.01995,0.0334,2.0694,0.0498,0.3844,0.0135,0.0,0.1295,0.4,0.6,1.0,0.75,0.75,0.8667,-0.125,-2.3075,-2.6276,False,0.3333,0.4,0.1196,0.0,infection,False,False,False,False,False
452,Methylprednisolone,Ozanimod,1.1879,0.00998,0.02038,2.2612,0.0737,0.4725,0.018,0.0,0.1561,0.4,0.2,0.8462,0.5,0.6,0.5533,-0.2,-3.1022,-1.8533,False,1.0,0.275,0.2663,0.0475,infection,False,False,False,False,False
453,Dimethyl fumarate,Interferon beta-1b,1.1878,0.00998,0.02038,2.5775,0.0639,0.3764,0.0277,0.0029,0.1699,0.4,0.4,0.875,0.5,0.55,0.82,-0.2361,-2.3075,-3.2696,False,1.0,0.275,0.1853,0.0324,infection,False,False,False,False,True
454,Elezanumab,Hydroxychloroquine,1.1875,0.00249,0.00837,3.1919,0.0539,0.3325,0.0254,0.0,0.1621,0.4,0.8,1.0,0.75,0.55,0.6867,0.0,-2.7183,-3.2153,False,0.3333,0.575,0.098,0.0,ocular,False,False,False,False,False
455,Evobrutinib,High-dose biotin,1.1875,0.00249,0.00837,3.5754,0.0401,0.3411,0.02,0.0,0.1177,0.5,0.6,1.0,0.75,0.6,1.0,0.4667,-2.076,-0.7599,True,0.6667,0.525,0.1343,0.0,hepatic,False,False,False,False,False
456,Elezanumab,Vidofludimus calcium,1.1873,0.00249,0.00837,3.2067,0.0504,0.3273,0.0219,0.0,0.1539,0.5,0.8,1.0,0.75,0.4,0.82,0.3429,-2.7183,-1.6832,True,0.3333,0.5,0.173,0.0025,teratogenicity,False,False,False,False,False
457,Epigallocatechin gallate,Ocrelizumab,1.1873,0.00249,0.00837,2.3795,0.0567,0.4659,0.0126,0.0,0.1217,0.5,0.6,1.0,0.5,0.45,0.5533,0.6111,-1.555,-2.7449,True,0.3333,0.475,0.2324,0.0,infection,False,False,False,False,False
458,Ocrelizumab,Teriflunomide,1.1873,0.07481,0.08723,1.349,0.0682,0.4462,0.0241,0.0,0.1528,0.4,0.4,1.0,0.5,0.4,0.82,0.1111,-2.7449,-3.0107,True,1.0,0.225,0.3696,0.0353,infection,False,False,False,False,False
459,Ofatumumab,Ozanimod,1.1872,0.08229,0.09458,1.3308,0.0619,0.5166,0.0218,0.0,0.1197,0.3,0.2,1.0,0.5,0.5,0.6867,0.2875,-2.3838,-1.8533,True,1.0,0.225,0.2912,0.0392,infection,False,False,False,False,True
460,Ofatumumab,Pioglitazone,1.1872,0.00998,0.02038,2.1595,0.0651,0.447,0.025,0.0,0.1456,0.5,0.6,1.0,0.5,0.4,0.82,0.4107,-2.3838,-2.6661,True,0.3333,0.4,0.2578,0.0088,infection,False,False,False,False,False
461,Inebilizumab,Riluzole,1.187,0.05736,0.0709,1.4651,0.053,0.4448,0.0181,0.0,0.1191,0.2,0.4,1.0,1.0,0.65,0.5533,0.5595,-2.8083,-2.6115,True,0.3333,0.425,0.2304,0.0,infection,False,False,False,False,False
462,Dimethyl fumarate,Natalizumab-biosimilar,1.1869,0.00249,0.00837,2.5953,0.065,0.4352,0.0287,0.0,0.1493,0.5,0.4,1.0,0.5,0.55,0.6867,0.0556,-2.3075,-3.1195,True,0.6667,0.275,0.2255,0.0706,infection,False,False,False,False,False
463,Evobrutinib,Siponimod,1.1868,0.00249,0.00837,2.2664,0.0577,0.3563,0.0193,0.0,0.1619,0.7,0.6,0.9286,0.5,0.65,0.8667,0.05,-2.076,-2.5366,True,0.6667,0.325,0.3254,0.0462,infection,False,False,False,False,False
464,Teriflunomide,Ublituximab,1.1865,0.05985,0.07304,1.5351,0.0633,0.4553,0.0241,0.0,0.139,0.4,0.4,1.0,0.5,0.4,0.6867,0.2143,-3.0107,-2.5884,True,1.0,0.25,0.3471,0.0294,infection,False,False,False,False,False
465,Minocycline,Phenytoin,1.1864,0.00499,0.01301,2.5518,0.0606,0.4168,0.0112,0.0,0.1454,0.5,0.4,0.9091,1.0,0.7,0.8667,-0.3889,-3.6179,-2.5343,False,0.3333,0.5,0.2265,0.0137,teratogenicity,False,False,False,False,False
466,Ocrelizumab,Ozanimod,1.1864,0.05486,0.06865,1.4868,0.0658,0.5112,0.0218,0.0,0.1288,0.3,0.2,1.0,0.5,0.5,0.82,0.2667,-2.7449,-1.8533,True,1.0,0.225,0.3118,0.0471,infection,False,False,False,False,True
467,Phenytoin,Rituximab,1.1853,0.05486,0.06865,1.5168,0.0487,0.4818,0.0119,0.0,0.1011,0.2,0.4,1.0,1.0,0.7,0.6867,0.5952,-2.5343,-2.5884,True,0.3333,0.4,0.2941,0.0,infection,False,False,False,False,False
468,Alpha-lipoic acid,Inebilizumab,1.1843,0.00249,0.00837,2.7558,0.0522,0.4274,0.0173,0.0,0.1222,0.4,0.6,1.0,0.5,0.5,0.5533,0.7857,-1.7729,-2.8083,True,0.3333,0.45,0.1618,0.0,infection,False,False,False,False,False
469,Frexalimab,Laquinimod,1.1843,0.00748,0.01683,2.2095,0.0657,0.3897,0.0304,0.0,0.1686,0.5,0.6,0.9333,0.5,0.55,0.82,-0.0625,-2.5456,-4.2322,False,0.6667,0.45,0.2608,0.0,infection,False,False,False,False,False
470,Riluzole,Secukinumab,1.1843,0.00499,0.01301,2.301,0.0431,0.4185,0.0181,0.0,0.103,0.3,0.4,1.0,1.0,0.65,0.6867,0.7083,-2.6115,-1.895,True,0.3333,0.5,0.1373,0.0,infection,False,False,False,False,False
471,Ibudilast,Remibrutinib,1.1841,0.03242,0.04712,1.7405,0.0576,0.4316,0.0173,0.0,0.1335,0.4,0.6,0.8333,0.75,0.7,1.0,-0.2111,-4.4103,-1.7308,False,0.3333,0.45,0.1494,0.0182,hepatic,False,False,False,False,False
472,Pioglitazone,Ublituximab,1.184,0.00748,0.01683,2.2923,0.0641,0.4556,0.025,0.0,0.1408,0.5,0.6,1.0,0.5,0.4,0.82,0.4286,-2.6661,-2.5884,True,0.3333,0.425,0.2578,0.0088,infection,False,False,False,False,False
473,Minocycline,Mitoxantrone,1.1829,0.00249,0.00837,2.5721,0.0647,0.3923,0.0153,0.0,0.1649,0.7,0.6,0.8462,1.0,0.7,0.5533,-0.2778,-3.6179,-3.0195,False,0.3333,0.4,0.5559,0.0118,malignancy,False,False,False,False,False
474,Cholecalciferol,Elezanumab,1.1828,0.00249,0.00837,3.6852,0.0484,0.3082,0.0199,0.0,0.1572,0.3,0.8,1.0,0.75,0.55,0.6867,0.2262,-2.0037,-2.7183,True,0.3333,0.6,0.0098,0.0,infection,False,False,False,False,True
475,Azathioprine,Ibudilast,1.1826,0.00499,0.01301,2.6077,0.0577,0.3328,0.0174,0.0,0.1733,0.5,0.6,1.0,1.0,0.7,1.0,0.0,-1.9886,-4.4103,False,0.3333,0.45,0.3449,0.0218,infection,False,False,False,False,False
476,Evobrutinib,Ibudilast,1.1826,0.02494,0.03925,1.6984,0.0574,0.4298,0.0171,0.0,0.1335,0.4,0.6,0.8333,0.75,0.7,1.0,-0.2111,-2.076,-4.4103,False,0.3333,0.425,0.1604,0.021,hepatic,False,False,False,False,False
477,Frexalimab,Riluzole,1.1814,0.07232,0.08491,1.3993,0.0534,0.3834,0.0181,0.0,0.1393,0.3,0.4,1.0,1.0,0.65,0.6867,0.3125,-2.5456,-2.6115,True,0.3333,0.45,0.1471,0.0,infection,False,False,False,False,False
478,Inebilizumab,Methylprednisolone,1.1814,0.00249,0.00837,2.5756,0.0906,0.4462,0.0349,0.0,0.2031,0.4,0.2,1.0,0.5,0.6,0.3733,0.1214,-2.8083,-3.1022,True,0.3333,0.325,0.2284,0.0588,infection,False,False,False,False,False
479,Ibudilast,Orelabrutinib,1.1808,0.02494,0.03925,1.7447,0.0576,0.4533,0.0174,0.0,0.1271,0.4,0.6,0.7273,0.75,0.7,1.0,-0.4667,-4.4103,-2.8405,False,0.3333,0.45,0.1439,0.0169,infection,False,False,False,False,False
480,Memantine,Natalizumab,1.1803,0.03741,0.05212,1.6364,0.0539,0.3885,0.0135,0.0,0.1387,0.3,0.4,1.0,1.0,0.75,0.82,0.1875,-2.6276,-3.0541,True,0.3333,0.375,0.2118,0.0,infection,False,False,False,False,False
481,Bexarotene,Ofatumumab,1.1799,0.00249,0.00837,2.8938,0.0681,0.4758,0.028,0.0009,0.1431,0.3,0.4,1.0,0.5,0.55,0.82,0.7946,-0.7904,-2.3838,True,0.3333,0.375,0.2784,0.0,infection,False,False,False,False,False
482,Bexarotene,Diroximel fumarate,1.1796,0.00249,0.00837,4.2439,0.0586,0.3785,0.028,0.0009,0.1549,0.5,0.6,1.0,0.5,0.55,0.8667,0.6429,-0.7904,-1.9273,True,0.3333,0.425,0.237,0.012,teratogenicity,False,False,False,False,False
483,Dimethyl fumarate,Peginterferon beta-1a,1.1794,0.00249,0.00837,2.5569,0.0615,0.3899,0.0252,0.003,0.1577,0.4,0.4,0.8667,0.5,0.55,0.6867,-0.254,-2.3075,-2.577,False,1.0,0.275,0.1805,0.0303,infection,False,False,False,False,True
484,Elezanumab,Glatiramer acetate,1.1793,0.00249,0.00837,3.7268,0.0558,0.3367,0.0273,0.0,0.1658,0.4,0.6,0.9286,1.0,0.2,0.6867,0.0,-2.7183,-3.0334,False,0.3333,0.475,0.0284,0.001,infection,False,False,False,False,True
485,Frexalimab,Oxcarbazepine,1.1791,0.01496,0.02705,1.9071,0.0452,0.3807,0.0099,0.0,0.1189,0.3,0.4,1.0,1.0,0.7,0.6867,0.7708,-2.5456,-0.3516,True,0.3333,0.5,0.1647,0.0,infection,False,False,False,False,False
486,Elezanumab,Natalizumab-biosimilar,1.179,0.00499,0.01301,2.9037,0.0572,0.3847,0.0285,0.0,0.1487,0.4,0.6,1.0,1.0,0.2,0.64,0.2143,-2.7183,-3.1195,True,0.3333,0.45,0.1775,0.0088,infection,False,False,False,False,False
487,Siponimod,Temelimab,1.1786,0.00499,0.01301,2.1706,0.0635,0.4235,0.025,0.0,0.1499,0.6,0.8,0.6154,0.5,0.65,0.82,-0.5125,-2.5366,-2.4721,False,0.3333,0.425,0.249,0.0078,infection,False,False,False,False,False
488,Dimethyl fumarate,Inebilizumab,1.1785,0.00499,0.01301,2.6642,0.0712,0.4566,0.0349,0.0,0.1559,0.4,0.4,1.0,0.5,0.55,0.5533,0.3492,-2.3075,-2.8083,True,0.3333,0.3,0.2343,0.0471,infection,False,False,False,False,False
489,Frexalimab,Lamotrigine,1.178,0.04489,0.05938,1.6478,0.0486,0.3725,0.0133,0.0,0.1306,0.3,0.4,1.0,1.0,0.7,0.6867,0.375,-2.5456,-3.0679,True,0.3333,0.475,0.1059,0.0,infection,False,False,False,False,False
490,Dimethyl fumarate,Masitinib,1.1777,0.00998,0.02038,2.3483,0.0643,0.4444,0.028,0.0,0.1448,0.4,0.6,0.8667,0.5,0.55,0.8667,-0.254,-2.3075,-3.6789,False,0.6667,0.375,0.2315,0.046,infection,False,False,False,False,False
491,Amiloride,Ocrelizumab,1.1776,0.06983,0.08242,1.4502,0.0546,0.4683,0.0105,0.0,0.1166,0.3,0.4,1.0,1.0,0.45,0.5533,0.2361,-2.6837,-2.7449,True,0.3333,0.4,0.2049,0.0,infection,False,False,False,False,False
492,Masitinib,Siponimod,1.1775,0.01247,0.02374,2.1362,0.0659,0.3708,0.0274,0.0,0.1776,0.6,0.6,0.8667,0.5,0.65,1.0,-0.1929,-3.6789,-2.5366,False,0.6667,0.375,0.3381,0.057,infection,False,False,False,False,False
493,Cladribine,Methylprednisolone,1.1773,0.00249,0.00837,2.7917,0.0808,0.4063,0.0251,0.0,0.199,0.4,0.2,0.9375,0.5,0.6,0.42,-0.1214,-2.961,-3.1022,False,1.0,0.3,0.3431,0.0588,infection,False,False,False,False,False
494,Fenebrutinib,Ofatumumab,1.1773,0.12968,0.14041,1.0626,0.0672,0.5182,0.027,0.0,0.1296,0.3,0.4,0.8462,0.5,0.6,0.6867,-0.1964,-2.6962,-2.3838,False,0.6667,0.275,0.2451,0.0343,infection,False,False,False,False,True
495,Ofatumumab,Temelimab,1.1772,0.00998,0.02038,2.1278,0.0704,0.4259,0.0303,0.0,0.1653,0.4,0.6,1.0,0.5,0.15,0.82,0.375,-2.3838,-2.4721,True,0.3333,0.4,0.152,0.0098,infection,False,False,False,False,True
496,Inebilizumab,Metformin,1.1769,0.00499,0.01301,2.5733,0.0621,0.4227,0.0272,0.0,0.147,0.4,0.6,1.0,0.5,0.4,0.5533,0.4603,-2.8083,-1.6488,True,0.3333,0.425,0.1755,0.0,infection,False,False,False,False,False
497,Natalizumab,Oxcarbazepine,1.1763,0.00748,0.01683,2.3905,0.0503,0.3805,0.0099,0.0,0.1323,0.3,0.4,1.0,1.0,0.7,0.6867,0.7708,-3.0541,-0.3516,True,0.3333,0.4,0.298,0.0,infection,False,False,False,False,False
498,Masitinib,Metformin,1.1758,0.00748,0.01683,2.6134,0.0577,0.356,0.0272,0.0,0.1622,0.5,0.8,1.0,0.5,0.5,0.8667,0.127,-3.6789,-1.6488,True,0.3333,0.5,0.1654,0.0062,hepatic,False,False,False,False,False
499,Masitinib,Ofatumumab,1.1757,0.04738,0.06178,1.5243,0.0706,0.4791,0.0305,0.0,0.1473,0.3,0.4,1.0,0.5,0.5,0.82,0.1964,-3.6789,-2.3838,True,0.6667,0.35,0.2657,0.0343,infection,False,False,False,False,False
500,Dimethyl fumarate,Oxcarbazepine,1.1755,0.00748,0.01683,2.9627,0.0462,0.3756,0.0099,0.0,0.1231,0.4,0.6,1.0,0.75,0.7,1.0,0.5,-2.3075,-0.3516,True,0.3333,0.425,0.1976,0.0082,infection,False,False,False,False,False
501,Metformin,Orelabrutinib,1.1754,0.00249,0.00837,2.7231,0.0497,0.3543,0.0224,0.0,0.1402,0.6,0.8,1.0,0.5,0.55,1.0,0.0556,-1.6488,-2.8405,True,0.3333,0.475,0.122,0.0055,hepatic,False,False,False,False,False
502,Dimethyl fumarate,Ponesimod,1.1753,0.01247,0.02374,2.4046,0.0549,0.4466,0.0187,0.0,0.123,0.4,0.4,0.9231,0.5,0.55,1.0,-0.125,-2.3075,-1.5016,False,1.0,0.25,0.2319,0.0417,infection,False,False,False,False,False
503,Bexarotene,Ublituximab,1.175,0.00249,0.00837,2.9108,0.0672,0.4856,0.028,0.0009,0.1384,0.3,0.4,1.0,0.5,0.55,0.82,0.7857,-0.7904,-2.5884,True,0.3333,0.4,0.2784,0.0,infection,False,False,False,False,False
504,Dimethyl fumarate,Riluzole,1.1749,0.01247,0.02374,2.15,0.0544,0.379,0.0181,0.0,0.1435,0.4,0.6,1.0,0.75,0.65,1.0,0.0,-2.3075,-2.6115,False,0.3333,0.375,0.1676,0.0206,hepatic,False,False,False,False,False
505,Ibudilast,Memantine,1.1746,0.05736,0.0709,1.4782,0.0519,0.4273,0.0116,0.0,0.1214,0.3,0.4,0.8182,1.0,0.75,0.8667,-0.4306,-4.4103,-2.6276,False,0.3333,0.5,0.0471,0.0,hepatic,False,False,False,False,True
506,Diroximel fumarate,Interferon beta-1a,1.1745,0.01746,0.03019,2.232,0.0623,0.3732,0.0283,0.0031,0.1669,0.4,0.4,0.8667,0.5,0.55,0.82,-0.254,-1.9273,-3.5867,False,1.0,0.3,0.1819,0.0289,infection,False,False,False,False,True
507,High-dose biotin,Remibrutinib,1.1745,0.00249,0.00837,2.998,0.0398,0.3425,0.0198,0.0,0.1162,0.4,0.6,1.0,0.75,0.6,1.0,0.55,-0.7599,-1.7308,True,0.6667,0.55,0.1206,0.0,hepatic,False,False,False,False,False
508,Fenebrutinib,Ublituximab,1.1738,0.11471,0.12568,1.1741,0.0662,0.5303,0.027,0.0,0.1248,0.3,0.4,0.8333,0.5,0.6,0.6867,-0.2143,-2.6962,-2.5884,False,0.6667,0.3,0.2451,0.0343,infection,False,False,False,False,True
509,Masitinib,Ublituximab,1.1734,0.05486,0.06865,1.515,0.0697,0.4887,0.0305,0.0,0.1425,0.3,0.4,1.0,0.5,0.5,0.82,0.2143,-3.6789,-2.5884,True,0.6667,0.375,0.2657,0.0343,infection,False,False,False,False,False
510,Alpha-lipoic acid,Temelimab,1.1727,0.00249,0.00837,3.3284,0.0476,0.3066,0.0173,0.0,0.1553,0.6,0.8,1.0,0.5,0.5,0.6867,0.1339,-1.7729,-2.4721,True,0.3333,0.575,0.0196,0.0,infection,False,False,False,False,True
511,Oxcarbazepine,Secukinumab,1.1727,0.00249,0.00837,2.37,0.035,0.4232,0.0099,0.0,0.0826,0.3,0.4,1.0,1.0,0.7,0.6867,1.0,-0.3516,-1.895,True,0.3333,0.55,0.1549,0.0,infection,False,False,False,False,False
512,Diroximel fumarate,Idebenone,1.1725,0.00499,0.01301,3.3795,0.0478,0.3731,0.0172,0.0,0.1281,0.5,0.6,1.0,0.75,0.55,1.0,0.2262,-1.9273,-0.7029,True,0.3333,0.45,0.1282,0.0051,infection,False,False,False,False,False
513,Temelimab,Ublituximab,1.1723,0.01247,0.02374,2.1728,0.0695,0.4328,0.0303,0.0,0.1605,0.4,0.6,1.0,0.5,0.15,0.64,0.3929,-2.4721,-2.5884,True,0.3333,0.425,0.152,0.0098,infection,False,False,False,False,True
514,Diroximel fumarate,Frexalimab,1.1719,0.01247,0.02374,2.149,0.0647,0.4397,0.0294,0.0,0.1472,0.4,0.4,0.9333,0.5,0.55,0.6867,0.0,-1.9273,-2.5456,False,0.6667,0.35,0.1598,0.0314,infection,False,False,False,False,True
515,Alemtuzumab,Elezanumab,1.1718,0.00249,0.00837,3.2855,0.0698,0.3445,0.0285,0.0,0.2026,0.4,0.6,1.0,1.0,0.2,0.3733,0.4643,-3.018,-2.7183,True,0.3333,0.425,0.4471,0.0078,infection,False,False,False,False,False
516,Temelimab,Tolebrutinib,1.1713,0.03741,0.05212,1.6674,0.0687,0.4054,0.026,0.0,0.1695,0.4,0.6,0.8,0.5,0.8,0.6867,-0.2875,-2.4721,-3.3227,False,0.3333,0.475,0.1775,0.0069,hepatic,False,False,False,False,False
517,Nicotinamide riboside,Ustekinumab,1.1709,0.00249,0.00837,2.6408,0.0547,0.436,0.0154,0.0,0.1254,0.3,0.6,1.0,0.5,0.5,0.5533,0.6167,-0.7234,-1.9172,True,0.3333,0.55,0.0784,0.0,infection,False,False,False,False,True
518,Dimethyl fumarate,Ozanimod,1.1704,0.00998,0.02038,2.2998,0.0565,0.446,0.0202,0.0,0.1267,0.4,0.4,0.9286,0.5,0.55,0.7333,0.0,-2.3075,-1.8533,False,1.0,0.25,0.2641,0.0437,infection,False,False,False,False,False
519,Natalizumab,Riluzole,1.1701,0.03741,0.05212,1.7564,0.0585,0.383,0.0181,0.0,0.1527,0.3,0.4,1.0,1.0,0.65,0.6867,0.2292,-3.0541,-2.6115,True,0.3333,0.35,0.2804,0.0,infection,False,False,False,False,False
520,Alemtuzumab,Methylprednisolone,1.1699,0.00249,0.00837,2.4633,0.0925,0.4286,0.0367,0.0,0.2157,0.4,0.2,0.8889,0.5,0.6,0.24,-0.2,-3.018,-3.1022,False,1.0,0.275,0.4839,0.0867,infection,False,False,False,False,True
521,Sirolimus,Tolebrutinib,1.1696,0.01496,0.02705,2.1192,0.0669,0.3889,0.0241,0.0,0.1719,0.5,0.6,1.0,0.5,0.8,0.7333,0.1333,-2.0409,-3.3227,True,0.3333,0.45,0.2888,0.07,infection,False,False,False,False,False
522,Idebenone,Ozanimod,1.1692,0.00249,0.00837,3.0787,0.039,0.3767,0.0172,0.0,0.1034,0.5,0.6,1.0,0.75,0.55,0.7333,0.8167,-0.7029,-1.8533,True,0.3333,0.425,0.2026,0.0062,infection,False,False,False,False,False
523,Methylprednisolone,Orelabrutinib,1.1691,0.00249,0.00837,2.7275,0.0762,0.4217,0.0205,0.0,0.1808,0.5,0.4,0.9286,0.5,0.6,0.82,-0.15,-3.1022,-2.8405,False,0.3333,0.375,0.2098,0.0294,infection,False,False,False,False,False
524,Alpha-lipoic acid,Ustekinumab,1.169,0.00499,0.01301,2.5559,0.0566,0.412,0.0173,0.0,0.1374,0.4,0.6,1.0,0.5,0.5,0.5533,0.3214,-1.7729,-1.9172,True,0.3333,0.5,0.0784,0.0,infection,False,False,False,False,True
525,Laquinimod,Natalizumab-biosimilar,1.169,0.00249,0.00837,2.7843,0.0603,0.3803,0.0287,0.0,0.1586,0.6,0.6,1.0,0.5,0.55,0.82,0.0625,-4.2322,-3.1195,True,0.6667,0.4,0.3588,0.0,infection,False,False,False,False,False
526,Frexalimab,Simvastatin,1.1683,0.04239,0.05693,1.6292,0.0555,0.3578,0.0202,0.0,0.1551,0.6,0.6,1.0,0.5,0.35,0.6867,0.0625,-2.5456,-1.7856,True,0.6667,0.425,0.1784,0.0,infection,False,False,False,False,True
527,Siponimod,Tocilizumab,1.1683,0.00249,0.00837,2.6585,0.0717,0.3899,0.0333,0.0,0.184,0.6,0.6,0.9333,0.5,0.65,0.82,-0.0333,-2.5366,-1.8119,False,0.3333,0.35,0.3463,0.0635,infection,False,False,False,False,False
528,Natalizumab-biosimilar,Oxcarbazepine,1.1681,0.00249,0.00837,2.1659,0.0386,0.4192,0.0099,0.0,0.0921,0.3,0.4,1.0,1.0,0.7,0.6867,1.0,-3.1195,-0.3516,True,0.3333,0.45,0.2627,0.0,infection,False,False,False,False,False
529,Diroximel fumarate,Interferon beta-1b,1.1678,0.00499,0.01301,2.7234,0.0594,0.356,0.0288,0.0029,0.1669,0.4,0.4,0.9333,0.5,0.55,0.82,-0.1339,-1.9273,-3.2696,False,1.0,0.3,0.1819,0.0289,infection,False,False,False,False,True
530,Diroximel fumarate,Memantine,1.1675,0.00998,0.02038,2.0936,0.0441,0.3755,0.0135,0.0,0.1175,0.4,0.6,1.0,0.75,0.75,0.8667,0.125,-1.9273,-2.6276,True,0.3333,0.425,0.1127,0.0,infection,False,False,False,False,False
531,Memantine,Tocilizumab,1.1674,0.01995,0.0334,1.7202,0.0488,0.4138,0.0135,0.0,0.118,0.3,0.4,1.0,1.0,0.75,0.82,0.2917,-2.6276,-1.8119,True,0.3333,0.5,0.1725,0.0,infection,False,False,False,False,False
532,Amiloride,Methylprednisolone,1.1671,0.00249,0.00837,3.1331,0.0663,0.3712,0.0105,0.0,0.1786,0.4,0.4,1.0,0.75,0.6,0.82,-0.125,-2.6837,-3.1022,False,0.3333,0.45,0.1529,0.0069,infection,False,False,False,False,False
533,Diroximel fumarate,Oxcarbazepine,1.1669,0.00249,0.00837,3.0581,0.0406,0.3651,0.0099,0.0,0.1111,0.4,0.6,1.0,0.75,0.7,1.0,0.7619,-1.9273,-0.3516,True,0.3333,0.45,0.1922,0.0069,infection,False,False,False,False,False
534,Ibudilast,Methotrexate,1.1668,0.01247,0.02374,2.1682,0.0583,0.347,0.018,0.0,0.1679,0.4,0.6,0.9231,1.0,0.7,1.0,-0.1556,-4.4103,-2.3127,False,0.3333,0.475,0.2943,0.0263,infection,False,False,False,False,False
535,Interferon beta-1a,Memantine,1.1667,0.01995,0.0334,2.128,0.0475,0.3051,0.0135,0.0031,0.1557,0.4,0.4,1.0,1.0,0.75,0.6867,0.1806,-3.5867,-2.6276,True,0.3333,0.425,0.098,0.0,hepatic,False,False,False,False,False
536,Hydroxychloroquine,Metformin,1.1664,0.00499,0.01301,2.7203,0.0526,0.3422,0.0254,0.0,0.1538,0.5,0.8,1.0,0.5,0.55,0.7333,0.0556,-3.2153,-1.6488,True,0.3333,0.525,0.102,0.0,ocular,False,False,False,False,False
537,Memantine,Natalizumab-biosimilar,1.1662,0.07481,0.08723,1.3947,0.0422,0.4281,0.0135,0.0,0.0986,0.3,0.4,1.0,1.0,0.75,0.82,0.35,-2.6276,-3.1195,True,0.3333,0.425,0.1765,0.0,infection,False,False,False,False,False
538,Lamotrigine,Secukinumab,1.1653,0.00249,0.00837,2.141,0.0384,0.4067,0.0133,0.0,0.0943,0.3,0.4,1.0,1.0,0.7,0.6867,0.625,-3.0679,-1.895,True,0.3333,0.525,0.0961,0.0,infection,False,False,False,False,False
539,Ibudilast,Riluzole,1.1651,0.06484,0.0779,1.4952,0.0561,0.4143,0.0158,0.0,0.1354,0.3,0.4,0.8462,1.0,0.7,1.0,-0.2222,-4.4103,-2.6115,False,0.3333,0.475,0.102,0.0137,hepatic,False,False,False,False,False
540,Dimethyl fumarate,Simvastatin,1.165,0.01746,0.03019,2.0976,0.0531,0.4473,0.0168,0.0,0.1186,0.5,0.6,0.7857,0.5,0.55,1.0,-0.381,-2.3075,-1.7856,False,0.6667,0.35,0.2073,0.0124,infection,False,False,False,False,False
541,Elezanumab,Fingolimod,1.1649,0.00499,0.01301,2.4426,0.0571,0.3692,0.0273,0.0,0.1546,0.4,0.8,0.8462,0.75,0.6,0.6867,-0.1429,-2.7183,-1.9414,False,0.3333,0.425,0.2657,0.0049,infection,False,False,False,False,False
542,Epigallocatechin gallate,Ublituximab,1.1648,0.00748,0.01683,2.3807,0.0518,0.4802,0.0126,0.0,0.1079,0.4,0.6,1.0,0.5,0.45,0.6867,0.6429,-1.555,-2.5884,True,0.3333,0.5,0.2039,0.0,infection,False,False,False,False,False
543,Dimethyl fumarate,Lamotrigine,1.1647,0.00748,0.01683,2.5385,0.0496,0.3681,0.0133,0.0,0.1348,0.4,0.6,1.0,0.75,0.7,1.0,0.0,-2.3075,-3.0679,False,0.3333,0.4,0.1388,0.0082,infection,False,False,False,False,False
544,Epigallocatechin gallate,Ofatumumab,1.1645,0.00499,0.01301,2.2013,0.0527,0.468,0.0126,0.0,0.1127,0.4,0.6,1.0,0.5,0.45,0.6867,0.625,-1.555,-2.3838,True,0.3333,0.475,0.2039,0.0,infection,False,False,False,False,False
545,Clemastine,Phenytoin,1.1642,0.00249,0.00837,3.6899,0.0596,0.3955,0.0119,0.0,0.1507,0.2,0.4,1.0,1.0,0.75,0.8667,0.0,-0.7049,-2.5343,False,0.3333,0.525,0.1431,0.0,teratogenicity,False,False,False,False,False
546,Cyclophosphamide,Ibudilast,1.1642,0.01247,0.02374,2.1431,0.0636,0.3646,0.0233,0.0006,0.1745,0.5,0.6,0.9286,1.0,0.7,0.82,-0.1389,-3.0549,-4.4103,False,0.3333,0.45,0.4637,0.0157,infection,False,False,False,False,False
547,Fenebrutinib,Frexalimab,1.164,0.06484,0.0779,1.4344,0.065,0.4016,0.0297,0.0,0.1619,0.4,0.4,1.0,0.5,0.6,0.6867,0.0,-2.6962,-2.5456,False,0.6667,0.375,0.1882,0.0275,infection,False,False,False,False,True
548,Hydroxychloroquine,Idebenone,1.164,0.00249,0.00837,2.9321,0.0426,0.3472,0.0172,0.0,0.1226,0.5,0.8,1.0,0.75,0.55,0.7333,0.1667,-3.2153,-0.7029,True,0.3333,0.575,0.1088,0.0,ocular,False,False,False,False,False
549,Fingolimod,Natalizumab,1.1639,0.01247,0.02374,1.864,0.0695,0.3863,0.0291,0.0,0.1798,0.4,0.4,0.9333,0.5,0.6,0.6867,0.0,-1.9414,-3.0541,False,1.0,0.225,0.3843,0.0882,infection,False,False,False,False,False
550,Fenebrutinib,Memantine,1.1637,0.04239,0.05693,1.5766,0.0432,0.3746,0.0135,0.0,0.1155,0.4,0.6,1.0,0.75,0.75,0.8667,0.2679,-2.6962,-2.6276,True,0.3333,0.45,0.1373,0.0,infection,False,False,False,False,False
551,Idebenone,Laquinimod,1.1637,0.00249,0.00837,3.2685,0.0477,0.3559,0.016,0.0,0.1339,0.6,0.8,0.9231,0.75,0.55,0.8667,0.0625,-0.7029,-4.2322,True,0.3333,0.55,0.1926,0.0103,hepatic,False,False,False,False,False
552,Elezanumab,Laquinimod,1.1636,0.00249,0.00837,3.1861,0.0565,0.373,0.0249,0.0,0.1516,0.5,0.8,0.75,0.75,0.55,0.82,-0.4018,-2.7183,-4.2322,False,0.3333,0.55,0.1922,0.0,hepatic,False,False,False,False,False
553,Cholecalciferol,Methylprednisolone,1.1631,0.00249,0.00837,2.6028,0.0712,0.4413,0.0154,0.0,0.1613,0.3,0.4,0.7692,0.5,0.6,0.5533,-0.4,-2.0037,-3.1022,False,0.6667,0.45,0.1255,0.0,infection,False,False,False,False,True
554,Daclizumab,Ibudilast,1.1631,0.01496,0.02705,1.8141,0.0593,0.3683,0.019,0.0019,0.161,0.4,0.6,1.0,1.0,0.7,0.6867,0.0,-2.1815,-4.4103,False,0.3333,0.4,0.3841,0.0325,autoimmunity,False,False,False,False,False
555,Inebilizumab,Nicotinamide riboside,1.1631,0.00998,0.02038,2.3014,0.0503,0.4564,0.0154,0.0,0.1102,0.3,0.6,1.0,0.5,0.5,0.5533,0.8,-2.8083,-0.7234,True,0.3333,0.5,0.1618,0.0,infection,False,False,False,False,False
556,Azathioprine,Opicinumab,1.163,0.00249,0.00837,4.3881,0.0671,0.3712,0.0174,0.0,0.1808,0.4,0.4,1.0,1.0,0.25,0.6867,0.6889,-1.9886,-0.7473,True,0.3333,0.525,0.324,0.0054,infection,False,False,False,False,False
557,Rituximab,Teriflunomide,1.1628,0.05237,0.06657,1.5158,0.0608,0.4379,0.0241,0.0,0.139,0.4,0.4,1.0,0.5,0.4,0.82,0.2143,-2.5884,-3.0107,True,1.0,0.25,0.3627,0.0324,infection,False,False,False,False,False
558,Ibudilast,Pioglitazone,1.1627,0.01995,0.0334,2.051,0.0583,0.4264,0.018,0.0,0.1367,0.5,0.6,0.6667,0.75,0.7,0.8667,-0.4365,-4.4103,-2.6661,False,0.3333,0.525,0.1647,0.0069,cardiac,False,False,False,False,False
559,High-dose biotin,Hydroxychloroquine,1.1626,0.00249,0.00837,3.0073,0.0453,0.3279,0.02,0.0,0.1382,0.4,0.8,1.0,0.75,0.6,0.7333,0.1667,-0.7599,-3.2153,True,0.3333,0.6,0.0882,0.0,ocular,False,False,False,False,False
560,Ozanimod,Rituximab,1.1624,0.05237,0.06657,1.4802,0.0585,0.509,0.0218,0.0,0.115,0.3,0.2,1.0,0.5,0.5,0.82,0.3143,-1.8533,-2.5884,True,1.0,0.25,0.3059,0.0431,infection,False,False,False,False,False
561,Amiloride,Tolebrutinib,1.1618,0.03741,0.05212,1.7031,0.0533,0.3599,0.0105,0.0,0.1481,0.4,0.6,1.0,0.75,0.8,1.0,-0.025,-2.6837,-3.3227,False,0.3333,0.475,0.199,0.0,hepatic,False,False,False,False,False
562,Natalizumab,Simvastatin,1.1612,0.01496,0.02705,1.9997,0.0606,0.3595,0.0202,0.0,0.1685,0.6,0.6,1.0,0.5,0.35,0.6867,0.0,-3.0541,-1.7856,False,0.6667,0.325,0.3118,0.0,infection,False,False,False,False,False
563,Methylprednisolone,Phenytoin,1.1605,0.00249,0.00837,2.8113,0.0677,0.3827,0.0119,0.0,0.1769,0.4,0.4,1.0,0.75,0.7,0.6867,0.0,-3.1022,-2.5343,False,0.3333,0.425,0.2588,0.0,infection,False,False,False,False,False
564,Pioglitazone,Rituximab,1.1604,0.00499,0.01301,2.3403,0.0617,0.4384,0.025,0.0,0.1408,0.5,0.6,1.0,0.5,0.4,0.6867,0.4286,-2.6661,-2.5884,True,0.3333,0.425,0.2747,0.0106,infection,False,False,False,False,False
565,Diroximel fumarate,Peginterferon beta-1a,1.1588,0.00748,0.01683,2.7534,0.057,0.3683,0.0264,0.003,0.1547,0.4,0.4,0.9286,0.5,0.55,0.6867,-0.1429,-1.9273,-2.577,False,1.0,0.3,0.1767,0.0272,infection,False,False,False,False,True
566,Diroximel fumarate,Riluzole,1.1587,0.01247,0.02374,2.255,0.0487,0.3705,0.0181,0.0,0.1315,0.4,0.6,1.0,0.75,0.65,1.0,0.1667,-1.9273,-2.6115,True,0.3333,0.4,0.1642,0.0172,hepatic,False,False,False,False,False
567,Epigallocatechin gallate,Methylprednisolone,1.1585,0.00249,0.00837,2.9366,0.067,0.3877,0.0113,0.0,0.1729,0.5,0.6,0.9333,0.5,0.6,0.82,-0.05,-1.555,-3.1022,False,0.3333,0.525,0.1873,0.0,infection,False,False,False,False,False
568,Evobrutinib,Methylprednisolone,1.1584,0.00499,0.01301,2.664,0.074,0.4257,0.0182,0.0,0.1738,0.5,0.2,0.9286,0.5,0.6,0.82,-0.05,-2.076,-3.1022,False,0.6667,0.35,0.2304,0.0294,infection,False,False,False,False,False
569,Methylprednisolone,Natalizumab-biosimilar,1.1584,0.00998,0.02038,2.2382,0.0788,0.5077,0.0231,0.0,0.1553,0.4,0.2,0.75,0.5,0.6,0.5067,-0.45,-3.1022,-3.1195,False,0.6667,0.3,0.2137,0.0882,infection,False,False,False,False,True
570,Fenebrutinib,Glatiramer acetate,1.1574,0.00748,0.01683,2.4171,0.0576,0.3796,0.0278,0.0,0.1517,0.5,0.4,0.9286,0.5,0.6,0.82,-0.0625,-2.6962,-3.0334,False,0.6667,0.35,0.15,0.0069,infection,False,False,False,False,True
571,Lamotrigine,Natalizumab,1.1573,0.02494,0.03925,1.7656,0.0537,0.3731,0.0133,0.0,0.144,0.3,0.4,1.0,1.0,0.7,0.6867,0.1875,-3.0679,-3.0541,True,0.3333,0.375,0.2392,0.0,infection,False,False,False,False,False
572,Amiloride,Ublituximab,1.1562,0.10224,0.11438,1.2593,0.0497,0.4836,0.0105,0.0,0.1028,0.2,0.4,1.0,1.0,0.45,0.6867,0.2679,-2.6837,-2.5884,True,0.3333,0.425,0.1765,0.0,infection,False,False,False,False,False
573,Opicinumab,Oxcarbazepine,1.1561,0.00249,0.00837,2.9152,0.0586,0.4369,0.0089,0.0,0.1341,0.2,0.4,0.9091,1.0,0.7,0.6867,0.0,-0.7473,-0.3516,False,0.3333,0.6,0.0961,0.0,teratogenicity,False,False,False,False,False
574,Methylprednisolone,Vidofludimus calcium,1.1559,0.01496,0.02705,2.1561,0.0723,0.4629,0.0166,0.0,0.1563,0.4,0.4,0.75,0.5,0.6,0.6867,-0.45,-3.1022,-1.6832,False,0.6667,0.35,0.2667,0.0245,infection,False,False,False,False,False
575,Cholecalciferol,Temelimab,1.1557,0.00249,0.00837,3.032,0.0502,0.3015,0.0199,0.0,0.1666,0.4,0.8,1.0,0.5,0.55,0.6867,0.1875,-2.0037,-2.4721,True,0.3333,0.6,0.0196,0.0,infection,False,False,False,False,True
576,Methotrexate,Opicinumab,1.1556,0.00249,0.00837,4.0429,0.069,0.3706,0.0193,0.0,0.1861,0.4,0.4,1.0,1.0,0.2,0.6867,0.4889,-2.3127,-0.7473,True,0.3333,0.55,0.2784,0.0049,infection,False,False,False,False,False
577,Amiloride,Ofatumumab,1.1551,0.07481,0.08723,1.3941,0.0506,0.4708,0.0105,0.0,0.1076,0.2,0.4,1.0,1.0,0.45,0.6867,0.25,-2.6837,-2.3838,True,0.3333,0.4,0.1765,0.0,infection,False,False,False,False,False
578,Memantine,Temelimab,1.155,0.00998,0.02038,2.1228,0.0438,0.3166,0.0135,0.0,0.1383,0.4,0.6,1.0,0.75,0.75,0.82,0.1875,-2.6276,-2.4721,True,0.3333,0.575,0.0196,0.0,infection,False,False,False,False,False
579,Nicotinamide riboside,Secukinumab,1.155,0.00249,0.00837,3.2555,0.0404,0.4298,0.0154,0.0,0.094,0.4,0.6,1.0,0.5,0.5,0.6867,0.9,-0.7234,-1.895,True,0.3333,0.575,0.0686,0.0,infection,False,False,False,False,True
580,Bexarotene,Siponimod,1.1549,0.00249,0.00837,3.185,0.0623,0.4066,0.0239,0.0009,0.1533,0.6,0.8,0.7857,0.5,0.65,1.0,-0.2143,-0.7904,-2.5366,False,0.3333,0.4,0.3591,0.0144,teratogenicity,False,False,False,False,False
581,Metformin,Ustekinumab,1.1548,0.00499,0.01301,2.3534,0.0646,0.4444,0.0254,0.0,0.1454,0.3,0.6,0.9286,0.5,0.4,0.5533,0.1667,-1.6488,-1.9172,True,0.3333,0.475,0.0922,0.0,infection,False,False,False,False,True
582,Frexalimab,Metformin,1.1547,0.01496,0.02705,2.234,0.0615,0.409,0.0262,0.0,0.1504,0.4,0.6,0.9375,0.5,0.4,0.6867,0.1667,-2.5456,-1.6488,True,0.3333,0.45,0.0922,0.0,infection,False,False,False,False,True
583,Alpha-lipoic acid,Frexalimab,1.1545,0.00249,0.00837,2.4047,0.0526,0.3699,0.0173,0.0,0.1423,0.5,0.6,1.0,0.5,0.5,0.6867,0.2589,-1.7729,-2.5456,True,0.3333,0.475,0.0784,0.0,infection,False,False,False,False,False
584,Cladribine,Dimethyl fumarate,1.1545,0.00998,0.02038,2.3982,0.0632,0.3723,0.0269,0.0,0.1697,0.4,0.4,1.0,0.5,0.55,0.6,0.0556,-2.961,-2.3075,True,1.0,0.275,0.349,0.0471,infection,False,False,False,False,False
585,Methylprednisolone,Ustekinumab,1.1541,0.00499,0.01301,2.4699,0.0899,0.4893,0.0341,0.0,0.1836,0.3,0.2,0.8571,0.5,0.6,0.5533,-0.2667,-3.1022,-1.9172,False,0.3333,0.375,0.1647,0.0392,infection,False,False,False,False,True
586,Diroximel fumarate,Natalizumab-biosimilar,1.1538,0.00748,0.01683,2.4218,0.0593,0.432,0.0287,0.0,0.1372,0.5,0.4,1.0,0.5,0.55,0.6867,0.0,-1.9273,-3.1195,False,0.6667,0.3,0.2186,0.0706,infection,False,False,False,False,False
587,Diroximel fumarate,Inebilizumab,1.1537,0.00748,0.01683,2.2473,0.0655,0.4553,0.0306,0.0,0.1439,0.4,0.4,1.0,0.5,0.55,0.5533,0.3571,-1.9273,-2.8083,True,0.3333,0.325,0.2275,0.0471,infection,False,False,False,False,False
588,Diroximel fumarate,Metformin,1.1532,0.00249,0.00837,2.9504,0.0567,0.3976,0.0261,0.0,0.1426,0.5,0.6,0.9375,0.5,0.55,1.0,-0.0159,-1.9273,-1.6488,False,0.3333,0.4,0.123,0.0034,infection,False,False,False,False,False
589,Siponimod,Sirolimus,1.1532,0.00249,0.00837,2.4729,0.0608,0.3566,0.0223,0.0,0.1704,0.6,0.8,0.9333,0.5,0.65,0.8667,0.1,-2.5366,-2.0409,True,0.3333,0.4,0.3649,0.0665,infection,False,False,False,False,False
590,Inebilizumab,Laquinimod,1.153,0.00249,0.00837,2.2785,0.0665,0.4027,0.0316,0.0,0.1652,0.5,0.6,1.0,0.5,0.55,0.6867,0.2589,-2.8083,-4.2322,True,0.3333,0.425,0.3441,0.0,infection,False,False,False,False,False
591,Firategrast,High-dose biotin,1.1527,0.00249,0.00837,3.2446,0.0391,0.3459,0.0192,0.0,0.1131,0.4,0.6,1.0,1.0,0.6,1.0,0.375,-3.2771,-0.7599,True,0.3333,0.6,0.098,0.0,infection,False,False,False,False,False
592,Alemtuzumab,Dimethyl fumarate,1.1523,0.00998,0.02038,2.2627,0.0758,0.4066,0.0345,0.0,0.1864,0.4,0.4,0.9474,0.5,0.55,0.42,-0.05,-3.018,-2.3075,False,1.0,0.25,0.502,0.0627,infection,False,False,False,False,False
593,Fenebrutinib,Ustekinumab,1.1522,0.00998,0.02038,1.8913,0.069,0.4395,0.0297,0.0,0.157,0.4,0.4,1.0,0.5,0.6,0.5533,0.1429,-2.6962,-1.9172,True,0.3333,0.4,0.1882,0.0275,infection,False,False,False,False,False
594,Hydroxychloroquine,Ocrelizumab,1.1521,0.02993,0.04463,1.702,0.0695,0.4694,0.0254,0.0,0.148,0.4,0.4,1.0,0.5,0.55,0.82,0.1944,-3.2153,-2.7449,True,0.3333,0.375,0.2588,0.0,infection,False,False,False,False,False
595,Fenebrutinib,Nicotinamide riboside,1.152,0.00748,0.01683,2.5469,0.0451,0.3747,0.0154,0.0,0.1204,0.5,0.8,1.0,0.5,0.6,1.0,0.1857,-2.6962,-0.7234,True,0.3333,0.5,0.1373,0.0,infection,False,False,False,False,False
596,Natalizumab,Teriflunomide,1.1516,0.01496,0.02705,2.0666,0.0645,0.3649,0.0241,0.0,0.1767,0.5,0.4,1.0,0.5,0.4,0.6867,0.0714,-3.0541,-3.0107,True,1.0,0.225,0.3931,0.0529,infection,False,False,False,False,False
597,Inebilizumab,Tolebrutinib,1.1515,0.07481,0.08723,1.3901,0.0764,0.4717,0.0336,0.0,0.1619,0.3,0.4,0.9375,0.5,0.8,0.5533,-0.0214,-2.8083,-3.3227,False,0.3333,0.35,0.2853,0.0412,infection,False,False,False,False,False
598,Elezanumab,Ozanimod,1.1513,0.00249,0.00837,2.9467,0.0503,0.3518,0.0218,0.0,0.1429,0.4,0.6,1.0,0.75,0.5,0.6867,0.4143,-2.7183,-1.8533,True,0.3333,0.425,0.1941,0.0039,infection,False,False,False,False,False
599,Riluzole,Temelimab,1.1513,0.00748,0.01683,2.4197,0.0484,0.3177,0.0181,0.0,0.1523,0.4,0.6,1.0,0.75,0.65,0.6867,0.2292,-2.6115,-2.4721,True,0.3333,0.55,0.0882,0.0,hepatic,False,False,False,False,False
600,Frexalimab,Temelimab,1.1511,0.00249,0.00837,2.6266,0.0656,0.3549,0.0303,0.0,0.1848,0.5,0.6,1.0,0.5,0.15,0.64,0.25,-2.5456,-2.4721,True,0.3333,0.5,0.0902,0.0078,infection,False,False,False,False,False
601,Bexarotene,Rituximab,1.151,0.00249,0.00837,3.0138,0.0648,0.4681,0.028,0.0009,0.1384,0.3,0.4,1.0,0.5,0.55,0.6867,0.7857,-0.7904,-2.5884,True,0.3333,0.4,0.2971,0.0,infection,False,False,False,False,False
602,Fingolimod,Glatiramer acetate,1.151,0.01746,0.03019,2.1171,0.0548,0.3811,0.025,0.0,0.1439,0.5,0.4,0.8571,0.5,0.6,0.5533,-0.25,-1.9414,-3.0334,False,1.0,0.3,0.2706,0.0098,infection,False,False,False,False,False
603,Fenebrutinib,Natalizumab-biosimilar,1.1509,0.00998,0.02038,1.9607,0.0584,0.4321,0.0287,0.0,0.1352,0.5,0.4,1.0,0.5,0.6,0.6867,0.0714,-2.6962,-3.1195,True,0.6667,0.325,0.252,0.0618,infection,False,False,False,False,False
604,High-dose biotin,Simvastatin,1.1509,0.00249,0.00837,2.3854,0.0401,0.2977,0.02,0.0,0.1349,0.5,0.6,1.0,0.75,0.6,1.0,0.1548,-0.7599,-1.7856,True,0.6667,0.55,0.1,0.0,teratogenicity,False,False,False,False,False
605,Rituximab,Temelimab,1.1508,0.00249,0.00837,2.3425,0.067,0.4177,0.0303,0.0,0.1605,0.4,0.6,1.0,0.5,0.15,0.5067,0.3929,-2.5884,-2.4721,True,0.3333,0.425,0.1696,0.0108,infection,False,False,False,False,False
606,Interferon beta-1a,Oxcarbazepine,1.1505,0.00249,0.00837,3.4345,0.0439,0.2944,0.0099,0.0031,0.1493,0.4,0.4,1.0,1.0,0.7,0.82,0.6667,-3.5867,-0.3516,True,0.3333,0.45,0.1706,0.0137,hepatic,False,False,False,False,False
607,Elezanumab,Idebenone,1.1502,0.00249,0.00837,3.854,0.0444,0.3576,0.0158,0.0,0.124,0.4,0.6,0.9167,1.0,0.55,0.6867,-0.0714,-2.7183,-0.7029,False,0.3333,0.6,0.0304,0.0,hepatic,False,False,False,False,False
608,Bexarotene,Laquinimod,1.1501,0.00249,0.00837,4.3775,0.0596,0.3385,0.028,0.0009,0.1762,0.6,0.8,1.0,0.5,0.55,1.0,0.0714,-0.7904,-4.2322,True,0.3333,0.525,0.2417,0.077,teratogenicity,False,False,False,False,False
609,Masitinib,Rituximab,1.1501,0.05486,0.06865,1.5676,0.0672,0.4717,0.0305,0.0,0.1425,0.3,0.4,1.0,0.5,0.5,0.6867,0.2143,-3.6789,-2.5884,True,0.6667,0.375,0.2809,0.0377,infection,False,False,False,False,False
610,Frexalimab,Nicotinamide riboside,1.1499,0.00499,0.01301,2.445,0.0507,0.3891,0.0154,0.0,0.1303,0.4,0.6,1.0,0.5,0.5,0.6867,0.5375,-2.5456,-0.7234,True,0.3333,0.525,0.0784,0.0,infection,False,False,False,False,False
611,Memantine,Siponimod,1.1498,0.03242,0.04712,1.7686,0.051,0.3491,0.0125,0.0,0.146,0.5,0.6,0.9231,0.75,0.75,1.0,-0.2,-2.6276,-2.5366,False,0.3333,0.4,0.2373,0.0,infection,False,False,False,False,False
612,Opicinumab,Phenytoin,1.1498,0.00249,0.00837,3.0571,0.0605,0.4304,0.0108,0.0,0.1406,0.2,0.4,0.9091,1.0,0.7,0.82,-0.2222,-0.7473,-2.5343,False,0.3333,0.575,0.1431,0.0,teratogenicity,False,False,False,False,False
613,Fenebrutinib,Rituximab,1.1497,0.12469,0.13537,1.2026,0.064,0.5125,0.0272,0.0,0.1248,0.3,0.4,0.8333,0.5,0.6,0.5533,-0.2143,-2.6962,-2.5884,False,0.6667,0.3,0.2603,0.0377,infection,False,False,False,False,False
614,Diroximel fumarate,Masitinib,1.1491,0.00249,0.00837,2.4017,0.0588,0.4433,0.0282,0.0,0.1327,0.4,0.6,0.8462,0.5,0.55,0.8667,-0.2857,-1.9273,-3.6789,False,0.6667,0.4,0.2277,0.0429,infection,False,False,False,False,False
615,Interferon beta-1a,Lamotrigine,1.149,0.00249,0.00837,2.5675,0.0473,0.294,0.0133,0.0031,0.161,0.4,0.4,1.0,1.0,0.7,0.82,0.1806,-3.5867,-3.0679,True,0.3333,0.425,0.1118,0.0137,hepatic,False,False,False,False,False
616,Cholecalciferol,Ocrelizumab,1.1488,0.06484,0.0779,1.4398,0.064,0.4474,0.0199,0.0,0.1431,0.2,0.4,1.0,0.5,0.55,0.82,0.1111,-2.0037,-2.7449,True,0.6667,0.4,0.1706,0.0,infection,False,False,False,False,True
617,Ocrelizumab,Vidofludimus calcium,1.1482,0.09476,0.10732,1.3537,0.0659,0.4718,0.0219,0.0,0.1397,0.4,0.4,1.0,0.5,0.4,0.6867,0.1111,-2.7449,-1.6832,True,0.6667,0.3,0.3069,0.0294,infection,False,False,False,False,False
618,Methylprednisolone,Peginterferon beta-1a,1.1477,0.01247,0.02374,2.0459,0.0743,0.4706,0.0186,0.003,0.1579,0.3,0.2,0.5833,0.5,0.6,0.6867,-0.6071,-3.1022,-2.577,False,1.0,0.3,0.202,0.0147,infection,False,False,False,False,True
619,Cholecalciferol,High-dose biotin,1.1475,0.00249,0.00837,3.8081,0.0399,0.2992,0.0199,0.0,0.1333,0.3,0.6,1.0,0.75,0.6,0.7333,0.3333,-2.0037,-0.7599,True,0.6667,0.625,0.0,0.0,,False,False,False,False,True
620,Dimethyl fumarate,Ustekinumab,1.1474,0.00748,0.01683,2.4311,0.0733,0.4749,0.034,0.0,0.1543,0.3,0.4,0.9333,0.5,0.55,0.5533,-0.0833,-2.3075,-1.9172,False,0.3333,0.35,0.1667,0.0314,infection,False,False,False,False,False
621,Cyclophosphamide,High-dose biotin,1.1471,0.00249,0.00837,3.5138,0.0462,0.3241,0.02,0.0035,0.1426,0.5,0.6,1.0,1.0,0.6,0.82,0.5,-3.0549,-0.7599,True,0.6667,0.55,0.4324,0.0,infection,False,False,False,False,False
622,Diroximel fumarate,Ponesimod,1.147,0.00998,0.02038,2.2801,0.0494,0.4447,0.0187,0.0,0.111,0.4,0.4,0.9091,0.5,0.55,1.0,-0.125,-1.9273,-1.5016,False,1.0,0.275,0.2267,0.04,infection,False,False,False,False,False
623,Metformin,Natalizumab-biosimilar,1.1467,0.00249,0.00837,3.0043,0.0559,0.3984,0.0272,0.0,0.1404,0.5,0.6,1.0,0.5,0.4,0.6867,0.3222,-1.6488,-3.1195,True,0.3333,0.4,0.1902,0.0,infection,False,False,False,False,False
624,Cladribine,Idebenone,1.1465,0.00249,0.00837,3.3172,0.0441,0.3401,0.0172,0.0,0.1296,0.5,0.6,1.0,0.75,0.55,0.6,0.8452,-2.961,-0.7029,True,0.3333,0.45,0.2971,0.0,infection,False,False,False,False,False
625,Phenytoin,Ustekinumab,1.146,0.01496,0.02705,1.7033,0.0512,0.4251,0.0119,0.0,0.1204,0.2,0.4,1.0,1.0,0.7,0.6867,0.3333,-2.5343,-1.9172,True,0.3333,0.5,0.2118,0.0,infection,False,False,False,False,False
626,Alemtuzumab,Tolebrutinib,1.1456,0.00998,0.02038,2.0031,0.0832,0.3976,0.0404,0.0,0.2092,0.4,0.4,0.9474,0.5,0.8,0.42,-0.1,-3.018,-3.3227,False,0.6667,0.3,0.5549,0.0549,infection,False,False,False,False,True
627,Bexarotene,Idebenone,1.1456,0.00249,0.00837,4.8518,0.0452,0.3564,0.0172,0.0009,0.1268,0.4,0.6,1.0,0.75,0.55,0.8667,0.7143,-0.7904,-0.7029,True,0.3333,0.575,0.1497,0.0072,teratogenicity,False,False,False,False,False
628,Inebilizumab,Phenytoin,1.1455,0.0399,0.05461,1.5218,0.0468,0.4449,0.0119,0.0,0.1052,0.2,0.4,1.0,1.0,0.7,0.6867,0.5952,-2.8083,-2.5343,True,0.3333,0.45,0.2951,0.0,infection,False,False,False,False,False
629,Riluzole,Siponimod,1.1455,0.02993,0.04463,1.7854,0.0554,0.3461,0.0169,0.0,0.16,0.5,0.6,0.9333,0.75,0.65,0.8667,0.05,-2.6115,-2.5366,True,0.3333,0.375,0.2853,0.0206,hepatic,False,False,False,False,False
630,Ofatumumab,Vidofludimus calcium,1.1453,0.07232,0.08491,1.4737,0.062,0.474,0.0219,0.0,0.1307,0.4,0.4,1.0,0.5,0.4,0.82,0.125,-2.3838,-1.6832,True,0.6667,0.3,0.2833,0.0245,infection,False,False,False,False,False
631,Natalizumab-biosimilar,Riluzole,1.1449,0.04988,0.06409,1.5977,0.0468,0.4157,0.0181,0.0,0.1125,0.3,0.4,1.0,1.0,0.65,0.6867,0.35,-3.1195,-2.6115,True,0.3333,0.4,0.2451,0.0,infection,False,False,False,False,False
632,Bexarotene,Frexalimab,1.1448,0.00249,0.00837,3.1686,0.0633,0.3892,0.028,0.0009,0.1627,0.4,0.4,1.0,0.5,0.55,0.82,0.7321,-0.7904,-2.5456,True,0.3333,0.475,0.2147,0.0,teratogenicity,False,False,False,False,False
633,Cholecalciferol,Ofatumumab,1.1444,0.06733,0.08046,1.4907,0.06,0.4479,0.0199,0.0,0.134,0.2,0.4,1.0,0.5,0.55,0.6867,0.125,-2.0037,-2.3838,True,0.6667,0.4,0.1422,0.0,infection,False,False,False,False,True
634,Ibudilast,Lamotrigine,1.1444,0.04988,0.06409,1.6814,0.0512,0.4045,0.011,0.0,0.1267,0.3,0.4,0.8182,1.0,0.7,1.0,-0.4306,-4.4103,-3.0679,False,0.3333,0.5,0.069,0.0055,hepatic,False,False,False,False,True
635,Ublituximab,Vidofludimus calcium,1.1441,0.05486,0.06865,1.4597,0.061,0.4847,0.0219,0.0,0.1259,0.4,0.4,1.0,0.5,0.4,0.82,0.1429,-2.5884,-1.6832,True,0.6667,0.325,0.2833,0.0245,infection,False,False,False,False,False
636,High-dose biotin,Riluzole,1.144,0.00499,0.01301,2.7744,0.038,0.3196,0.0181,0.0,0.119,0.3,0.6,1.0,1.0,0.65,1.0,0.4167,-0.7599,-2.6115,True,0.3333,0.575,0.0686,0.0,hepatic,False,False,False,False,False
637,Bexarotene,Ustekinumab,1.1439,0.00249,0.00837,3.4886,0.0673,0.4265,0.028,0.0009,0.1577,0.3,0.4,1.0,0.5,0.55,0.6867,0.6905,-0.7904,-1.9172,True,0.3333,0.5,0.2147,0.0,teratogenicity,False,False,False,False,False
638,Interferon beta-1a,Methylprednisolone,1.1439,0.02993,0.04463,1.8238,0.0781,0.4945,0.0223,0.0031,0.1579,0.3,0.2,0.4167,0.5,0.6,0.82,-0.7389,-3.5867,-3.1022,False,1.0,0.3,0.2088,0.0147,infection,False,False,False,False,True
639,Interferon beta-1b,Methylprednisolone,1.1437,0.02244,0.03628,1.8922,0.076,0.4812,0.0202,0.0029,0.1579,0.3,0.2,0.5,0.5,0.6,0.82,-0.675,-3.2696,-3.1022,False,1.0,0.3,0.2088,0.0147,infection,False,False,False,False,False
640,Laquinimod,Siponimod,1.1437,0.00748,0.01683,2.0933,0.0645,0.3941,0.0261,0.0,0.1638,0.6,0.6,0.7143,0.5,0.65,1.0,-0.4,-4.2322,-2.5366,False,0.6667,0.375,0.3771,0.0425,hepatic,False,False,False,False,False
641,Amiloride,Opicinumab,1.1434,0.00249,0.00837,3.0673,0.0593,0.4165,0.0096,0.0,0.1424,0.2,0.4,0.9167,1.0,0.45,0.6867,0.1111,-2.6837,-0.7473,True,0.3333,0.6,0.0441,0.0,cardiac,False,False,False,False,False
642,Dimethyl fumarate,Orelabrutinib,1.1434,0.01496,0.02705,2.5154,0.0575,0.431,0.0213,0.0,0.1335,0.5,0.6,0.9286,0.5,0.55,1.0,-0.1556,-2.3075,-2.8405,False,0.3333,0.35,0.1933,0.04,infection,False,False,False,False,False
643,Laquinimod,Simvastatin,1.1432,0.01746,0.03019,1.9531,0.0496,0.3487,0.018,0.0,0.1423,0.6,0.8,0.8462,0.5,0.55,0.8667,-0.2679,-4.2322,-1.7856,False,0.6667,0.475,0.2265,0.0559,hepatic,False,False,False,False,True
644,Memantine,Metformin,1.1432,0.02244,0.03628,2.0855,0.0408,0.3379,0.0135,0.0,0.1206,0.4,0.6,1.0,0.75,0.75,0.8667,0.0556,-2.6276,-1.6488,True,0.3333,0.525,0.0137,0.0,hepatic,False,False,False,False,False
645,Alpha-lipoic acid,Fingolimod,1.1431,0.00249,0.00837,2.572,0.0471,0.3172,0.0173,0.0,0.1486,0.6,0.8,1.0,0.5,0.6,0.7333,0.1964,-1.7729,-1.9414,True,0.3333,0.4,0.2608,0.0,infection,False,False,False,False,False
646,Oxcarbazepine,Tocilizumab,1.1431,0.00499,0.01301,2.2753,0.0452,0.4057,0.0099,0.0,0.1115,0.3,0.4,1.0,1.0,0.7,0.6867,0.6667,-0.3516,-1.8119,True,0.3333,0.525,0.2478,0.011,infection,False,False,False,False,False
647,Methotrexate,Siponimod,1.143,0.00249,0.00837,2.5051,0.0563,0.3221,0.0179,0.0,0.1748,0.6,0.6,0.9286,0.5,0.65,0.8667,0.0,-2.3127,-2.5366,False,1.0,0.375,0.4469,0.0639,infection,False,False,False,False,False
648,Diroximel fumarate,Lamotrigine,1.1427,0.00748,0.01683,2.3843,0.0439,0.358,0.0133,0.0,0.1228,0.4,0.6,1.0,0.75,0.7,1.0,0.125,-1.9273,-3.0679,True,0.3333,0.425,0.1333,0.0069,infection,False,False,False,False,False
649,Fingolimod,Interferon beta-1a,1.1427,0.01746,0.03019,1.9609,0.0604,0.3475,0.0264,0.0031,0.1738,0.5,0.4,0.8667,0.5,0.6,0.5533,-0.1111,-1.9414,-3.5867,False,1.0,0.275,0.3235,0.0353,infection,False,False,False,False,False
650,Temelimab,Ustekinumab,1.1427,0.00249,0.00837,2.5261,0.0695,0.3867,0.0303,0.0,0.1799,0.4,0.6,1.0,0.5,0.15,0.6867,0.1875,-2.4721,-1.9172,True,0.3333,0.525,0.0902,0.0078,infection,False,False,False,False,False
651,Cyclophosphamide,Opicinumab,1.1426,0.00249,0.00837,3.8586,0.0759,0.3923,0.0263,0.0035,0.1936,0.4,0.4,1.0,1.0,0.25,0.5067,0.5278,-3.0549,-0.7473,True,0.3333,0.525,0.4343,0.0078,infection,False,False,False,False,False
652,Diroximel fumarate,Ozanimod,1.1425,0.01746,0.03019,2.2225,0.051,0.4442,0.0203,0.0,0.1147,0.4,0.4,0.9167,0.5,0.55,0.7333,0.0,-1.9273,-1.8533,False,1.0,0.275,0.2593,0.0417,infection,False,False,False,False,False
653,Alpha-lipoic acid,Orelabrutinib,1.1422,0.00249,0.00837,2.9568,0.0398,0.3446,0.0173,0.0,0.1154,0.6,0.8,1.0,0.5,0.55,1.0,0.2714,-1.7729,-2.8405,True,0.3333,0.5,0.1137,0.0,infection,False,False,False,False,False
654,Cholecalciferol,Ublituximab,1.142,0.06484,0.0779,1.5029,0.0591,0.4573,0.0199,0.0,0.1292,0.2,0.4,1.0,0.5,0.55,0.6867,0.1429,-2.0037,-2.5884,True,0.6667,0.425,0.1422,0.0,infection,False,False,False,False,True
655,Metformin,Riluzole,1.142,0.00998,0.02038,2.2888,0.0453,0.3369,0.0181,0.0,0.1346,0.4,0.6,1.0,0.75,0.65,1.0,0.1389,-1.6488,-2.6115,True,0.3333,0.5,0.0755,0.0069,hepatic,False,False,False,False,False
656,Frexalimab,Pioglitazone,1.1418,0.00249,0.00837,2.3577,0.0603,0.3651,0.025,0.0,0.1651,0.6,0.6,1.0,0.5,0.4,0.82,0.2054,-2.5456,-2.6661,True,0.3333,0.5,0.2029,0.0,infection,False,False,False,False,False
657,Hydroxychloroquine,Methylprednisolone,1.1415,0.00748,0.01683,2.3706,0.0775,0.4218,0.0217,0.0,0.1836,0.4,0.4,0.8571,0.5,0.6,0.5533,-0.2667,-3.2153,-3.1022,False,0.3333,0.425,0.2055,0.0082,infection,False,False,False,False,False
658,Azathioprine,High-dose biotin,1.1414,0.00249,0.00837,3.9839,0.0374,0.2881,0.0174,0.0,0.1297,0.4,0.6,1.0,1.0,0.6,1.0,0.7167,-1.9886,-0.7599,True,0.6667,0.55,0.3196,0.0,infection,False,False,False,False,False
659,Lamotrigine,Tocilizumab,1.1412,0.00998,0.02038,1.9042,0.0486,0.3947,0.0133,0.0,0.1232,0.3,0.4,1.0,1.0,0.7,0.6867,0.2917,-3.0679,-1.8119,True,0.3333,0.5,0.189,0.011,infection,False,False,False,False,False
660,Ibudilast,Masitinib,1.1409,0.10723,0.11865,1.1855,0.0619,0.4758,0.0216,0.0,0.13,0.3,0.6,0.5455,0.75,0.7,0.8667,-0.6349,-4.4103,-3.6789,False,0.3333,0.475,0.1857,0.0192,infection,False,False,False,False,False
661,Fenebrutinib,Fingolimod,1.1407,0.00499,0.01301,2.2647,0.0595,0.3539,0.0297,0.0,0.1682,0.6,0.4,1.0,0.5,0.6,0.7333,0.2054,-2.6962,-1.9414,True,0.6667,0.3,0.3431,0.0549,infection,False,False,False,False,False
662,Mitoxantrone,Siponimod,1.1397,0.00249,0.00837,2.7902,0.0583,0.3039,0.0199,0.0035,0.1919,0.7,0.6,1.0,0.5,0.65,0.6867,0.1,-3.0195,-2.5366,True,1.0,0.3,0.5733,0.1247,infection,False,False,False,False,False
663,Elezanumab,High-dose biotin,1.1393,0.00249,0.00837,3.7665,0.0451,0.3835,0.0166,0.0,0.1175,0.3,0.6,0.8182,1.0,0.6,0.6867,-0.1429,-2.7183,-0.7599,False,0.3333,0.625,0.0098,0.0,infection,False,False,False,False,True
664,High-dose biotin,Memantine,1.1393,0.00499,0.01301,2.3715,0.0335,0.3185,0.0135,0.0,0.1051,0.3,0.6,1.0,1.0,0.75,0.8667,0.2917,-0.7599,-2.6276,True,0.3333,0.6,0.0,0.0,,False,False,False,False,True
665,Elezanumab,Firategrast,1.1387,0.00249,0.00837,3.0506,0.0477,0.3482,0.0192,0.0,0.137,0.4,0.6,1.0,1.0,0.3,0.6867,0.2143,-2.7183,-3.2771,True,0.3333,0.575,0.1029,0.0049,infection,False,False,False,False,False
666,Cholecalciferol,Fenebrutinib,1.1384,0.01247,0.02374,2.0999,0.0497,0.3456,0.0199,0.0,0.1437,0.4,0.6,1.0,0.5,0.6,0.7333,0.0714,-2.0037,-2.6962,True,0.6667,0.475,0.1373,0.0,infection,False,False,False,False,False
667,Dimethyl fumarate,Teriflunomide,1.1382,0.01746,0.03019,2.151,0.0581,0.4152,0.0218,0.0,0.14,0.4,0.4,0.8667,0.5,0.55,0.7333,-0.254,-2.3075,-3.0107,False,1.0,0.25,0.3057,0.0482,infection,False,False,False,False,False
668,Pioglitazone,Ustekinumab,1.1376,0.00748,0.01683,2.4252,0.0642,0.401,0.025,0.0,0.1602,0.5,0.6,1.0,0.5,0.4,0.6867,0.1429,-2.6661,-1.9172,True,0.3333,0.525,0.2029,0.0,infection,False,False,False,False,False
669,Hydroxychloroquine,Ofatumumab,1.1374,0.04738,0.06178,1.5444,0.0655,0.4713,0.0254,0.0,0.139,0.3,0.4,1.0,0.5,0.55,0.6867,0.2917,-3.2153,-2.3838,True,0.3333,0.375,0.2304,0.0,infection,False,False,False,False,False
670,Ibudilast,Laquinimod,1.1373,0.03741,0.05212,1.6179,0.0629,0.4656,0.0226,0.0,0.1351,0.4,0.6,0.4545,0.75,0.7,0.8667,-0.7083,-4.4103,-4.2322,False,0.3333,0.475,0.2157,0.0137,hepatic,False,False,False,False,False
671,High-dose biotin,Teriflunomide,1.1372,0.00249,0.00837,2.6512,0.044,0.3079,0.02,0.0,0.143,0.4,0.6,1.0,0.75,0.6,0.7333,0.2381,-0.7599,-3.0107,True,0.6667,0.45,0.2343,0.0,teratogenicity,False,False,False,False,False
672,Evobrutinib,Idebenone,1.1371,0.00249,0.00837,2.9672,0.0374,0.3663,0.0172,0.0,0.102,0.6,0.6,1.0,0.75,0.55,1.0,0.3833,-2.076,-0.7029,True,0.3333,0.5,0.1436,0.0113,hepatic,False,False,False,False,False
673,Hydroxychloroquine,Ibudilast,1.1369,0.08978,0.10226,1.3244,0.0569,0.4813,0.0167,0.0,0.1183,0.3,0.6,0.5,0.75,0.7,0.7333,-0.6944,-3.2153,-4.4103,False,0.3333,0.5,0.1353,0.0,ocular,False,False,False,False,True
674,Elezanumab,Remibrutinib,1.1362,0.00249,0.00837,3.041,0.0484,0.3453,0.0198,0.0,0.1401,0.4,0.6,1.0,0.75,0.5,0.6867,0.3429,-2.7183,-1.7308,True,0.3333,0.525,0.1275,0.0029,infection,False,False,False,False,False
675,Elezanumab,Evobrutinib,1.136,0.00249,0.00837,3.074,0.0487,0.3441,0.0202,0.0,0.1415,0.5,0.6,1.0,0.75,0.45,0.6867,0.2,-2.7183,-2.076,True,0.3333,0.5,0.1412,0.0029,hepatic,False,False,False,False,False
676,Epigallocatechin gallate,Rituximab,1.1359,0.00249,0.00837,2.2037,0.0494,0.4578,0.0126,0.0,0.1079,0.4,0.6,1.0,0.5,0.45,0.5533,0.6429,-1.555,-2.5884,True,0.3333,0.5,0.2225,0.0,infection,False,False,False,False,False
677,Hydroxychloroquine,Ublituximab,1.1355,0.05237,0.06657,1.5176,0.0646,0.4812,0.0254,0.0,0.1342,0.3,0.4,1.0,0.5,0.55,0.6867,0.3095,-3.2153,-2.5884,True,0.3333,0.4,0.2304,0.0,infection,False,False,False,False,False
678,Interferon beta-1a,Metformin,1.1355,0.00249,0.00837,3.1005,0.0598,0.3307,0.0258,0.0031,0.1808,0.5,0.6,0.9412,0.5,0.4,0.82,0.0556,-3.5867,-1.6488,True,0.3333,0.4,0.1049,0.0069,hepatic,False,False,False,False,True
679,Lamotrigine,Natalizumab-biosimilar,1.1352,0.01496,0.02705,1.773,0.042,0.4047,0.0133,0.0,0.1038,0.3,0.4,1.0,1.0,0.7,0.6867,0.35,-3.0679,-3.1195,True,0.3333,0.425,0.2039,0.0,infection,False,False,False,False,False
680,Glatiramer acetate,Memantine,1.1351,0.0399,0.05461,1.8641,0.0419,0.333,0.0135,0.0,0.1258,0.3,0.4,1.0,1.0,0.75,0.6867,-0.0625,-3.0334,-2.6276,False,0.3333,0.45,0.0196,0.0,infection,False,False,False,False,True
681,Dimethyl fumarate,Evobrutinib,1.135,0.00748,0.01683,2.4542,0.0553,0.4369,0.019,0.0,0.1266,0.5,0.4,0.9286,0.5,0.55,1.0,-0.0556,-2.3075,-2.076,False,0.6667,0.325,0.2077,0.0462,infection,False,False,False,False,False
682,Diroximel fumarate,Simvastatin,1.1346,0.04738,0.06178,1.9342,0.0476,0.4467,0.017,0.0,0.1066,0.5,0.6,0.75,0.5,0.55,1.0,-0.4286,-1.9273,-1.7856,False,0.6667,0.375,0.2025,0.0103,infection,False,False,False,False,True
683,Frexalimab,Masitinib,1.1346,0.02993,0.04463,1.702,0.0658,0.3943,0.0305,0.0,0.1669,0.4,0.4,1.0,0.5,0.5,0.82,0.0625,-2.5456,-3.6789,True,0.6667,0.45,0.2088,0.0275,infection,False,False,False,False,False
684,Alpha-lipoic acid,Secukinumab,1.1345,0.00249,0.00837,3.1092,0.0424,0.3994,0.0173,0.0,0.1061,0.5,0.6,1.0,0.5,0.5,0.6867,0.4821,-1.7729,-1.895,True,0.3333,0.525,0.0686,0.0,infection,False,False,False,False,False
685,Bexarotene,Fenebrutinib,1.134,0.00249,0.00837,3.2503,0.0577,0.3779,0.028,0.0009,0.1528,0.5,0.6,1.0,0.5,0.6,0.8667,0.2857,-0.7904,-2.6962,True,0.3333,0.45,0.2495,0.024,hepatic,False,False,False,False,False
686,Masitinib,Simvastatin,1.1335,0.10224,0.11438,1.2611,0.0489,0.395,0.0184,0.0,0.1238,0.5,0.8,0.8333,0.5,0.5,0.8667,-0.2857,-3.6789,-1.7856,False,0.6667,0.475,0.2393,0.0185,hepatic,False,False,False,False,False
687,Bexarotene,Interferon beta-1a,1.133,0.00249,0.00837,4.6698,0.062,0.3211,0.028,0.004,0.1931,0.5,0.4,1.0,0.5,0.55,0.6867,0.5794,-0.7904,-3.5867,True,0.3333,0.425,0.2103,0.024,hepatic,False,False,False,False,False
688,High-dose biotin,Mycophenolate mofetil,1.1324,0.00249,0.00837,4.1024,0.0407,0.3108,0.02,0.0,0.1309,0.4,0.6,1.0,1.0,0.6,1.0,0.7167,-0.7599,-2.0615,True,0.3333,0.575,0.2588,0.0,infection,False,False,False,False,False
689,Firategrast,Siponimod,1.1321,0.00249,0.00837,2.5153,0.0576,0.3397,0.0192,0.0,0.1696,0.6,0.6,1.0,0.5,0.65,0.8667,0.15,-3.2771,-2.5366,True,0.3333,0.4,0.2961,0.0392,infection,False,False,False,False,False
690,Interferon beta-1a,Simvastatin,1.1319,0.00748,0.01683,2.1426,0.0537,0.307,0.0197,0.0031,0.1747,0.6,0.6,0.9333,0.5,0.35,0.82,-0.127,-3.5867,-1.7856,False,0.6667,0.375,0.1775,0.0206,hepatic,False,False,False,False,True
691,Natalizumab,Temelimab,1.1319,0.00249,0.00837,2.8906,0.0707,0.3565,0.0303,0.0,0.1982,0.5,0.6,1.0,0.5,0.15,0.64,0.0625,-3.0541,-2.4721,True,0.3333,0.4,0.2137,0.0176,infection,False,False,False,False,False
692,Elezanumab,Metformin,1.1312,0.00499,0.01301,2.9732,0.0535,0.3724,0.025,0.0,0.1436,0.4,0.6,0.8571,0.75,0.4,0.6867,-0.1984,-2.7183,-1.6488,False,0.3333,0.55,0.0235,0.0,hepatic,False,False,False,False,False
693,Epigallocatechin gallate,Ibudilast,1.1309,0.01247,0.02374,2.2079,0.0509,0.3938,0.0106,0.0,0.1293,0.4,0.6,0.8462,0.75,0.7,1.0,-0.1944,-1.555,-4.4103,False,0.3333,0.6,0.0965,0.0124,hepatic,False,False,False,False,False
694,Orelabrutinib,Siponimod,1.1305,0.01247,0.02374,2.2022,0.0586,0.3769,0.0202,0.0,0.1556,0.7,0.6,0.8462,0.5,0.65,0.8667,-0.2,-2.8405,-2.5366,False,0.3333,0.35,0.311,0.04,infection,False,False,False,False,False
695,Cladribine,Tolebrutinib,1.1304,0.05736,0.0709,1.6037,0.0687,0.3909,0.0259,0.0,0.1757,0.4,0.4,0.9375,0.5,0.8,0.6,-0.1214,-2.961,-3.3227,False,0.6667,0.325,0.4,0.0412,infection,False,False,False,False,False
696,Pioglitazone,Tolebrutinib,1.1301,0.01746,0.03019,1.9108,0.0617,0.4596,0.019,0.0,0.1343,0.5,0.6,0.6923,0.5,0.8,0.8667,-0.3643,-2.6661,-3.3227,False,0.3333,0.475,0.2652,0.024,hepatic,False,False,False,False,False
697,High-dose biotin,Vidofludimus calcium,1.1293,0.00499,0.01301,2.5259,0.0418,0.3216,0.02,0.0,0.13,0.4,0.6,1.0,0.75,0.6,0.8667,0.1667,-0.7599,-1.6832,True,0.6667,0.525,0.1657,0.0,teratogenicity,False,False,False,False,False
698,Laquinimod,Ustekinumab,1.1287,0.00249,0.00837,2.2527,0.0686,0.4194,0.0294,0.0,0.1636,0.4,0.6,0.9231,0.5,0.55,0.6867,-0.1458,-4.2322,-1.9172,False,0.3333,0.475,0.2608,0.0,infection,False,False,False,False,False
699,Fingolimod,Laquinimod,1.1286,0.00249,0.00837,2.4577,0.0597,0.3413,0.028,0.0,0.1749,0.6,0.6,0.9333,0.5,0.6,0.8667,-0.0625,-1.9414,-4.2322,False,0.6667,0.375,0.3896,0.0535,cardiac,False,False,False,False,False
700,Dimethyl fumarate,Nicotinamide riboside,1.1281,0.00249,0.00837,3.2167,0.0517,0.3842,0.0154,0.0,0.1345,0.5,0.6,1.0,0.5,0.55,1.0,0.0111,-2.3075,-0.7234,True,0.3333,0.45,0.1196,0.0,infection,False,False,False,False,False
701,Epigallocatechin gallate,Siponimod,1.1279,0.00249,0.00837,2.6251,0.0503,0.3289,0.0119,0.0,0.1529,0.7,0.8,0.9333,0.5,0.65,0.8667,0.0,-1.555,-2.5366,False,0.3333,0.5,0.2805,0.0185,hepatic,False,False,False,False,False
702,High-dose biotin,Methotrexate,1.1279,0.00249,0.00837,3.6371,0.0392,0.2905,0.0193,0.0,0.1351,0.4,0.6,1.0,1.0,0.6,1.0,0.35,-0.7599,-2.3127,True,0.6667,0.575,0.2735,0.0,infection,False,False,False,False,False
703,Ocrelizumab,Orelabrutinib,1.1278,0.08978,0.10226,1.3706,0.0651,0.5094,0.0211,0.0,0.1279,0.4,0.4,0.9231,0.5,0.55,0.5533,-0.0556,-2.7449,-2.8405,False,0.3333,0.325,0.249,0.0353,infection,False,False,False,False,False
704,Natalizumab,Pioglitazone,1.1269,0.00249,0.00837,2.8694,0.0654,0.3661,0.025,0.0,0.1785,0.6,0.6,1.0,0.5,0.4,0.82,0.0714,-3.0541,-2.6661,True,0.3333,0.4,0.3363,0.0,infection,False,False,False,False,False
705,Lamotrigine,Siponimod,1.1267,0.00998,0.02038,2.0412,0.0504,0.3332,0.012,0.0,0.1513,0.5,0.6,0.9231,0.75,0.7,0.8667,-0.2,-3.0679,-2.5366,False,0.3333,0.4,0.2565,0.0082,infection,False,False,False,False,False
706,Methylprednisolone,Remibrutinib,1.1266,0.00748,0.01683,2.2836,0.0725,0.4485,0.0167,0.0,0.1616,0.4,0.2,0.8462,0.5,0.6,0.82,-0.2,-3.1022,-1.7308,False,0.6667,0.375,0.2167,0.0294,infection,False,False,False,False,False
707,Fenebrutinib,Lamotrigine,1.1264,0.02993,0.04463,1.8085,0.0431,0.3568,0.0133,0.0,0.1207,0.4,0.6,1.0,0.75,0.7,1.0,0.1429,-2.6962,-3.0679,True,0.3333,0.45,0.151,0.0137,hepatic,False,False,False,False,False
708,Masitinib,Natalizumab,1.1263,0.00748,0.01683,2.0418,0.0709,0.3931,0.0305,0.0,0.1803,0.4,0.4,1.0,0.5,0.5,0.82,0.0,-3.6789,-3.0541,False,0.6667,0.35,0.3078,0.0618,infection,False,False,False,False,False
709,Amiloride,Rituximab,1.1262,0.07481,0.08723,1.3171,0.0473,0.4601,0.0105,0.0,0.1028,0.2,0.4,1.0,1.0,0.45,0.5533,0.2679,-2.6837,-2.5884,True,0.3333,0.425,0.1951,0.0,infection,False,False,False,False,False
710,Glatiramer acetate,Metformin,1.1258,0.00249,0.00837,2.8538,0.0537,0.3743,0.0253,0.0,0.1434,0.5,0.6,0.8667,0.5,0.4,0.82,-0.1806,-3.0334,-1.6488,False,0.3333,0.425,0.0333,0.0,infection,False,False,False,False,True
711,Glatiramer acetate,Riluzole,1.1258,0.00998,0.02038,1.9003,0.0465,0.3325,0.0181,0.0,0.1398,0.3,0.4,1.0,1.0,0.65,0.82,0.0,-3.0334,-2.6115,False,0.3333,0.425,0.0882,0.0,hepatic,False,False,False,False,False
712,Interferon beta-1b,Memantine,1.1253,0.02743,0.04221,1.7598,0.0439,0.3025,0.0135,0.0029,0.145,0.3,0.4,1.0,1.0,0.75,0.6867,0.1875,-3.2696,-2.6276,True,0.3333,0.425,0.098,0.0,hepatic,False,False,False,False,False
713,Fenebrutinib,Oxcarbazepine,1.125,0.00998,0.02038,1.9704,0.0397,0.364,0.0099,0.0,0.109,0.4,0.6,1.0,0.75,0.7,1.0,0.5238,-2.6962,-0.3516,True,0.3333,0.475,0.2098,0.0137,hepatic,False,False,False,False,False
714,Inebilizumab,Pioglitazone,1.1248,0.00499,0.01301,2.2692,0.0599,0.4129,0.025,0.0,0.145,0.5,0.6,1.0,0.5,0.4,0.6867,0.3571,-2.8083,-2.6661,True,0.3333,0.475,0.2775,0.0088,infection,False,False,False,False,False
715,Interferon beta-1b,Simvastatin,1.1246,0.00499,0.01301,2.2359,0.0505,0.2892,0.0202,0.0029,0.1747,0.6,0.6,1.0,0.5,0.35,0.82,0.0,-3.2696,-1.7856,False,0.6667,0.375,0.1775,0.0206,hepatic,False,False,False,False,True
716,Cladribine,Diroximel fumarate,1.1242,0.01995,0.0334,2.2892,0.0575,0.3647,0.0269,0.0,0.1577,0.4,0.4,1.0,0.5,0.55,0.6,0.0714,-2.961,-1.9273,True,1.0,0.3,0.3422,0.0471,infection,False,False,False,False,False
717,Firategrast,Tolebrutinib,1.1239,0.01496,0.02705,1.8912,0.0619,0.4013,0.0192,0.0,0.1543,0.5,0.4,1.0,0.5,0.8,1.0,0.05,-3.2771,-3.3227,True,0.3333,0.45,0.2284,0.0343,infection,False,False,False,False,False
718,High-dose biotin,Mitoxantrone,1.1238,0.00249,0.00837,4.1189,0.0399,0.2943,0.0199,0.0035,0.1355,0.6,0.6,1.0,1.0,0.6,0.5533,0.5,-0.7599,-3.0195,True,0.6667,0.5,0.4608,0.0,malignancy,False,False,False,False,False
719,Fenebrutinib,Ozanimod,1.1236,0.01496,0.02705,2.0355,0.0515,0.3979,0.0218,0.0,0.1294,0.5,0.4,1.0,0.5,0.6,0.7333,0.2429,-2.6962,-1.8533,True,0.6667,0.3,0.2775,0.048,infection,False,False,False,False,False
720,Alemtuzumab,Diroximel fumarate,1.1233,0.00748,0.01683,2.2924,0.0702,0.4028,0.029,0.0,0.1744,0.4,0.4,0.9412,0.5,0.55,0.42,-0.05,-3.018,-1.9273,False,1.0,0.275,0.4951,0.0627,infection,False,False,False,False,False
721,Frexalimab,Phenytoin,1.1233,0.05985,0.07304,1.496,0.0472,0.3768,0.0119,0.0,0.1254,0.3,0.4,1.0,1.0,0.7,0.82,0.25,-2.5456,-2.5343,True,0.3333,0.475,0.2118,0.0,infection,False,False,False,False,False
722,Azathioprine,Siponimod,1.123,0.00998,0.02038,2.2571,0.0546,0.3221,0.0162,0.0,0.1695,0.6,0.6,0.9286,0.5,0.65,0.8667,0.0,-1.9886,-2.5366,False,1.0,0.35,0.4796,0.0773,infection,False,False,False,False,False
723,Diroximel fumarate,Ustekinumab,1.1229,0.02494,0.03925,2.0773,0.0678,0.4762,0.0285,0.0,0.1423,0.3,0.4,0.9231,0.5,0.55,0.5533,-0.0833,-1.9273,-1.9172,False,0.3333,0.375,0.1598,0.0314,infection,False,False,False,False,False
724,Mitoxantrone,Opicinumab,1.1228,0.00249,0.00837,3.9901,0.0696,0.3731,0.0199,0.0035,0.1865,0.5,0.4,1.0,1.0,0.2,0.5067,0.5278,-3.0195,-0.7473,True,0.3333,0.475,0.4647,0.0059,malignancy,False,False,False,False,False
725,Dimethyl fumarate,Phenytoin,1.1226,0.00998,0.02038,2.304,0.0482,0.372,0.0119,0.0,0.1296,0.4,0.6,1.0,0.75,0.7,0.8667,0.0,-2.3075,-2.5343,False,0.3333,0.4,0.2365,0.0165,hepatic,False,False,False,False,False
726,Cyclophosphamide,Siponimod,1.1223,0.00748,0.01683,2.2892,0.0629,0.3452,0.0245,0.0035,0.1823,0.6,0.6,0.9333,0.5,0.65,0.6867,-0.0333,-3.0549,-2.5366,False,1.0,0.35,0.5622,0.1075,infection,False,False,False,False,False
727,Nicotinamide riboside,Temelimab,1.1223,0.00499,0.01301,3.2012,0.0457,0.3187,0.0154,0.0,0.1433,0.5,0.8,1.0,0.5,0.5,0.6867,0.025,-0.7234,-2.4721,True,0.3333,0.625,0.0196,0.0,infection,False,False,False,False,True
728,Fingolimod,Metformin,1.1221,0.01496,0.02705,2.0456,0.0547,0.422,0.0249,0.0,0.1295,0.4,0.8,0.7857,0.5,0.6,0.7333,-0.1806,-1.9414,-1.6488,False,0.3333,0.375,0.2704,0.0041,infection,False,False,False,False,False
729,Lamotrigine,Temelimab,1.122,0.00499,0.01301,2.4252,0.0436,0.3038,0.0133,0.0,0.1436,0.4,0.6,1.0,0.75,0.7,0.6867,0.0625,-3.0679,-2.4721,True,0.3333,0.575,0.0471,0.0,hepatic,False,False,False,False,False
730,Bexarotene,Inebilizumab,1.1214,0.00249,0.00837,2.9559,0.0629,0.4413,0.028,0.0009,0.1425,0.3,0.4,1.0,0.5,0.55,0.6867,0.7857,-0.7904,-2.8083,True,0.3333,0.45,0.298,0.0,infection,False,False,False,False,False
731,Amiloride,Ibudilast,1.1211,0.04239,0.05693,1.7197,0.0487,0.395,0.0084,0.0,0.1232,0.3,0.4,0.8182,1.0,0.7,1.0,-0.4306,-2.6837,-4.4103,False,0.3333,0.525,0.0814,0.0,cardiac,False,False,False,False,False
732,Natalizumab-biosimilar,Simvastatin,1.1197,0.02993,0.04463,1.6977,0.0489,0.3808,0.0202,0.0,0.1283,0.6,0.6,1.0,0.5,0.35,0.6867,0.0714,-3.1195,-1.7856,True,0.6667,0.375,0.2765,0.0,infection,False,False,False,False,False
733,Daclizumab,Opicinumab,1.1194,0.00249,0.00837,3.5369,0.0687,0.408,0.019,0.0019,0.1684,0.3,0.4,1.0,1.0,0.2,0.82,0.5139,-2.1815,-0.7473,True,0.3333,0.475,0.3755,0.0039,autoimmunity,False,False,False,False,False
734,Inebilizumab,Temelimab,1.1189,0.01247,0.02374,2.0569,0.0652,0.3958,0.0303,0.0,0.1647,0.4,0.6,1.0,0.5,0.15,0.5067,0.3214,-2.8083,-2.4721,True,0.3333,0.475,0.1696,0.0118,infection,False,False,False,False,False
735,Alpha-lipoic acid,Glatiramer acetate,1.1188,0.00249,0.00837,3.0663,0.0457,0.3201,0.0173,0.0,0.1428,0.5,0.6,1.0,0.5,0.5,0.82,0.1339,-1.7729,-3.0334,True,0.3333,0.45,0.0196,0.0,infection,False,False,False,False,True
736,Dimethyl fumarate,Hydroxychloroquine,1.1188,0.01746,0.03019,2.2603,0.0593,0.435,0.023,0.0,0.1364,0.4,0.6,0.8571,0.5,0.55,0.7333,-0.2778,-2.3075,-3.2153,False,0.3333,0.4,0.2078,0.0,infection,False,False,False,False,False
737,Hydroxychloroquine,Siponimod,1.1186,0.00748,0.01683,2.2459,0.061,0.3602,0.0225,0.0,0.1692,0.6,0.6,0.8571,0.5,0.65,0.8667,-0.2167,-3.2153,-2.5366,False,0.3333,0.4,0.2925,0.0329,cardiac,False,False,False,False,False
738,Phenytoin,Secukinumab,1.1185,0.00249,0.00837,2.0406,0.037,0.4146,0.0119,0.0,0.0891,0.3,0.4,1.0,1.0,0.7,0.82,0.5417,-2.5343,-1.895,True,0.3333,0.525,0.202,0.0,teratogenicity,False,False,False,False,False
739,Rituximab,Vidofludimus calcium,1.1185,0.06983,0.08242,1.4235,0.0586,0.4655,0.0219,0.0,0.1259,0.4,0.4,1.0,0.5,0.4,0.6867,0.1429,-2.5884,-1.6832,True,0.6667,0.325,0.2995,0.027,infection,False,False,False,False,False
740,Ibudilast,Oxcarbazepine,1.1178,0.03491,0.0496,1.76,0.0487,0.3842,0.0084,0.0,0.1267,0.3,0.4,0.9091,1.0,0.7,1.0,0.0556,-4.4103,-0.3516,True,0.3333,0.525,0.1278,0.0055,teratogenicity,False,False,False,False,False
741,Natalizumab,Nicotinamide riboside,1.1177,0.00249,0.00837,2.4799,0.0558,0.3881,0.0154,0.0,0.1437,0.4,0.6,1.0,0.5,0.5,0.6867,0.25,-3.0541,-0.7234,True,0.3333,0.425,0.2118,0.0,infection,False,False,False,False,False
742,Inebilizumab,Simvastatin,1.1176,0.04988,0.06409,1.5827,0.0551,0.4081,0.0202,0.0,0.1349,0.5,0.6,1.0,0.5,0.35,0.5533,0.3571,-2.8083,-1.7856,True,0.3333,0.4,0.2618,0.0,infection,False,False,False,False,False
743,Interferon beta-1b,Temelimab,1.1176,0.00249,0.00837,3.4724,0.0606,0.2965,0.0303,0.0029,0.2044,0.5,0.6,1.0,0.5,0.15,0.6867,0.1875,-3.2696,-2.4721,True,0.3333,0.45,0.1147,0.0029,hepatic,False,False,False,False,True
744,Memantine,Orelabrutinib,1.1176,0.04988,0.06409,1.4863,0.0359,0.3653,0.0135,0.0,0.0984,0.4,0.6,1.0,0.75,0.75,0.8667,0.225,-2.6276,-2.8405,True,0.3333,0.5,0.1137,0.0,infection,False,False,False,False,False
745,Fenebrutinib,Secukinumab,1.1175,0.00499,0.01301,2.2945,0.0548,0.4357,0.025,0.0,0.1257,0.5,0.4,1.0,0.5,0.6,0.6867,0.2143,-2.6962,-1.895,True,0.3333,0.425,0.1819,0.024,infection,False,False,False,False,False
746,Alpha-lipoic acid,Masitinib,1.1173,0.00998,0.02038,2.3857,0.0478,0.3481,0.0173,0.0,0.1374,0.5,0.8,1.0,0.5,0.5,0.8667,0.0714,-1.7729,-3.6789,True,0.3333,0.525,0.1578,0.0,infection,False,False,False,False,False
747,Cladribine,Elezanumab,1.1171,0.00249,0.00837,3.4867,0.0554,0.3276,0.0269,0.0,0.1691,0.4,0.6,1.0,0.75,0.3,0.5533,0.5,-2.961,-2.7183,True,0.3333,0.45,0.2804,0.0059,infection,False,False,False,False,False
748,Fenebrutinib,Ponesimod,1.1171,0.02494,0.03925,1.792,0.0498,0.3962,0.0201,0.0,0.1257,0.5,0.4,1.0,0.5,0.6,1.0,0.1429,-2.6962,-1.5016,True,0.6667,0.3,0.2466,0.0446,infection,False,False,False,False,False
749,Sirolimus,Temelimab,1.1171,0.00249,0.00837,2.8507,0.0544,0.3318,0.0241,0.0,0.1639,0.5,0.8,1.0,0.5,0.35,0.6867,0.2708,-2.0409,-2.4721,True,0.3333,0.575,0.202,0.0118,infection,False,False,False,False,False
750,Alpha-lipoic acid,Laquinimod,1.117,0.00499,0.01301,2.9015,0.0478,0.3408,0.0162,0.0,0.1403,0.6,0.8,0.9333,0.5,0.55,0.8667,-0.0625,-1.7729,-4.2322,False,0.3333,0.525,0.1824,0.0,hepatic,False,False,False,False,False
751,Secukinumab,Siponimod,1.117,0.01995,0.0334,2.0246,0.0589,0.3801,0.0205,0.0,0.1551,0.5,0.6,0.9231,0.5,0.65,0.82,0.025,-1.895,-2.5366,True,0.3333,0.375,0.2784,0.0275,infection,False,False,False,False,False
752,Cholecalciferol,Rituximab,1.1168,0.05486,0.06865,1.5485,0.0567,0.4386,0.0199,0.0,0.1292,0.2,0.4,1.0,0.5,0.55,0.82,0.1429,-2.0037,-2.5884,True,0.6667,0.425,0.1608,0.0,infection,False,False,False,False,False
753,Dimethyl fumarate,Remibrutinib,1.1168,0.00748,0.01683,2.3493,0.0541,0.4735,0.0179,0.0,0.1143,0.4,0.4,0.8462,0.5,0.55,1.0,-0.2111,-2.3075,-1.7308,False,0.6667,0.35,0.1981,0.0421,infection,False,False,False,False,True
754,Fingolimod,Riluzole,1.1168,0.02743,0.04221,1.6374,0.0479,0.3291,0.0181,0.0,0.1456,0.4,0.6,1.0,0.75,0.65,0.7333,0.375,-1.9414,-2.6115,True,0.3333,0.375,0.3088,0.0206,infection,False,False,False,False,False
755,Laquinimod,Temelimab,1.1168,0.00499,0.01301,2.5881,0.058,0.358,0.0264,0.0,0.162,0.5,0.8,0.7692,0.5,0.55,0.82,-0.375,-4.2322,-2.4721,False,0.3333,0.55,0.202,0.0,hepatic,False,False,False,False,False
756,Amiloride,Dimethyl fumarate,1.1166,0.00249,0.00837,2.6094,0.0468,0.3565,0.0105,0.0,0.1313,0.4,0.6,1.0,0.75,0.55,1.0,-0.125,-2.6837,-2.3075,False,0.3333,0.425,0.1539,0.0,infection,False,False,False,False,False
757,Simvastatin,Ustekinumab,1.1163,0.03491,0.0496,1.7014,0.0595,0.396,0.0202,0.0,0.1501,0.5,0.6,1.0,0.5,0.35,0.5533,0.0,-1.7856,-1.9172,False,0.3333,0.45,0.1784,0.0,infection,False,False,False,False,False
758,Idebenone,Remibrutinib,1.1162,0.00249,0.00837,2.6931,0.037,0.3683,0.0172,0.0,0.1006,0.5,0.6,1.0,0.75,0.55,1.0,0.3833,-0.7029,-1.7308,True,0.3333,0.525,0.1319,0.0093,hepatic,False,False,False,False,False
759,Alpha-lipoic acid,Bexarotene,1.1159,0.00249,0.00837,4.6879,0.0453,0.3404,0.0173,0.0009,0.1332,0.5,0.6,1.0,0.5,0.55,0.8667,0.6429,-1.7729,-0.7904,True,0.3333,0.55,0.1363,0.0,teratogenicity,False,False,False,False,False
760,Amiloride,Ustekinumab,1.1156,0.02993,0.04463,1.6954,0.0498,0.4077,0.0105,0.0,0.1222,0.2,0.4,1.0,1.0,0.45,0.5533,0.25,-2.6837,-1.9172,True,0.3333,0.525,0.1127,0.0,infection,False,False,False,False,False
761,Cholecalciferol,Laquinimod,1.1156,0.00748,0.01683,2.6023,0.0491,0.3476,0.0175,0.0,0.1413,0.4,0.8,0.8333,0.5,0.55,0.8667,-0.2917,-2.0037,-4.2322,False,0.6667,0.55,0.1824,0.0,hepatic,False,False,False,False,False
762,Memantine,Peginterferon beta-1a,1.1152,0.02743,0.04221,1.8268,0.0415,0.3124,0.0135,0.003,0.1327,0.3,0.4,1.0,1.0,0.75,0.82,0.1964,-2.6276,-2.577,True,0.3333,0.425,0.0912,0.0,hepatic,False,False,False,False,False
763,Natalizumab,Vidofludimus calcium,1.115,0.00748,0.01683,2.1802,0.0622,0.3803,0.0219,0.0,0.1636,0.5,0.4,1.0,0.5,0.4,0.82,0.2,-3.0541,-1.6832,True,0.6667,0.3,0.3333,0.0441,infection,False,False,False,False,False
764,High-dose biotin,Temelimab,1.1147,0.00249,0.00837,2.8709,0.0474,0.3732,0.0171,0.0,0.1269,0.4,0.6,0.8333,0.75,0.6,0.6867,-0.125,-0.7599,-2.4721,False,0.3333,0.625,0.0196,0.0,infection,False,False,False,False,False
765,Lamotrigine,Metformin,1.1147,0.00998,0.02038,2.4442,0.0406,0.3223,0.0133,0.0,0.1259,0.4,0.6,1.0,0.75,0.7,1.0,-0.0694,-3.0679,-1.6488,False,0.3333,0.525,0.0384,0.0027,hepatic,False,False,False,False,False
766,Simvastatin,Temelimab,1.1146,0.00998,0.02038,2.1483,0.0498,0.3165,0.0195,0.0,0.1573,0.6,0.8,0.9286,0.5,0.35,0.6867,-0.0714,-1.7856,-2.4721,False,0.3333,0.525,0.1196,0.0,teratogenicity,False,False,False,False,False
767,Masitinib,Memantine,1.1141,0.06983,0.08242,1.3587,0.044,0.3655,0.0135,0.0,0.1204,0.3,0.6,1.0,0.75,0.75,1.0,0.1964,-3.6789,-2.6276,True,0.3333,0.525,0.1578,0.0,infection,False,False,False,False,False
768,Diroximel fumarate,Orelabrutinib,1.1138,0.00748,0.01683,2.516,0.0519,0.4275,0.0213,0.0,0.1215,0.5,0.6,0.9167,0.5,0.55,1.0,-0.1714,-1.9273,-2.8405,False,0.3333,0.375,0.1892,0.0373,infection,False,False,False,False,False
769,Fingolimod,Teriflunomide,1.1137,0.07232,0.08491,1.403,0.0505,0.3746,0.0207,0.0,0.1349,0.5,0.6,0.8462,0.5,0.6,1.0,-0.2054,-1.9414,-3.0107,False,1.0,0.25,0.441,0.0541,infection,False,False,False,False,False
770,Idebenone,Sirolimus,1.1136,0.00499,0.01301,2.5092,0.0413,0.3589,0.0172,0.0,0.1151,0.4,0.6,1.0,1.0,0.55,0.7333,0.25,-0.7029,-2.0409,True,0.3333,0.575,0.2085,0.0062,infection,False,False,False,False,False
771,Alpha-lipoic acid,Tocilizumab,1.1131,0.00249,0.00837,2.7191,0.0526,0.39,0.0173,0.0,0.135,0.5,0.6,1.0,0.5,0.5,0.6867,0.1548,-1.7729,-1.8119,True,0.3333,0.5,0.1725,0.0,infection,False,False,False,False,False
772,Glatiramer acetate,Lamotrigine,1.1128,0.01247,0.02374,2.2023,0.0417,0.3183,0.0133,0.0,0.1311,0.3,0.4,1.0,1.0,0.7,0.82,-0.0625,-3.0334,-3.0679,False,0.3333,0.45,0.0471,0.0,hepatic,False,False,False,False,False
773,Glatiramer acetate,Simvastatin,1.1123,0.02494,0.03925,1.9574,0.048,0.3317,0.0197,0.0,0.1448,0.5,0.6,0.9286,0.5,0.35,0.82,-0.1339,-3.0334,-1.7856,False,0.6667,0.4,0.1196,0.0,teratogenicity,False,False,False,False,True
774,Fingolimod,Memantine,1.1122,0.04738,0.06178,1.5576,0.0433,0.3291,0.0135,0.0,0.1316,0.4,0.6,1.0,0.75,0.75,0.8667,0.25,-1.9414,-2.6276,True,0.3333,0.4,0.2608,0.0,infection,False,False,False,False,False
775,Ozanimod,Temelimab,1.1122,0.00249,0.00837,2.5607,0.052,0.3417,0.0218,0.0,0.1523,0.5,0.6,1.0,0.5,0.5,0.6867,0.2875,-1.8533,-2.4721,True,0.3333,0.425,0.2,0.0078,infection,False,False,False,False,False
776,Alpha-lipoic acid,Hydroxychloroquine,1.1121,0.01995,0.0334,2.3292,0.0427,0.3312,0.0173,0.0,0.129,0.5,0.8,1.0,0.5,0.55,0.7333,0.0714,-1.7729,-3.2153,True,0.3333,0.55,0.0882,0.0,ocular,False,False,False,False,False
777,Ibudilast,Mitoxantrone,1.1121,0.01746,0.03019,1.8766,0.056,0.3574,0.0157,0.0006,0.1566,0.5,0.6,0.8462,1.0,0.7,0.5533,-0.2778,-4.4103,-3.0195,False,0.3333,0.4,0.4961,0.0118,malignancy,False,False,False,False,False
778,Methylprednisolone,Secukinumab,1.1121,0.00249,0.00837,2.482,0.0755,0.4434,0.0197,0.0,0.1703,0.4,0.2,0.9231,0.5,0.6,0.6867,-0.125,-3.1022,-1.895,False,0.3333,0.4,0.1598,0.0343,infection,False,False,False,False,False
779,Interferon beta-1b,Oxcarbazepine,1.1116,0.00249,0.00837,2.7861,0.0403,0.2908,0.0099,0.0029,0.1385,0.3,0.4,1.0,1.0,0.7,0.82,0.7083,-3.2696,-0.3516,True,0.3333,0.45,0.1706,0.0137,hepatic,False,False,False,False,False
780,Memantine,Pioglitazone,1.1115,0.00748,0.01683,2.2156,0.0385,0.3244,0.0135,0.0,0.1186,0.5,0.6,1.0,0.75,0.75,1.0,0.1964,-2.6276,-2.6661,True,0.3333,0.575,0.1245,0.0,cardiac,False,False,False,False,False
781,Interferon beta-1a,Temelimab,1.1113,0.00249,0.00837,3.3174,0.0637,0.3118,0.0297,0.0031,0.2044,0.5,0.6,0.9375,0.5,0.15,0.6867,0.0694,-3.5867,-2.4721,True,0.3333,0.45,0.1147,0.0029,hepatic,False,False,False,False,True
782,Hydroxychloroquine,Rituximab,1.111,0.02993,0.04463,1.6605,0.0621,0.4632,0.0254,0.0,0.1342,0.3,0.4,1.0,0.5,0.55,0.82,0.3095,-3.2153,-2.5884,True,0.3333,0.4,0.249,0.0,infection,False,False,False,False,False
783,Peginterferon beta-1a,Simvastatin,1.111,0.00748,0.01683,2.3324,0.0481,0.2962,0.0202,0.003,0.1625,0.6,0.6,1.0,0.5,0.35,0.6867,0.0,-2.577,-1.7856,False,0.6667,0.375,0.1726,0.0185,hepatic,False,False,False,False,True
784,Alpha-lipoic acid,High-dose biotin,1.1107,0.00249,0.00837,3.679,0.0373,0.3054,0.0173,0.0,0.1221,0.5,0.6,1.0,0.75,0.6,1.0,0.1548,-1.7729,-0.7599,True,0.3333,0.6,0.0,0.0,,False,False,False,False,True
785,Fingolimod,Nicotinamide riboside,1.1105,0.00499,0.01301,2.5805,0.0452,0.3309,0.0154,0.0,0.1366,0.5,0.8,1.0,0.5,0.6,0.7333,0.25,-1.9414,-0.7234,True,0.3333,0.45,0.2608,0.0,infection,False,False,False,False,False
786,Daclizumab,High-dose biotin,1.1102,0.00499,0.01301,2.5399,0.039,0.332,0.019,0.0019,0.1174,0.3,0.6,1.0,1.0,0.6,0.6867,0.5417,-2.1815,-0.7599,True,0.6667,0.5,0.3696,0.0,autoimmunity,False,False,False,False,False
787,Methylprednisolone,Sirolimus,1.1097,0.00249,0.00837,2.4932,0.076,0.4532,0.0202,0.0,0.1677,0.4,0.4,0.8571,0.5,0.6,0.5533,-0.1833,-3.1022,-2.0409,False,0.3333,0.425,0.2608,0.0588,infection,False,False,False,False,False
788,High-dose biotin,Sirolimus,1.1093,0.00499,0.01301,2.6912,0.044,0.3371,0.02,0.0,0.1307,0.3,0.6,1.0,1.0,0.6,0.7333,0.25,-0.7599,-2.0409,True,0.3333,0.6,0.1941,0.0,infection,False,False,False,False,False
789,Memantine,Sirolimus,1.1093,0.06484,0.0779,1.4884,0.0376,0.3602,0.0135,0.0,0.1044,0.3,0.6,1.0,1.0,0.75,0.8667,0.1667,-2.6276,-2.0409,True,0.3333,0.55,0.1941,0.0,infection,False,False,False,False,False
790,Orelabrutinib,Ustekinumab,1.1091,0.01496,0.02705,1.8286,0.0617,0.4409,0.0224,0.0,0.1399,0.4,0.4,1.0,0.5,0.55,0.5533,0.1,-2.8405,-1.9172,True,0.3333,0.45,0.1686,0.0235,infection,False,False,False,False,False
791,Cholecalciferol,Natalizumab,1.1085,0.00748,0.01683,2.1919,0.0603,0.3612,0.0199,0.0,0.167,0.3,0.4,1.0,0.5,0.55,0.6867,0.0833,-2.0037,-3.0541,True,0.6667,0.4,0.2118,0.0,infection,False,False,False,False,False
792,Bexarotene,Glatiramer acetate,1.1084,0.00249,0.00837,4.2843,0.0564,0.3456,0.028,0.0009,0.1632,0.5,0.4,1.0,0.5,0.55,0.6867,0.3393,-0.7904,-3.0334,True,0.3333,0.45,0.1559,0.0,teratogenicity,False,False,False,False,False
793,Alemtuzumab,Memantine,1.108,0.01995,0.0334,1.8147,0.0548,0.3594,0.0135,0.0,0.1525,0.3,0.4,1.0,1.0,0.75,0.5533,0.375,-3.018,-2.6276,True,0.3333,0.4,0.4451,0.0,autoimmunity,False,False,False,False,False
794,Pioglitazone,Riluzole,1.108,0.00748,0.01683,2.3234,0.0431,0.3248,0.0181,0.0,0.1326,0.5,0.6,1.0,0.75,0.65,0.8667,0.2381,-2.6661,-2.6115,True,0.3333,0.55,0.176,0.0172,hepatic,False,False,False,False,False
795,Bexarotene,Natalizumab,1.1078,0.00249,0.00837,3.4799,0.0684,0.3884,0.028,0.0009,0.1761,0.4,0.4,1.0,0.5,0.55,0.82,0.3929,-0.7904,-3.0541,True,0.3333,0.375,0.348,0.0,infection,False,False,False,False,False
796,Fingolimod,Frexalimab,1.1075,0.0798,0.09219,1.4305,0.062,0.4326,0.0267,0.0,0.1434,0.4,0.4,0.8571,0.5,0.6,0.6867,-0.0625,-1.9414,-2.5456,False,0.6667,0.325,0.3,0.0392,infection,False,False,False,False,False
797,Evobrutinib,Metformin,1.1074,0.00249,0.00837,2.8992,0.0474,0.356,0.0202,0.0,0.1332,0.6,0.6,1.0,0.5,0.45,1.0,0.1556,-2.076,-1.6488,True,0.3333,0.45,0.1405,0.0075,hepatic,False,False,False,False,False
798,Metformin,Temelimab,1.1071,0.00249,0.00837,3.0225,0.0556,0.3633,0.0253,0.0,0.153,0.5,0.6,0.8667,0.5,0.4,0.6867,-0.1806,-1.6488,-2.4721,False,0.3333,0.55,0.0333,0.0,infection,False,False,False,False,False
799,Interferon beta-1b,Lamotrigine,1.1069,0.01496,0.02705,2.1113,0.0437,0.2908,0.0133,0.0029,0.1502,0.3,0.4,1.0,1.0,0.7,0.82,0.1875,-3.2696,-3.0679,True,0.3333,0.425,0.1118,0.0137,hepatic,False,False,False,False,False
800,Diroximel fumarate,Teriflunomide,1.1066,0.03491,0.0496,1.7788,0.0526,0.4111,0.022,0.0,0.1279,0.4,0.4,0.8462,0.5,0.55,0.7333,-0.2857,-1.9273,-3.0107,False,1.0,0.275,0.3029,0.0441,infection,False,False,False,False,False
801,Glatiramer acetate,Laquinimod,1.1066,0.01247,0.02374,2.2716,0.0556,0.3993,0.0239,0.0,0.1392,0.4,0.6,0.6667,0.5,0.55,0.6867,-0.5,-3.0334,-4.2322,False,0.6667,0.425,0.202,0.0,hepatic,False,False,False,False,False
802,Riluzole,Sirolimus,1.106,0.06983,0.08242,1.4932,0.0422,0.3564,0.0181,0.0,0.1184,0.3,0.6,1.0,1.0,0.65,0.7333,0.25,-2.6115,-2.0409,True,0.3333,0.525,0.2422,0.0206,infection,False,False,False,False,False
803,Ofatumumab,Orelabrutinib,1.1059,0.10723,0.11865,1.1943,0.0612,0.5151,0.0211,0.0,0.1188,0.3,0.4,0.9167,0.5,0.55,0.6867,-0.0625,-2.3838,-2.8405,False,0.3333,0.325,0.2265,0.0294,infection,False,False,False,False,True
804,Dimethyl fumarate,Pioglitazone,1.1058,0.00249,0.00837,2.6176,0.0571,0.4437,0.0208,0.0,0.1287,0.5,0.6,0.7857,0.5,0.55,0.8667,-0.3095,-2.3075,-2.6661,False,0.3333,0.425,0.2338,0.0103,infection,False,False,False,False,False
805,Diroximel fumarate,Evobrutinib,1.1058,0.00748,0.01683,2.5691,0.0497,0.4339,0.0191,0.0,0.1145,0.5,0.4,0.9167,0.5,0.55,1.0,-0.0714,-1.9273,-2.076,False,0.6667,0.35,0.2047,0.0424,infection,False,False,False,False,False
806,Oxcarbazepine,Temelimab,1.1057,0.00249,0.00837,2.6887,0.0402,0.305,0.0099,0.0,0.1319,0.4,0.6,1.0,0.75,0.7,0.6867,0.3542,-0.3516,-2.4721,True,0.3333,0.6,0.1059,0.0,teratogenicity,False,False,False,False,False
807,Metformin,Oxcarbazepine,1.1047,0.00249,0.00837,2.8761,0.0372,0.3257,0.0099,0.0,0.1142,0.4,0.6,1.0,0.75,0.7,1.0,0.3333,-1.6488,-0.3516,True,0.3333,0.55,0.0973,0.0027,teratogenicity,False,False,False,False,False
808,Nicotinamide riboside,Orelabrutinib,1.1046,0.00249,0.00837,2.5971,0.0378,0.3659,0.0154,0.0,0.1034,0.5,0.8,1.0,0.5,0.55,1.0,0.2,-0.7234,-2.8405,True,0.3333,0.55,0.1137,0.0,infection,False,False,False,False,False
809,Orelabrutinib,Ublituximab,1.1045,0.0798,0.09219,1.358,0.0603,0.5284,0.0211,0.0,0.114,0.3,0.4,0.9091,0.5,0.55,0.6867,-0.0714,-2.8405,-2.5884,False,0.3333,0.35,0.2265,0.0294,infection,False,False,False,False,True
810,Cholecalciferol,Idebenone,1.1043,0.00249,0.00837,3.6198,0.0371,0.3154,0.0172,0.0,0.1177,0.4,0.6,1.0,0.75,0.55,0.7333,0.4167,-2.0037,-0.7029,True,0.3333,0.6,0.0206,0.0,hepatic,False,False,False,False,False
811,Temelimab,Teriflunomide,1.1042,0.00499,0.01301,2.2321,0.0538,0.3253,0.0235,0.0,0.1655,0.5,0.8,0.9286,0.5,0.4,0.6867,0.0536,-2.4721,-3.0107,True,0.3333,0.425,0.248,0.0059,teratogenicity,False,False,False,False,False
812,Fingolimod,Pioglitazone,1.1038,0.00249,0.00837,2.8239,0.0548,0.3196,0.025,0.0,0.1714,0.7,0.6,1.0,0.5,0.6,0.8667,0.1339,-1.9414,-2.6661,True,0.3333,0.425,0.3421,0.0432,cardiac,False,False,False,False,False
813,Peginterferon beta-1a,Temelimab,1.1037,0.00249,0.00837,3.6735,0.0582,0.3029,0.028,0.003,0.1922,0.5,0.6,1.0,0.5,0.15,0.82,0.1875,-2.577,-2.4721,True,0.3333,0.45,0.1078,0.0029,hepatic,False,False,False,False,True
814,Fingolimod,Interferon beta-1b,1.1031,0.01995,0.0334,1.8781,0.0569,0.3488,0.0265,0.0029,0.163,0.4,0.4,0.8571,0.5,0.6,0.5533,-0.125,-1.9414,-3.2696,False,1.0,0.275,0.3235,0.0353,infection,False,False,False,False,False
815,Bexarotene,Secukinumab,1.1025,0.00249,0.00837,4.0655,0.053,0.4195,0.025,0.0009,0.1264,0.4,0.4,1.0,0.5,0.55,0.82,0.7321,-0.7904,-1.895,True,0.3333,0.525,0.2049,0.0,teratogenicity,False,False,False,False,False
816,Metformin,Tocilizumab,1.1024,0.00499,0.01301,2.7196,0.0609,0.4256,0.0256,0.0,0.143,0.4,0.6,0.9286,0.5,0.4,0.6867,-0.0833,-1.6488,-1.8119,False,0.3333,0.475,0.1808,0.0055,infection,False,False,False,False,False
817,High-dose biotin,Lamotrigine,1.1023,0.00499,0.01301,2.9045,0.0333,0.3017,0.0133,0.0,0.1103,0.3,0.6,1.0,1.0,0.7,1.0,0.1667,-0.7599,-3.0679,True,0.3333,0.6,0.0275,0.0,hepatic,False,False,False,False,False
818,Natalizumab,Phenytoin,1.1022,0.02993,0.04463,1.6243,0.0523,0.3769,0.0119,0.0,0.1388,0.3,0.4,1.0,1.0,0.7,0.82,0.0625,-3.0541,-2.5343,True,0.3333,0.375,0.3451,0.0,infection,False,False,False,False,False
819,Evobrutinib,Ocrelizumab,1.1021,0.10474,0.11653,1.2531,0.0617,0.5384,0.0176,0.0,0.1146,0.4,0.2,0.8333,0.5,0.45,0.5533,-0.2111,-2.076,-2.7449,False,0.6667,0.3,0.2696,0.0353,infection,False,False,False,False,True
820,Alpha-lipoic acid,Natalizumab,1.102,0.00748,0.01683,2.1575,0.0562,0.4062,0.0158,0.0,0.1384,0.4,0.6,0.9333,0.5,0.5,0.6867,0.0089,-1.7729,-3.0541,True,0.3333,0.375,0.2118,0.0,infection,False,False,False,False,False
821,Ibudilast,Phenytoin,1.102,0.03491,0.0496,1.7084,0.0499,0.4109,0.0097,0.0,0.1215,0.3,0.4,0.8,1.0,0.7,0.8667,-0.5556,-4.4103,-2.5343,False,0.3333,0.5,0.1694,0.011,teratogenicity,False,False,False,False,False
822,Alpha-lipoic acid,Elezanumab,1.1018,0.00499,0.01301,3.1589,0.0445,0.3412,0.016,0.0,0.1304,0.4,0.6,0.9286,0.75,0.5,0.6867,-0.0714,-1.7729,-2.7183,False,0.3333,0.575,0.0098,0.0,infection,False,False,False,False,False
823,Glatiramer acetate,Masitinib,1.1012,0.00249,0.00837,2.4619,0.0582,0.3718,0.0277,0.0,0.1566,0.4,0.4,0.9286,0.5,0.5,0.6867,-0.1339,-3.0334,-3.6789,False,0.6667,0.425,0.1706,0.0069,infection,False,False,False,False,False
824,Glatiramer acetate,Temelimab,1.1011,0.00499,0.01301,2.8958,0.0581,0.3331,0.0278,0.0,0.1745,0.5,0.6,0.9333,0.5,0.15,0.6867,0.0,-3.0334,-2.4721,False,0.3333,0.475,0.0373,0.002,infection,False,False,False,False,True
825,Interferon beta-1b,Metformin,1.101,0.00249,0.00837,2.8418,0.0562,0.3306,0.0259,0.0029,0.17,0.4,0.6,0.9375,0.5,0.4,0.82,0.1111,-3.2696,-1.6488,True,0.3333,0.4,0.1049,0.0069,hepatic,False,False,False,False,False
826,Memantine,Ponesimod,1.1009,0.10474,0.11653,1.1984,0.0336,0.377,0.0135,0.0,0.0891,0.3,0.4,1.0,1.0,0.75,0.8667,0.25,-2.6276,-1.5016,True,0.3333,0.4,0.1539,0.0,infection,False,False,False,False,False
827,Natalizumab-biosimilar,Nicotinamide riboside,1.1002,0.00249,0.00837,2.4953,0.0441,0.4256,0.0154,0.0,0.1036,0.4,0.6,1.0,0.5,0.5,0.6867,0.4,-3.1195,-0.7234,True,0.3333,0.475,0.1765,0.0,infection,False,False,False,False,False
828,Daclizumab,Siponimod,1.1,0.03242,0.04712,1.694,0.0559,0.3561,0.0175,0.0019,0.1571,0.5,0.6,0.9231,0.5,0.65,0.82,-0.025,-2.1815,-2.5366,False,1.0,0.3,0.5384,0.0684,autoimmunity,False,False,False,False,False
829,Memantine,Vidofludimus calcium,1.0996,0.06484,0.0779,1.4072,0.0354,0.3409,0.0135,0.0,0.1038,0.4,0.6,1.0,0.75,0.75,1.0,0.325,-2.6276,-1.6832,True,0.3333,0.475,0.1657,0.0,teratogenicity,False,False,False,False,False
830,Orelabrutinib,Riluzole,1.0996,0.02743,0.04221,1.6462,0.0405,0.3607,0.0181,0.0,0.1123,0.4,0.6,1.0,0.75,0.65,1.0,0.1667,-2.8405,-2.6115,True,0.3333,0.475,0.1549,0.0275,hepatic,False,False,False,False,False
831,Azathioprine,Idebenone,1.0993,0.00249,0.00837,3.9185,0.0346,0.3033,0.0172,0.0,0.1141,0.5,0.6,1.0,1.0,0.55,1.0,0.8167,-1.9886,-0.7029,True,0.3333,0.525,0.332,0.0082,infection,False,False,False,False,False
832,Alemtuzumab,Riluzole,1.099,0.02743,0.04221,1.851,0.0594,0.3567,0.0181,0.0,0.1664,0.3,0.4,1.0,1.0,0.65,0.42,0.4,-3.018,-2.6115,True,0.3333,0.375,0.5137,0.0,autoimmunity,False,False,False,False,False
833,Metformin,Remibrutinib,1.099,0.00499,0.01301,2.5278,0.0471,0.3574,0.0198,0.0,0.1317,0.5,0.6,1.0,0.5,0.5,1.0,0.2111,-1.6488,-1.7308,True,0.3333,0.475,0.1281,0.0062,hepatic,False,False,False,False,False
834,High-dose biotin,Oxcarbazepine,1.0988,0.00499,0.01301,3.7301,0.0299,0.3031,0.0099,0.0,0.0986,0.3,0.6,1.0,1.0,0.7,1.0,0.5833,-0.7599,-0.3516,True,0.3333,0.625,0.0863,0.0,teratogenicity,False,False,False,False,False
835,Ponesimod,Riluzole,1.0988,0.05486,0.06865,1.4483,0.0382,0.3704,0.0181,0.0,0.103,0.3,0.4,1.0,1.0,0.65,1.0,0.375,-1.5016,-2.6115,True,0.3333,0.375,0.2054,0.0172,hepatic,False,False,False,False,False
836,Diroximel fumarate,Nicotinamide riboside,1.0984,0.00499,0.01301,3.1425,0.046,0.3756,0.0154,0.0,0.1225,0.5,0.6,1.0,0.5,0.55,1.0,0.0429,-1.9273,-0.7234,True,0.3333,0.475,0.1127,0.0,infection,False,False,False,False,False
837,Firategrast,Memantine,1.0984,0.10224,0.11438,1.3409,0.0327,0.3763,0.0135,0.0,0.0869,0.3,0.4,1.0,1.0,0.75,0.8667,0.375,-3.2771,-2.6276,True,0.3333,0.55,0.098,0.0,infection,False,False,False,False,False
838,Orelabrutinib,Simvastatin,1.0984,0.04489,0.05938,1.5332,0.0418,0.3709,0.0193,0.0,0.1126,0.6,0.8,0.9091,0.5,0.55,1.0,-0.1714,-2.8405,-1.7856,False,0.3333,0.45,0.1973,0.0165,hepatic,False,False,False,False,False
839,Temelimab,Vidofludimus calcium,1.0982,0.00748,0.01683,2.1992,0.0516,0.3384,0.0213,0.0,0.1525,0.5,0.8,0.9167,0.5,0.4,0.82,0.025,-2.4721,-1.6832,True,0.3333,0.5,0.1804,0.0049,teratogenicity,False,False,False,False,False
840,Evobrutinib,Fingolimod,1.098,0.00499,0.01301,2.2025,0.05,0.3467,0.0202,0.0,0.1442,0.6,0.4,1.0,0.5,0.6,0.7333,0.325,-2.076,-1.9414,True,0.6667,0.325,0.343,0.0521,infection,False,False,False,False,False
841,Oxcarbazepine,Peginterferon beta-1a,1.098,0.00249,0.00837,2.8953,0.0379,0.3001,0.0099,0.003,0.1263,0.3,0.4,1.0,1.0,0.7,0.6867,0.6905,-0.3516,-2.577,True,0.3333,0.45,0.1651,0.0124,hepatic,False,False,False,False,False
842,Ozanimod,Simvastatin,1.0976,0.04738,0.06178,1.4837,0.0419,0.3423,0.0202,0.0,0.1226,0.6,0.6,1.0,0.5,0.5,0.7333,0.1,-1.8533,-1.7856,True,0.6667,0.35,0.2759,0.0124,infection,False,False,False,False,False
843,Ponesimod,Temelimab,1.0972,0.00748,0.01683,2.6242,0.0503,0.3389,0.0201,0.0,0.1485,0.5,0.6,1.0,0.5,0.45,0.6867,0.1875,-1.5016,-2.4721,True,0.3333,0.425,0.1657,0.0078,infection,False,False,False,False,False
844,Amiloride,Siponimod,1.0961,0.01995,0.0334,2.1058,0.0478,0.3234,0.0094,0.0,0.1478,0.5,0.6,0.9231,0.75,0.65,0.8667,-0.075,-2.6837,-2.5366,False,0.3333,0.425,0.2578,0.0137,infection,False,False,False,False,False
845,Laquinimod,Ponesimod,1.0961,0.00748,0.01683,2.3439,0.0503,0.3801,0.0187,0.0,0.1323,0.5,0.6,0.9091,0.5,0.55,0.8667,-0.1875,-4.2322,-1.5016,False,0.6667,0.375,0.3026,0.0336,hepatic,False,False,False,False,False
846,Alemtuzumab,Laquinimod,1.0957,0.00748,0.01683,2.4501,0.0712,0.3635,0.0299,0.0,0.1957,0.5,0.6,0.9412,0.5,0.55,0.5533,-0.1125,-3.018,-4.2322,False,0.6667,0.375,0.611,0.0165,autoimmunity,False,False,False,False,False
847,Fenebrutinib,Inebilizumab,1.0955,0.08229,0.09458,1.3509,0.0646,0.4557,0.0297,0.0,0.1418,0.3,0.4,1.0,0.5,0.6,0.5533,0.0714,-2.6962,-2.8083,True,0.3333,0.35,0.2578,0.0412,infection,False,False,False,False,False
848,Cyclophosphamide,Methylprednisolone,1.0954,0.00499,0.01301,2.41,0.0771,0.4293,0.0213,0.0035,0.1796,0.5,0.2,0.8571,0.5,0.6,0.64,-0.2667,-3.0549,-3.1022,False,1.0,0.375,0.4712,0.0867,infection,False,False,False,False,False
849,Lamotrigine,Peginterferon beta-1a,1.0954,0.00998,0.02038,2.4089,0.0413,0.2992,0.0133,0.003,0.138,0.3,0.4,1.0,1.0,0.7,0.6867,0.1964,-3.0679,-2.577,True,0.3333,0.425,0.1063,0.0124,hepatic,False,False,False,False,False
850,Natalizumab,Ozanimod,1.0953,0.04738,0.06178,1.5654,0.0621,0.407,0.0218,0.0,0.1527,0.3,0.2,1.0,0.5,0.5,0.6867,0.1,-3.0541,-1.8533,True,1.0,0.225,0.3294,0.0706,infection,False,False,False,False,False
851,Bexarotene,Interferon beta-1b,1.0951,0.00249,0.00837,4.5152,0.0583,0.32,0.028,0.0038,0.1823,0.4,0.4,1.0,0.5,0.55,0.6867,0.6071,-0.7904,-3.2696,True,0.3333,0.425,0.2103,0.024,hepatic,False,False,False,False,False
852,Masitinib,Nicotinamide riboside,1.0949,0.00748,0.01683,2.4898,0.0459,0.366,0.0154,0.0,0.1254,0.4,0.8,1.0,0.5,0.5,0.8667,0.1857,-3.6789,-0.7234,True,0.3333,0.575,0.1578,0.0,infection,False,False,False,False,False
853,Dimethyl fumarate,Secukinumab,1.0945,0.01247,0.02374,2.3656,0.0568,0.4616,0.0205,0.0,0.123,0.4,0.4,0.9231,0.5,0.55,0.6867,-0.0694,-2.3075,-1.895,False,0.3333,0.375,0.1608,0.0275,infection,False,False,False,False,False
854,Elezanumab,Mycophenolate mofetil,1.0944,0.00249,0.00837,3.5969,0.0492,0.3182,0.0207,0.0,0.1547,0.4,0.6,1.0,1.0,0.2,0.6867,0.4143,-2.7183,-2.0615,True,0.3333,0.55,0.2627,0.0059,infection,False,False,False,False,False
855,Interferon beta-1b,Pioglitazone,1.0942,0.00499,0.01301,3.4233,0.0553,0.2994,0.025,0.0029,0.1848,0.6,0.6,1.0,0.5,0.4,0.6867,0.0714,-3.2696,-2.6661,True,0.3333,0.45,0.2054,0.0172,hepatic,False,False,False,False,False
856,Glatiramer acetate,Oxcarbazepine,1.0939,0.00499,0.01301,2.5142,0.0383,0.3211,0.0099,0.0,0.1194,0.3,0.4,1.0,1.0,0.7,0.82,0.25,-3.0334,-0.3516,True,0.3333,0.475,0.1059,0.0,teratogenicity,False,False,False,False,False
857,Cladribine,Laquinimod,1.0937,0.00499,0.01301,2.4795,0.0585,0.327,0.0269,0.0,0.179,0.5,0.6,1.0,0.5,0.55,0.7333,0.0,-2.961,-4.2322,False,0.6667,0.4,0.4059,0.0529,infection,False,False,False,False,False
858,Dimethyl fumarate,Tocilizumab,1.0937,0.00748,0.01683,2.3593,0.0688,0.4876,0.0325,0.0,0.1412,0.3,0.4,0.8571,0.5,0.55,0.6867,-0.2778,-2.3075,-1.8119,False,0.3333,0.35,0.2286,0.0635,infection,False,False,False,False,False
859,Laquinimod,Ozanimod,1.0934,0.01247,0.02374,2.1028,0.0519,0.3814,0.0202,0.0,0.1361,0.5,0.6,0.9167,0.5,0.55,0.8667,-0.0625,-4.2322,-1.8533,False,0.6667,0.375,0.3335,0.0371,hepatic,False,False,False,False,False
860,Dimethyl fumarate,Vidofludimus calcium,1.093,0.00998,0.02038,2.4617,0.0556,0.4382,0.0193,0.0,0.1269,0.4,0.4,0.8462,0.5,0.55,0.8667,-0.3111,-2.3075,-1.6832,False,0.6667,0.325,0.2513,0.034,infection,False,False,False,False,False
861,Firategrast,Metformin,1.093,0.00249,0.00837,2.9464,0.0464,0.3608,0.0192,0.0,0.1287,0.5,0.6,1.0,0.5,0.4,1.0,0.3472,-3.2771,-1.6488,True,0.3333,0.525,0.1118,0.0,infection,False,False,False,False,False
862,Glatiramer acetate,Pioglitazone,1.093,0.00499,0.01301,3.0387,0.0527,0.3404,0.0243,0.0,0.1549,0.6,0.6,0.9286,0.5,0.4,0.6867,-0.0625,-3.0334,-2.6661,False,0.3333,0.475,0.1441,0.0,cardiac,False,False,False,False,False
863,Hydroxychloroquine,Memantine,1.093,0.10723,0.11865,1.3082,0.0389,0.3473,0.0135,0.0,0.112,0.3,0.6,1.0,0.75,0.75,0.8667,0.125,-3.2153,-2.6276,True,0.3333,0.55,0.0882,0.0,ocular,False,False,False,False,False
864,Interferon beta-1a,Pioglitazone,1.0928,0.00249,0.00837,3.1821,0.0583,0.3157,0.0243,0.0031,0.1848,0.6,0.6,0.9333,0.5,0.4,0.6867,-0.0556,-3.5867,-2.6661,False,0.3333,0.45,0.2054,0.0172,hepatic,False,False,False,False,False
865,Fingolimod,Peginterferon beta-1a,1.0927,0.02743,0.04221,1.7806,0.0544,0.3608,0.0246,0.003,0.1508,0.4,0.4,0.8462,0.5,0.6,0.6867,-0.1429,-1.9414,-2.577,False,1.0,0.275,0.3187,0.0332,infection,False,False,False,False,False
866,Firategrast,Oxcarbazepine,1.0923,0.00249,0.00837,2.0975,0.0291,0.3621,0.0099,0.0,0.0804,0.3,0.4,1.0,1.0,0.7,1.0,1.0,-3.2771,-0.3516,True,0.3333,0.575,0.1843,0.0,infection,False,False,False,False,False
867,Epigallocatechin gallate,Inebilizumab,1.0922,0.01746,0.03019,2.1972,0.0475,0.4241,0.0126,0.0,0.1121,0.4,0.6,1.0,0.5,0.45,0.5533,0.5714,-1.555,-2.8083,True,0.3333,0.55,0.2235,0.0,infection,False,False,False,False,False
868,Daclizumab,Idebenone,1.091,0.00249,0.00837,2.7693,0.0362,0.3559,0.0172,0.0019,0.1018,0.4,0.6,1.0,1.0,0.55,0.6867,0.7917,-2.1815,-0.7029,True,0.3333,0.475,0.3717,0.0185,autoimmunity,False,False,False,False,False
869,Fingolimod,Temelimab,1.091,0.00748,0.01683,2.2744,0.059,0.36,0.0287,0.0,0.164,0.5,0.6,0.8571,0.5,0.6,0.6867,-0.1875,-1.9414,-2.4721,False,0.3333,0.425,0.2706,0.0098,infection,False,False,False,False,False
870,Fenebrutinib,Temelimab,1.0905,0.02993,0.04463,1.7565,0.0566,0.408,0.0263,0.0,0.1387,0.4,0.6,0.75,0.5,0.6,0.6867,-0.3304,-2.6962,-2.4721,False,0.3333,0.475,0.15,0.0069,infection,False,False,False,False,False
871,Secukinumab,Temelimab,1.0904,0.00249,0.00837,2.7643,0.0553,0.3723,0.025,0.0,0.1485,0.5,0.6,1.0,0.5,0.15,0.82,0.1875,-1.895,-2.4721,True,0.3333,0.55,0.0814,0.0069,infection,False,False,False,False,False
872,Ocrelizumab,Remibrutinib,1.0902,0.15212,0.16252,1.0684,0.0613,0.5417,0.0172,0.0,0.1131,0.3,0.2,0.8333,0.5,0.5,0.5533,-0.3111,-2.7449,-1.7308,False,0.6667,0.325,0.2559,0.0353,infection,False,False,False,False,True
873,Metformin,Peginterferon beta-1a,1.09,0.00249,0.00837,2.7454,0.0538,0.3408,0.0258,0.003,0.1578,0.4,0.6,0.9333,0.5,0.4,0.6867,0.1111,-1.6488,-2.577,True,0.3333,0.4,0.0987,0.0062,hepatic,False,False,False,False,False
874,Diroximel fumarate,Remibrutinib,1.0898,0.01746,0.03019,2.1707,0.0486,0.4752,0.018,0.0,0.1023,0.4,0.4,0.8182,0.5,0.55,1.0,-0.2429,-1.9273,-1.7308,False,0.6667,0.375,0.1944,0.039,infection,False,False,False,False,True
875,Natalizumab,Ocrelizumab,1.0898,0.01247,0.02374,2.0349,0.0845,0.4834,0.0404,0.0,0.1747,0.4,0.2,1.0,0.0,0.05,0.5067,0.2292,-3.0541,-2.7449,True,1.0,0.2,0.2765,0.1059,infection,False,False,False,False,True
876,Interferon beta-1a,Nicotinamide riboside,1.0894,0.00249,0.00837,3.0859,0.0494,0.3073,0.0154,0.0031,0.1607,0.5,0.6,1.0,0.5,0.5,0.82,0.0667,-3.5867,-0.7234,True,0.3333,0.475,0.098,0.0,hepatic,False,False,False,False,False
877,Cholecalciferol,Dimethyl fumarate,1.0891,0.00748,0.01683,2.3073,0.0538,0.4073,0.0175,0.0,0.132,0.3,0.4,0.8571,0.5,0.55,0.7333,-0.2778,-2.0037,-2.3075,False,0.6667,0.425,0.1196,0.0,infection,False,False,False,False,True
878,Diroximel fumarate,Hydroxychloroquine,1.0888,0.00499,0.01301,2.1921,0.0538,0.4328,0.0232,0.0,0.1244,0.4,0.6,0.8333,0.5,0.55,0.7333,-0.3095,-1.9273,-3.2153,False,0.3333,0.425,0.201,0.0,infection,False,False,False,False,False
879,Metformin,Secukinumab,1.0888,0.00249,0.00837,2.4026,0.0485,0.425,0.0213,0.0,0.1141,0.4,0.6,0.9167,0.5,0.4,0.6867,0.0972,-1.6488,-1.895,True,0.3333,0.5,0.0824,0.0,infection,False,False,False,False,True
880,Fenebrutinib,Sirolimus,1.0881,0.00998,0.02038,2.1559,0.0538,0.3816,0.0241,0.0,0.1411,0.5,0.6,1.0,0.5,0.6,0.7333,0.1548,-2.6962,-2.0409,True,0.3333,0.45,0.2696,0.0618,infection,False,False,False,False,False
881,Diroximel fumarate,Phenytoin,1.088,0.01247,0.02374,2.2733,0.0425,0.3618,0.0119,0.0,0.1176,0.4,0.6,1.0,0.75,0.7,0.8667,0.0,-1.9273,-2.5343,False,0.3333,0.425,0.2324,0.0137,infection,False,False,False,False,False
882,Fingolimod,Masitinib,1.088,0.01496,0.02705,2.0594,0.0603,0.3482,0.0298,0.0,0.1731,0.5,0.4,1.0,0.5,0.6,0.8667,0.0625,-1.9414,-3.6789,True,0.6667,0.375,0.3493,0.0693,infection,False,False,False,False,False
883,Amiloride,Inebilizumab,1.0879,0.10224,0.11438,1.2141,0.0454,0.4247,0.0105,0.0,0.107,0.2,0.4,1.0,1.0,0.45,0.5533,0.2679,-2.6837,-2.8083,True,0.3333,0.475,0.1961,0.0,infection,False,False,False,False,False
884,Natalizumab,Orelabrutinib,1.0879,0.01247,0.02374,2.0829,0.0628,0.3969,0.0224,0.0,0.1583,0.5,0.4,1.0,0.5,0.55,0.6867,0.0,-3.0541,-2.8405,False,0.3333,0.325,0.2725,0.0529,infection,False,False,False,False,False
885,Fingolimod,Natalizumab-biosimilar,1.0877,0.01247,0.02374,1.7928,0.0585,0.3864,0.0287,0.0,0.1513,0.4,0.4,1.0,0.5,0.6,0.6867,0.125,-1.9414,-3.1195,True,0.6667,0.275,0.349,0.0882,infection,False,False,False,False,False
886,Natalizumab-biosimilar,Phenytoin,1.0875,0.02993,0.04463,1.5927,0.0406,0.4117,0.0119,0.0,0.0986,0.3,0.4,1.0,1.0,0.7,0.82,0.2667,-3.1195,-2.5343,True,0.3333,0.425,0.3098,0.0,infection,False,False,False,False,False
887,Alemtuzumab,Lamotrigine,1.0873,0.01995,0.0334,1.949,0.0546,0.3462,0.0133,0.0,0.1577,0.3,0.4,1.0,1.0,0.7,0.42,0.375,-3.018,-3.0679,True,0.3333,0.4,0.4725,0.0,autoimmunity,False,False,False,False,False
888,Oxcarbazepine,Siponimod,1.0866,0.02494,0.03925,1.9874,0.0471,0.3374,0.0087,0.0,0.1396,0.5,0.6,0.9167,0.75,0.7,0.8667,0.0333,-0.3516,-2.5366,True,0.3333,0.425,0.3153,0.0082,infection,False,False,False,False,False
889,Pioglitazone,Secukinumab,1.0866,0.00249,0.00837,2.9445,0.05,0.3879,0.025,0.0,0.1289,0.6,0.6,1.0,0.5,0.4,0.82,0.1429,-2.6661,-1.895,True,0.3333,0.55,0.1931,0.0,infection,False,False,False,False,False
890,Amiloride,Secukinumab,1.0864,0.00499,0.01301,2.1587,0.0356,0.3914,0.0105,0.0,0.0909,0.3,0.4,1.0,1.0,0.45,0.6867,0.5,-2.6837,-1.895,True,0.3333,0.55,0.1029,0.0,infection,False,False,False,False,False
891,Hydroxychloroquine,Riluzole,1.0862,0.06733,0.08046,1.4091,0.0435,0.3452,0.0181,0.0,0.126,0.3,0.6,1.0,0.75,0.65,0.7333,0.1667,-3.2153,-2.6115,True,0.3333,0.525,0.1569,0.0,hepatic,False,False,False,False,False
892,Azathioprine,Methylprednisolone,1.0861,0.00499,0.01301,2.5064,0.0696,0.4171,0.0138,0.0,0.1668,0.4,0.2,0.8462,0.5,0.6,0.82,-0.3,-1.9886,-3.1022,False,1.0,0.375,0.3912,0.0539,infection,False,False,False,False,False
893,Alemtuzumab,Oxcarbazepine,1.086,0.00499,0.01301,2.3405,0.0512,0.3508,0.0099,0.0,0.146,0.3,0.4,1.0,1.0,0.7,0.42,0.7833,-3.018,-0.3516,True,0.3333,0.425,0.5314,0.0,autoimmunity,False,False,False,False,False
894,Bexarotene,Orelabrutinib,1.0857,0.00249,0.00837,3.4126,0.0504,0.3716,0.0224,0.0009,0.1357,0.5,0.6,1.0,0.5,0.55,0.8667,0.2714,-0.7904,-2.8405,True,0.3333,0.5,0.2308,0.0192,teratogenicity,False,False,False,False,False
895,Natalizumab-biosimilar,Pioglitazone,1.0857,0.00499,0.01301,2.6142,0.0537,0.3877,0.025,0.0,0.1384,0.6,0.6,1.0,0.5,0.4,0.82,0.1429,-3.1195,-2.6661,True,0.3333,0.45,0.301,0.0,infection,False,False,False,False,False
896,Masitinib,Natalizumab-biosimilar,1.0855,0.02244,0.03628,1.7654,0.0592,0.4223,0.0287,0.0,0.1401,0.4,0.4,1.0,0.5,0.5,0.82,0.0,-3.6789,-3.1195,False,0.6667,0.4,0.2725,0.0618,infection,False,False,False,False,False
897,Bexarotene,Teriflunomide,1.0852,0.00249,0.00837,3.3762,0.0521,0.338,0.0241,0.0009,0.1541,0.4,0.6,1.0,0.5,0.55,0.8667,0.6429,-0.7904,-3.0107,True,0.3333,0.4,0.2579,0.1126,hepatic,False,False,False,False,False
898,Bexarotene,Tocilizumab,1.0849,0.00249,0.00837,3.4501,0.0633,0.4076,0.028,0.0009,0.1553,0.4,0.4,1.0,0.5,0.55,0.82,0.4524,-0.7904,-1.8119,True,0.3333,0.5,0.2896,0.0192,infection,False,False,False,False,False
899,Fingolimod,Inebilizumab,1.0848,0.03491,0.0496,1.654,0.0647,0.4096,0.0298,0.0,0.1579,0.4,0.4,1.0,0.5,0.6,0.82,0.2589,-1.9414,-2.8083,True,0.3333,0.3,0.3637,0.0588,infection,False,False,False,False,False
900,Natalizumab-biosimilar,Temelimab,1.0848,0.00499,0.01301,2.5493,0.059,0.373,0.0287,0.0,0.1581,0.5,0.6,1.0,0.5,0.15,0.64,0.125,-3.1195,-2.4721,True,0.3333,0.45,0.1784,0.0176,infection,False,False,False,False,False
901,Orelabrutinib,Oxcarbazepine,1.0848,0.00249,0.00837,2.0287,0.0324,0.3521,0.0099,0.0,0.0919,0.4,0.6,1.0,0.75,0.7,1.0,0.5667,-2.8405,-0.3516,True,0.3333,0.525,0.189,0.011,hepatic,False,False,False,False,False
902,Dimethyl fumarate,Firategrast,1.0846,0.00249,0.00837,2.8489,0.0555,0.4031,0.0192,0.0,0.1376,0.5,0.4,1.0,0.5,0.55,1.0,0.0556,-2.3075,-3.2771,True,0.3333,0.4,0.1784,0.0392,infection,False,False,False,False,False
903,Memantine,Teriflunomide,1.0841,0.1197,0.13023,1.2774,0.0376,0.322,0.0135,0.0,0.1168,0.4,0.6,1.0,0.75,0.75,0.8667,0.2143,-2.6276,-3.0107,True,0.3333,0.4,0.2343,0.0,teratogenicity,False,False,False,False,False
904,Cholecalciferol,Masitinib,1.084,0.01995,0.0334,1.9723,0.0504,0.3392,0.0199,0.0,0.1486,0.3,0.6,1.0,0.5,0.55,0.8667,0.0,-2.0037,-3.6789,False,0.6667,0.55,0.1578,0.0,infection,False,False,False,False,False
905,Elezanumab,Simvastatin,1.084,0.00499,0.01301,2.3607,0.0471,0.3288,0.0186,0.0,0.1432,0.5,0.6,0.9231,0.75,0.35,0.6867,-0.1429,-2.7183,-1.7856,False,0.3333,0.525,0.1098,0.0,teratogenicity,False,False,False,False,False
906,Alpha-lipoic acid,Interferon beta-1a,1.0839,0.00499,0.01301,2.7837,0.0494,0.3178,0.0154,0.0031,0.1554,0.5,0.6,0.9375,0.5,0.5,0.82,-0.0556,-1.7729,-3.5867,False,0.3333,0.425,0.098,0.0,hepatic,False,False,False,False,False
907,Amiloride,Frexalimab,1.0838,0.0798,0.09219,1.249,0.0458,0.3607,0.0105,0.0,0.1271,0.3,0.4,1.0,1.0,0.45,0.6867,0.0625,-2.6837,-2.5456,True,0.3333,0.5,0.1127,0.0,infection,False,False,False,False,False
908,Frexalimab,Hydroxychloroquine,1.0836,0.01746,0.03019,1.7508,0.0607,0.383,0.0254,0.0,0.1585,0.4,0.4,1.0,0.5,0.55,0.6867,0.0625,-2.5456,-3.2153,True,0.3333,0.475,0.1667,0.0,infection,False,False,False,False,False
909,Nicotinamide riboside,Tocilizumab,1.0833,0.00249,0.00837,2.6279,0.0507,0.4123,0.0154,0.0,0.123,0.4,0.6,1.0,0.5,0.5,0.6867,0.15,-0.7234,-1.8119,True,0.3333,0.55,0.1725,0.0,infection,False,False,False,False,False
910,Lamotrigine,Sirolimus,1.0832,0.03741,0.05212,1.6988,0.0374,0.3413,0.0133,0.0,0.1097,0.3,0.6,1.0,1.0,0.7,0.7333,0.1667,-3.0679,-2.0409,True,0.3333,0.55,0.2133,0.0082,infection,False,False,False,False,False
911,Glatiramer acetate,Ozanimod,1.083,0.00748,0.01683,2.2717,0.0471,0.4485,0.0187,0.0,0.1051,0.4,0.2,0.8182,0.5,0.5,0.5533,-0.325,-3.0334,-1.8533,False,1.0,0.3,0.2,0.0078,infection,False,False,False,False,False
912,Evobrutinib,Ublituximab,1.0828,0.10723,0.11865,1.1704,0.0568,0.5643,0.0177,0.0,0.1007,0.3,0.2,0.8,0.5,0.45,0.6867,-0.2429,-2.076,-2.5884,False,0.6667,0.325,0.2471,0.0294,infection,False,False,False,False,True
913,Firategrast,Riluzole,1.0828,0.06983,0.08242,1.5192,0.0373,0.3697,0.0181,0.0,0.1008,0.3,0.4,1.0,1.0,0.65,1.0,0.375,-3.2771,-2.6115,True,0.3333,0.525,0.1667,0.0,infection,False,False,False,False,False
914,Evobrutinib,Ofatumumab,1.0827,0.10224,0.11438,1.274,0.0578,0.5479,0.0177,0.0,0.1055,0.3,0.2,0.8182,0.5,0.45,0.6867,-0.225,-2.076,-2.3838,False,0.6667,0.3,0.2471,0.0294,infection,False,False,False,False,True
915,Masitinib,Oxcarbazepine,1.0825,0.00748,0.01683,2.043,0.0404,0.3548,0.0099,0.0,0.1139,0.3,0.6,1.0,0.75,0.7,0.8667,0.5238,-3.6789,-0.3516,True,0.3333,0.55,0.2318,0.0124,hepatic,False,False,False,False,False
916,Laquinimod,Memantine,1.0821,0.03741,0.05212,1.7194,0.0433,0.3876,0.0116,0.0,0.1116,0.4,0.6,0.8,0.75,0.75,1.0,-0.5,-4.2322,-2.6276,False,0.3333,0.525,0.1824,0.0,hepatic,False,False,False,False,False
917,Cholecalciferol,Simvastatin,1.082,0.01746,0.03019,1.9397,0.0401,0.2932,0.0199,0.0,0.1369,0.5,0.6,1.0,0.5,0.55,0.7333,0.0,-2.0037,-1.7856,False,0.6667,0.525,0.1,0.0,teratogenicity,False,False,False,False,False
918,Phenytoin,Siponimod,1.082,0.01496,0.02705,1.9964,0.049,0.3354,0.0106,0.0,0.1461,0.5,0.6,0.9167,0.75,0.7,1.0,-0.2833,-2.5343,-2.5366,False,0.3333,0.4,0.3541,0.0165,hepatic,False,False,False,False,False
919,Metformin,Ozanimod,1.0819,0.00748,0.01683,2.2448,0.0477,0.4052,0.0205,0.0,0.1178,0.4,0.6,0.9231,0.5,0.5,0.7333,0.1667,-1.6488,-1.8533,True,0.3333,0.375,0.1978,0.0041,infection,False,False,False,False,False
920,Ponesimod,Simvastatin,1.0818,0.05736,0.0709,1.5555,0.0403,0.3387,0.0201,0.0,0.1188,0.6,0.6,1.0,0.5,0.45,1.0,0.0,-1.5016,-1.7856,False,0.6667,0.35,0.2436,0.0103,infection,False,False,False,False,False
921,Hydroxychloroquine,Ustekinumab,1.0816,0.01746,0.03019,1.6527,0.0646,0.421,0.0254,0.0,0.1535,0.3,0.4,1.0,0.5,0.55,0.82,0.0,-3.2153,-1.9172,False,0.3333,0.5,0.1667,0.0,infection,False,False,False,False,False
922,Laquinimod,Nicotinamide riboside,1.0814,0.00249,0.00837,2.8698,0.0461,0.3594,0.0145,0.0,0.1283,0.5,0.8,0.9167,0.5,0.55,0.8667,-0.1375,-4.2322,-0.7234,False,0.3333,0.575,0.1824,0.0,hepatic,False,False,False,False,False
923,Alpha-lipoic acid,Evobrutinib,1.0813,0.00499,0.01301,2.915,0.0375,0.3461,0.0173,0.0,0.1084,0.6,0.6,1.0,0.5,0.5,1.0,0.3714,-1.7729,-2.076,True,0.3333,0.475,0.1343,0.0,hepatic,False,False,False,False,False
924,Peginterferon beta-1a,Pioglitazone,1.081,0.00249,0.00837,3.3493,0.0529,0.3067,0.025,0.003,0.1725,0.6,0.6,1.0,0.5,0.4,0.82,0.0714,-2.577,-2.6661,True,0.3333,0.45,0.2002,0.0154,hepatic,False,False,False,False,False
925,Masitinib,Ustekinumab,1.0809,0.0399,0.05461,1.7961,0.0697,0.4308,0.0305,0.0,0.1619,0.3,0.4,1.0,0.5,0.5,0.6867,0.0,-3.6789,-1.9172,False,0.3333,0.475,0.2088,0.0275,infection,False,False,False,False,False
926,Amiloride,Diroximel fumarate,1.0807,0.00499,0.01301,2.5446,0.0412,0.3449,0.0105,0.0,0.1193,0.4,0.6,1.0,0.75,0.55,1.0,-0.125,-2.6837,-1.9273,False,0.3333,0.45,0.1471,0.0,infection,False,False,False,False,False
927,Alpha-lipoic acid,Natalizumab-biosimilar,1.0803,0.00998,0.02038,2.2547,0.0445,0.4535,0.0159,0.0,0.0982,0.4,0.6,0.9167,0.5,0.5,0.6867,0.0429,-1.7729,-3.1195,True,0.3333,0.425,0.1765,0.0,infection,False,False,False,False,False
928,Bexarotene,Pioglitazone,1.0801,0.00249,0.00837,4.3245,0.053,0.3396,0.025,0.0009,0.156,0.5,0.6,1.0,0.5,0.55,1.0,0.3571,-0.7904,-2.6661,True,0.3333,0.575,0.2488,0.012,teratogenicity,False,False,False,False,False
929,Ponesimod,Ublituximab,1.08,0.08229,0.09458,1.3847,0.0592,0.5326,0.0201,0.0,0.1112,0.3,0.2,1.0,0.0,0.45,0.6867,0.2143,-1.5016,-2.5884,True,1.0,0.25,0.2569,0.0392,infection,False,False,False,False,True
930,Bexarotene,Peginterferon beta-1a,1.0798,0.00249,0.00837,4.4167,0.056,0.329,0.028,0.0039,0.1701,0.4,0.4,1.0,0.5,0.55,0.82,0.5714,-0.7904,-2.577,True,0.3333,0.425,0.2058,0.0216,teratogenicity,False,False,False,False,False
931,Oxcarbazepine,Ponesimod,1.079,0.01496,0.02705,1.741,0.03,0.3632,0.0099,0.0,0.0826,0.3,0.4,1.0,1.0,0.7,1.0,0.7083,-0.3516,-1.5016,True,0.3333,0.425,0.2333,0.0069,infection,False,False,False,False,False
932,Bexarotene,Masitinib,1.0789,0.00249,0.00837,3.196,0.0585,0.3708,0.028,0.0009,0.1577,0.4,0.6,1.0,0.5,0.55,1.0,0.2143,-0.7904,-3.6789,True,0.3333,0.525,0.2725,0.0216,teratogenicity,False,False,False,False,False
933,Fingolimod,Lamotrigine,1.0786,0.0399,0.05461,1.6805,0.0431,0.3152,0.0133,0.0,0.1369,0.4,0.6,1.0,0.75,0.7,0.7333,0.125,-1.9414,-3.0679,True,0.3333,0.4,0.28,0.0082,infection,False,False,False,False,False
934,Glatiramer acetate,Teriflunomide,1.0783,0.02494,0.03925,1.8585,0.0481,0.4486,0.0197,0.0,0.1071,0.4,0.4,0.6364,0.5,0.4,0.5533,-0.5357,-3.0334,-3.0107,False,1.0,0.3,0.248,0.0059,teratogenicity,False,False,False,False,False
935,Lamotrigine,Masitinib,1.0778,0.06234,0.07553,1.5158,0.0438,0.3488,0.0133,0.0,0.1256,0.3,0.6,1.0,0.75,0.7,0.8667,0.0714,-3.0679,-3.6789,True,0.3333,0.525,0.1729,0.0124,hepatic,False,False,False,False,False
936,Lamotrigine,Orelabrutinib,1.0777,0.04489,0.05938,1.5561,0.0358,0.3451,0.0133,0.0,0.1036,0.4,0.6,1.0,0.75,0.7,1.0,0.1,-3.0679,-2.8405,True,0.3333,0.5,0.1302,0.011,hepatic,False,False,False,False,False
937,Orelabrutinib,Rituximab,1.0777,0.09476,0.10732,1.2709,0.0579,0.508,0.0212,0.0,0.114,0.3,0.4,0.9091,0.5,0.55,0.5533,-0.0714,-2.8405,-2.5884,False,0.3333,0.35,0.2422,0.0324,infection,False,False,False,False,False
938,Hydroxychloroquine,Simvastatin,1.0772,0.11721,0.12793,1.1957,0.0439,0.38,0.0185,0.0,0.1154,0.5,0.8,0.8182,0.5,0.55,0.7333,-0.3095,-3.2153,-1.7856,False,0.3333,0.5,0.1882,0.0,teratogenicity,False,False,False,False,False
939,Orelabrutinib,Secukinumab,1.0771,0.00499,0.01301,1.9735,0.0474,0.4369,0.0224,0.0,0.1086,0.5,0.4,1.0,0.5,0.55,0.6867,0.2,-2.8405,-1.895,True,0.3333,0.475,0.1618,0.0206,infection,False,False,False,False,False
940,Oxcarbazepine,Pioglitazone,1.0771,0.00249,0.00837,2.9597,0.0349,0.3112,0.0099,0.0,0.1122,0.5,0.6,1.0,0.75,0.7,0.8667,0.5238,-0.3516,-2.6661,True,0.3333,0.6,0.2039,0.0069,teratogenicity,False,False,False,False,False
941,Secukinumab,Simvastatin,1.0771,0.00499,0.01301,1.9993,0.0452,0.3805,0.0202,0.0,0.1188,0.6,0.6,1.0,0.5,0.35,0.6867,0.1429,-1.895,-1.7856,True,0.3333,0.475,0.1686,0.0,infection,False,False,False,False,False
942,Alemtuzumab,Simvastatin,1.077,0.02244,0.03628,1.9036,0.0615,0.3373,0.0202,0.0,0.1822,0.6,0.6,1.0,0.5,0.35,0.42,0.0,-3.018,-1.7856,False,0.6667,0.35,0.5451,0.0,autoimmunity,False,False,False,False,False
943,Ofatumumab,Ponesimod,1.077,0.06983,0.08242,1.3506,0.0602,0.5186,0.0201,0.0,0.116,0.3,0.2,1.0,0.0,0.45,0.6867,0.1875,-2.3838,-1.5016,True,1.0,0.225,0.2569,0.0392,infection,False,False,False,False,True
944,Cholecalciferol,Frexalimab,1.0768,0.08229,0.09458,1.3415,0.0526,0.4428,0.0173,0.0,0.1189,0.2,0.4,0.8333,0.5,0.55,0.6867,-0.2292,-2.0037,-2.5456,False,0.6667,0.5,0.0784,0.0,infection,False,False,False,False,True
945,Amiloride,Natalizumab,1.0767,0.02743,0.04221,1.5827,0.0509,0.3624,0.0105,0.0,0.1405,0.3,0.4,1.0,1.0,0.45,0.6867,-0.0625,-2.6837,-3.0541,False,0.3333,0.4,0.2461,0.0,infection,False,False,False,False,False
946,Alpha-lipoic acid,Diroximel fumarate,1.0766,0.00499,0.01301,2.5673,0.0456,0.365,0.015,0.0,0.125,0.5,0.6,0.8571,0.5,0.55,1.0,-0.0714,-1.7729,-1.9273,False,0.3333,0.425,0.1127,0.0,infection,False,False,False,False,False
947,Idebenone,Teriflunomide,1.0766,0.00748,0.01683,2.4335,0.0413,0.324,0.0172,0.0,0.1274,0.5,0.6,1.0,0.75,0.55,0.7333,0.1429,-0.7029,-3.0107,True,0.3333,0.425,0.2425,0.0124,teratogenicity,False,False,False,False,False
948,Elezanumab,Memantine,1.0765,0.02993,0.04463,1.9037,0.0399,0.3927,0.0114,0.0,0.1017,0.2,0.4,0.7778,1.0,0.75,0.82,-0.5179,-2.7183,-2.6276,False,0.3333,0.575,0.0098,0.0,infection,False,False,False,False,False
949,Lamotrigine,Pioglitazone,1.0765,0.00249,0.00837,2.665,0.0383,0.3092,0.0133,0.0,0.1239,0.5,0.6,1.0,0.75,0.7,0.8667,0.0714,-3.0679,-2.6661,True,0.3333,0.575,0.1451,0.0069,cardiac,False,False,False,False,False
950,Fingolimod,Remibrutinib,1.0762,0.01496,0.02705,2.0153,0.0496,0.3479,0.0198,0.0,0.1427,0.5,0.4,1.0,0.5,0.6,0.7333,0.325,-1.9414,-1.7308,True,0.6667,0.35,0.3334,0.0479,infection,False,False,False,False,False
951,Oxcarbazepine,Sirolimus,1.076,0.02244,0.03628,1.8532,0.034,0.3474,0.0099,0.0,0.098,0.3,0.6,1.0,1.0,0.7,0.7333,0.5,-0.3516,-2.0409,True,0.3333,0.575,0.2722,0.0082,infection,False,False,False,False,False
952,Ocrelizumab,Ponesimod,1.0759,0.08728,0.09969,1.3454,0.0641,0.5129,0.0201,0.0,0.1251,0.3,0.2,1.0,0.0,0.45,0.5533,0.1667,-2.7449,-1.5016,True,1.0,0.225,0.2775,0.0471,infection,False,False,False,False,True
953,Cyclophosphamide,Dimethyl fumarate,1.0758,0.00249,0.00837,2.7045,0.0608,0.4045,0.0245,0.0035,0.1503,0.5,0.4,0.9333,0.5,0.55,0.82,-0.1389,-3.0549,-2.3075,False,1.0,0.35,0.4892,0.0627,infection,False,False,False,False,False
954,Bexarotene,Vidofludimus calcium,1.0756,0.00249,0.00837,3.4459,0.0499,0.3533,0.0219,0.0009,0.1411,0.4,0.6,1.0,0.5,0.55,1.0,0.5571,-0.7904,-1.6832,True,0.3333,0.475,0.2234,0.0786,teratogenicity,False,False,False,False,False
955,Diroximel fumarate,Pioglitazone,1.0755,0.00249,0.00837,2.5389,0.0517,0.4432,0.0211,0.0,0.1166,0.5,0.6,0.75,0.5,0.55,0.8667,-0.3571,-1.9273,-2.6661,False,0.3333,0.45,0.2287,0.0086,infection,False,False,False,False,False
956,Firategrast,Methylprednisolone,1.0755,0.00499,0.01301,2.4158,0.0717,0.4618,0.0159,0.0,0.1553,0.4,0.2,0.8333,0.5,0.6,0.82,-0.35,-3.2771,-3.1022,False,0.3333,0.425,0.1745,0.049,infection,False,False,False,False,False
957,Idebenone,Vidofludimus calcium,1.075,0.00499,0.01301,2.6718,0.0391,0.3414,0.0172,0.0,0.1144,0.5,0.6,1.0,0.75,0.55,0.8667,0.1,-0.7029,-1.6832,True,0.3333,0.5,0.1791,0.0072,teratogenicity,False,False,False,False,False
958,Alemtuzumab,Fenebrutinib,1.0748,0.01995,0.0334,1.8311,0.071,0.3755,0.0297,0.0,0.1891,0.4,0.4,1.0,0.5,0.6,0.42,0.0,-3.018,-2.6962,False,0.6667,0.3,0.5275,0.0549,infection,False,False,False,False,False
959,High-dose biotin,Pioglitazone,1.0748,0.00249,0.00837,3.1121,0.0437,0.3214,0.0187,0.0,0.1359,0.5,0.6,0.9167,0.75,0.6,0.8667,0.0,-0.7599,-2.6661,False,0.3333,0.625,0.1245,0.0,cardiac,False,False,False,False,False
960,Laquinimod,Pioglitazone,1.0748,0.00249,0.00837,2.7314,0.0525,0.369,0.0209,0.0,0.1424,0.6,0.8,0.75,0.5,0.55,1.0,-0.3304,-4.2322,-2.6661,False,0.3333,0.55,0.2677,0.0391,cardiac,False,False,False,False,False
961,Hydroxychloroquine,Natalizumab,1.0745,0.01496,0.02705,1.9531,0.0658,0.3826,0.0254,0.0,0.1719,0.4,0.4,1.0,0.5,0.55,0.6867,0.0,-3.2153,-3.0541,False,0.3333,0.375,0.3,0.0,infection,False,False,False,False,False
962,Lamotrigine,Vidofludimus calcium,1.0744,0.01496,0.02705,1.8103,0.0352,0.3228,0.0133,0.0,0.109,0.4,0.6,1.0,0.75,0.7,0.8667,0.325,-3.0679,-1.6832,True,0.3333,0.475,0.1835,0.0096,teratogenicity,False,False,False,False,False
963,Frexalimab,Vidofludimus calcium,1.0743,0.07481,0.08723,1.3799,0.0541,0.4681,0.0188,0.0,0.1155,0.4,0.4,0.8182,0.5,0.4,0.82,-0.2625,-2.5456,-1.6832,False,0.6667,0.4,0.2245,0.0196,infection,False,False,False,False,False
964,Natalizumab-biosimilar,Vidofludimus calcium,1.0739,0.01247,0.02374,1.8068,0.0505,0.4092,0.0219,0.0,0.1235,0.5,0.4,1.0,0.5,0.4,0.82,0.2,-3.1195,-1.6832,True,0.6667,0.35,0.298,0.0441,infection,False,False,False,False,False
965,Epigallocatechin gallate,Ustekinumab,1.0736,0.01247,0.02374,2.3011,0.0519,0.4078,0.0126,0.0,0.1273,0.4,0.6,1.0,0.5,0.45,0.5533,0.0833,-1.555,-1.9172,True,0.3333,0.6,0.1402,0.0,infection,False,False,False,False,False
966,Hydroxychloroquine,Inebilizumab,1.0735,0.04738,0.06178,1.5885,0.0603,0.4357,0.0254,0.0,0.1383,0.3,0.4,1.0,0.5,0.55,0.82,0.2381,-3.2153,-2.8083,True,0.3333,0.45,0.25,0.0,infection,False,False,False,False,False
967,Evobrutinib,Simvastatin,1.0722,0.05985,0.07304,1.5167,0.0395,0.3741,0.0193,0.0,0.1056,0.6,0.6,0.9091,0.5,0.45,1.0,-0.0714,-2.076,-1.7856,False,0.6667,0.425,0.2117,0.0226,hepatic,False,False,False,False,False
968,Bexarotene,Riluzole,1.0718,0.00249,0.00837,3.2448,0.0461,0.3542,0.0181,0.0009,0.1301,0.3,0.4,1.0,0.75,0.65,0.8667,0.5476,-0.7904,-2.6115,True,0.3333,0.525,0.1809,0.024,hepatic,False,False,False,False,False
969,Remibrutinib,Ublituximab,1.0717,0.17706,0.18669,0.9813,0.0564,0.5685,0.0173,0.0,0.0993,0.2,0.2,0.8,0.5,0.5,0.6867,-0.3429,-1.7308,-2.5884,False,0.6667,0.35,0.2333,0.0294,infection,False,False,False,False,True
970,Evobrutinib,Natalizumab,1.0716,0.00748,0.01683,2.0319,0.0606,0.4003,0.0202,0.0,0.1513,0.5,0.2,1.0,0.5,0.45,0.6867,0.1,-2.076,-3.0541,True,0.6667,0.3,0.2931,0.0529,infection,False,False,False,False,False
971,Ofatumumab,Remibrutinib,1.0712,0.1197,0.13023,1.1238,0.0574,0.5517,0.0173,0.0,0.1041,0.2,0.2,0.8182,0.5,0.5,0.6867,-0.325,-2.3838,-1.7308,False,0.6667,0.325,0.2333,0.0294,infection,False,False,False,False,True
972,Bexarotene,Cholecalciferol,1.071,0.00249,0.00837,4.2869,0.0479,0.3319,0.0199,0.0009,0.1444,0.3,0.6,1.0,0.5,0.55,0.8667,0.5238,-0.7904,-2.0037,True,0.3333,0.575,0.1363,0.0,teratogenicity,False,False,False,False,False
973,Glatiramer acetate,Nicotinamide riboside,1.0708,0.00249,0.00837,3.0306,0.0438,0.3347,0.0154,0.0,0.1308,0.4,0.6,1.0,0.5,0.5,0.82,0.025,-3.0334,-0.7234,True,0.3333,0.5,0.0196,0.0,infection,False,False,False,False,True
974,Hydroxychloroquine,Nicotinamide riboside,1.0708,0.00748,0.01683,2.2901,0.0408,0.3486,0.0154,0.0,0.117,0.4,0.8,1.0,0.5,0.55,0.7333,-0.0167,-3.2153,-0.7234,False,0.3333,0.6,0.0882,0.0,ocular,False,False,False,False,False
975,Methylprednisolone,Tocilizumab,1.0708,0.01247,0.02374,2.0256,0.0815,0.4684,0.0258,0.0,0.1741,0.3,0.2,0.7692,0.5,0.6,0.5067,-0.4,-3.1022,-1.8119,False,0.3333,0.375,0.2392,0.0588,infection,False,False,False,False,False
976,Frexalimab,Orelabrutinib,1.0707,0.06234,0.07553,1.3444,0.0577,0.3986,0.0224,0.0,0.1449,0.4,0.4,1.0,0.5,0.55,0.6867,0.0,-2.5456,-2.8405,False,0.3333,0.425,0.1686,0.0235,infection,False,False,False,False,False
977,Lamotrigine,Ponesimod,1.0707,0.04489,0.05938,1.5248,0.0334,0.3541,0.0133,0.0,0.0943,0.3,0.4,1.0,1.0,0.7,1.0,0.25,-3.0679,-1.5016,True,0.3333,0.4,0.1745,0.0069,infection,False,False,False,False,False
978,Metformin,Phenytoin,1.0706,0.00998,0.02038,2.5242,0.0392,0.3246,0.0119,0.0,0.1207,0.4,0.6,1.0,0.75,0.7,0.8667,-0.1111,-1.6488,-2.5343,False,0.3333,0.525,0.1416,0.0055,teratogenicity,False,False,False,False,False
979,Phenytoin,Temelimab,1.0706,0.00249,0.00837,2.3136,0.0422,0.305,0.0119,0.0,0.1384,0.4,0.6,1.0,0.75,0.7,0.82,-0.1042,-2.5343,-2.4721,False,0.3333,0.575,0.1529,0.0,teratogenicity,False,False,False,False,False
980,High-dose biotin,Idebenone,1.07,0.00249,0.00837,3.0477,0.0338,0.3664,0.0138,0.0,0.0921,0.4,0.6,0.6667,1.0,0.6,1.0,-0.5833,-0.7599,-0.7029,False,0.3333,0.625,0.0206,0.0,hepatic,False,False,False,False,False
981,Diroximel fumarate,Secukinumab,1.0698,0.01496,0.02705,2.3801,0.0514,0.4632,0.0208,0.0,0.111,0.4,0.4,0.9091,0.5,0.55,0.6867,-0.125,-1.9273,-1.895,False,0.3333,0.4,0.1539,0.0275,infection,False,False,False,False,False
982,Metformin,Simvastatin,1.0698,0.01247,0.02374,2.2449,0.0469,0.3237,0.0196,0.0,0.1448,0.6,0.6,0.9333,0.5,0.4,1.0,-0.127,-1.6488,-1.7856,False,0.3333,0.475,0.1096,0.0041,teratogenicity,False,False,False,False,False
983,Amiloride,Fenebrutinib,1.0695,0.03242,0.04712,1.6902,0.0403,0.3435,0.0105,0.0,0.1173,0.4,0.6,1.0,0.75,0.6,1.0,-0.125,-2.6837,-2.6962,False,0.3333,0.475,0.1716,0.0,infection,False,False,False,False,False
984,Daclizumab,Methylprednisolone,1.0695,0.00748,0.01683,2.0431,0.0709,0.459,0.0151,0.0019,0.1544,0.3,0.2,0.8333,0.5,0.6,0.6867,-0.35,-2.1815,-3.1022,False,1.0,0.325,0.4559,0.0392,autoimmunity,False,False,False,False,False
985,Idebenone,Memantine,1.069,0.01496,0.02705,1.9347,0.0297,0.4024,0.0125,0.0,0.0739,0.3,0.4,0.8889,1.0,0.75,0.8667,-0.25,-0.7029,-2.6276,False,0.3333,0.575,0.0206,0.0,hepatic,False,False,False,False,False
986,Idebenone,Methotrexate,1.069,0.00249,0.00837,3.2899,0.0365,0.3055,0.0172,0.0,0.1194,0.5,0.6,1.0,1.0,0.55,1.0,0.2833,-0.7029,-2.3127,True,0.3333,0.55,0.2818,0.0124,infection,False,False,False,False,False
987,Diroximel fumarate,Tocilizumab,1.0687,0.00748,0.01683,2.2814,0.0634,0.4906,0.028,0.0,0.1291,0.3,0.4,0.8333,0.5,0.55,0.6867,-0.3095,-1.9273,-1.8119,False,0.3333,0.375,0.2245,0.0608,infection,False,False,False,False,False
988,Epigallocatechin gallate,Frexalimab,1.0686,0.01247,0.02374,2.0136,0.0479,0.3626,0.0126,0.0,0.1322,0.5,0.6,1.0,0.5,0.45,0.6867,0.1458,-1.555,-2.5456,True,0.3333,0.575,0.1402,0.0,infection,False,False,False,False,False
989,Cyclophosphamide,Tolebrutinib,1.0684,0.01247,0.02374,1.9275,0.068,0.3933,0.0253,0.0035,0.173,0.5,0.4,0.9333,0.5,0.8,0.82,-0.1333,-3.0549,-3.3227,False,0.6667,0.4,0.5422,0.0549,infection,False,False,False,False,False
990,Epigallocatechin gallate,Fingolimod,1.0684,0.00249,0.00837,2.3499,0.0424,0.3064,0.0126,0.0,0.1385,0.6,0.8,1.0,0.5,0.6,0.7333,0.1458,-1.555,-1.9414,True,0.3333,0.5,0.304,0.0185,infection,False,False,False,False,False
991,Glatiramer acetate,Ofatumumab,1.0684,0.01247,0.02374,2.2171,0.0685,0.4483,0.0284,0.0,0.1528,0.4,0.2,1.0,0.0,0.05,0.6867,0.1875,-3.0334,-2.3838,True,1.0,0.275,0.152,0.0098,infection,False,False,False,False,True
992,Glatiramer acetate,Phenytoin,1.0683,0.01746,0.03019,2.3904,0.0403,0.3203,0.0119,0.0,0.1259,0.3,0.4,1.0,1.0,0.7,0.6867,-0.1042,-3.0334,-2.5343,False,0.3333,0.45,0.1529,0.0,teratogenicity,False,False,False,False,False
993,Bexarotene,Natalizumab-biosimilar,1.0679,0.00249,0.00837,2.9932,0.0567,0.417,0.028,0.0009,0.1359,0.4,0.4,1.0,0.5,0.55,0.82,0.4143,-0.7904,-3.1195,True,0.3333,0.425,0.3127,0.0,infection,False,False,False,False,False
994,Cyclophosphamide,Idebenone,1.0677,0.00249,0.00837,2.8528,0.0435,0.3423,0.0172,0.0035,0.1269,0.5,0.6,1.0,1.0,0.55,0.82,0.4167,-3.0549,-0.7029,True,0.3333,0.525,0.4529,0.0,infection,False,False,False,False,False
995,Elezanumab,Nicotinamide riboside,1.0677,0.00249,0.00837,3.2686,0.0428,0.3617,0.0143,0.0,0.1184,0.3,0.6,0.9091,0.75,0.5,0.6867,-0.2714,-2.7183,-0.7234,False,0.3333,0.625,0.0098,0.0,infection,False,False,False,False,False
996,Amiloride,Interferon beta-1a,1.0676,0.00998,0.02038,2.3716,0.0445,0.2828,0.0105,0.0031,0.1575,0.4,0.4,1.0,1.0,0.45,0.82,-0.0694,-2.6837,-3.5867,False,0.3333,0.45,0.1324,0.0,hepatic,False,False,False,False,False
997,Alemtuzumab,Alpha-lipoic acid,1.0673,0.00249,0.00837,2.5612,0.0586,0.3459,0.0173,0.0,0.1695,0.5,0.6,1.0,0.5,0.5,0.42,0.2714,-3.018,-1.7729,True,0.3333,0.4,0.4451,0.0,autoimmunity,False,False,False,False,False
998,Firategrast,Lamotrigine,1.0673,0.02494,0.03925,1.7334,0.0325,0.3529,0.0133,0.0,0.0921,0.3,0.4,1.0,1.0,0.7,1.0,0.375,-3.2771,-3.0679,True,0.3333,0.55,0.1255,0.0,infection,False,False,False,False,False
999,Glatiramer acetate,Orelabrutinib,1.0673,0.00748,0.01683,2.4806,0.0508,0.3496,0.0224,0.0,0.1454,0.5,0.4,1.0,0.5,0.55,0.82,0.0,-3.0334,-2.8405,False,0.3333,0.4,0.1275,0.0059,infection,False,False,False,False,False
1000,Ozanimod,Pioglitazone,1.0673,0.00249,0.00837,2.4933,0.0467,0.3524,0.0218,0.0,0.1326,0.6,0.6,1.0,0.5,0.5,0.8667,0.2429,-1.8533,-2.6661,True,0.3333,0.425,0.286,0.0268,cardiac,False,False,False,False,False
1001,Natalizumab,Ofatumumab,1.0671,0.02494,0.03925,1.8079,0.0805,0.4858,0.0401,0.0,0.1657,0.3,0.2,1.0,0.0,0.05,0.82,0.25,-3.0541,-2.3838,True,1.0,0.2,0.2657,0.0882,infection,False,False,False,False,True
1002,Glatiramer acetate,Ocrelizumab,1.0667,0.01496,0.02705,2.0969,0.0725,0.4478,0.0284,0.0,0.1618,0.4,0.2,1.0,0.0,0.05,0.5533,0.1111,-3.0334,-2.7449,True,1.0,0.275,0.1784,0.0118,infection,False,False,False,False,True
1003,Laquinimod,Sirolimus,1.0665,0.00748,0.01683,2.2805,0.054,0.3655,0.0223,0.0,0.1477,0.5,0.8,0.9231,0.5,0.55,0.8667,-0.0625,-4.2322,-2.0409,False,0.3333,0.525,0.3559,0.0206,infection,False,False,False,False,False
1004,Evobrutinib,Memantine,1.0661,0.04239,0.05693,1.4615,0.0337,0.3686,0.0135,0.0,0.0914,0.4,0.4,1.0,0.75,0.75,0.8667,0.325,-2.076,-2.6276,True,0.3333,0.475,0.1343,0.0,hepatic,False,False,False,False,False
1005,Firategrast,Laquinimod,1.066,0.00499,0.01301,2.8515,0.0508,0.346,0.0192,0.0,0.1469,0.6,0.6,1.0,0.5,0.55,0.8667,0.0625,-3.2771,-4.2322,True,0.3333,0.525,0.2804,0.0,infection,False,False,False,False,False
1006,Metformin,Ponesimod,1.0653,0.00998,0.02038,2.4242,0.0461,0.4043,0.0189,0.0,0.1141,0.4,0.6,0.9167,0.5,0.45,1.0,0.0417,-1.6488,-1.5016,True,0.3333,0.375,0.1642,0.0034,infection,False,False,False,False,False
1007,Nicotinamide riboside,Ozanimod,1.0651,0.00249,0.00837,2.5027,0.0371,0.38,0.0154,0.0,0.0978,0.4,0.6,1.0,0.5,0.5,0.7333,0.6,-0.7234,-1.8533,True,0.3333,0.45,0.1882,0.0,infection,False,False,False,False,False
1008,Nicotinamide riboside,Ponesimod,1.0649,0.00249,0.00837,2.581,0.0355,0.377,0.0154,0.0,0.094,0.4,0.6,1.0,0.5,0.5,1.0,0.575,-0.7234,-1.5016,True,0.3333,0.45,0.1539,0.0,infection,False,False,False,False,False
1009,Glatiramer acetate,Ublituximab,1.0648,0.00499,0.01301,2.2163,0.0676,0.4565,0.0284,0.0,0.148,0.4,0.2,1.0,0.0,0.05,0.6867,0.2054,-3.0334,-2.5884,True,1.0,0.3,0.152,0.0098,infection,False,False,False,False,True
1010,Methylprednisolone,Mitoxantrone,1.0648,0.00249,0.00837,2.4542,0.0715,0.4008,0.0158,0.0035,0.1785,0.5,0.2,0.8571,0.5,0.6,0.3733,-0.2667,-3.1022,-3.0195,False,1.0,0.325,0.5027,0.0835,infection,False,False,False,False,False
1011,Frexalimab,Teriflunomide,1.0647,0.10973,0.12088,1.3083,0.0565,0.4396,0.0212,0.0,0.1286,0.4,0.4,0.8462,0.5,0.4,0.6867,-0.2054,-2.5456,-3.0107,False,0.6667,0.325,0.2892,0.0235,infection,False,False,False,False,False
1012,Cholecalciferol,Diroximel fumarate,1.0646,0.01995,0.0334,2.2755,0.0491,0.3809,0.0185,0.0,0.129,0.3,0.4,0.9231,0.5,0.55,0.7333,-0.1548,-2.0037,-1.9273,False,0.6667,0.45,0.1127,0.0,infection,False,False,False,False,True
1013,Hydroxychloroquine,Tolebrutinib,1.0646,0.12968,0.14041,1.1175,0.0606,0.5226,0.0178,0.0,0.1159,0.3,0.4,0.5455,0.5,0.8,0.7333,-0.6167,-3.2153,-3.3227,False,0.3333,0.45,0.2529,0.0,hepatic,False,False,False,False,False
1014,Oxcarbazepine,Vidofludimus calcium,1.0646,0.01247,0.02374,1.9244,0.0318,0.3268,0.0099,0.0,0.0973,0.4,0.6,1.0,0.75,0.7,0.8667,0.6333,-0.3516,-1.6832,True,0.3333,0.5,0.2012,0.0508,teratogenicity,False,False,False,False,False
1015,Azathioprine,Elezanumab,1.0644,0.00249,0.00837,3.6382,0.0459,0.299,0.0174,0.0,0.1536,0.4,0.6,1.0,1.0,0.25,0.6867,0.4143,-1.9886,-2.7183,True,0.3333,0.525,0.324,0.0054,infection,False,False,False,False,False
1016,Inebilizumab,Masitinib,1.0641,0.06983,0.08242,1.4073,0.0654,0.4456,0.0305,0.0,0.1467,0.3,0.4,1.0,0.5,0.5,0.6867,0.1429,-2.8083,-3.6789,True,0.3333,0.425,0.2784,0.0412,infection,False,False,False,False,False
1017,Interferon beta-1a,Orelabrutinib,1.0638,0.00249,0.00837,2.5433,0.0564,0.3219,0.0224,0.0031,0.1753,0.5,0.4,1.0,0.5,0.55,0.82,0.0,-3.5867,-2.8405,False,0.3333,0.375,0.1755,0.0363,hepatic,False,False,False,False,False
1018,Fingolimod,Vidofludimus calcium,1.0636,0.05985,0.07304,1.5136,0.048,0.3939,0.0182,0.0,0.1218,0.5,0.6,0.8182,0.5,0.6,0.8667,-0.2,-1.9414,-1.6832,False,0.6667,0.325,0.3875,0.0389,infection,False,False,False,False,False
1019,Hydroxychloroquine,Oxcarbazepine,1.0636,0.00499,0.01301,2.0795,0.0353,0.3347,0.0099,0.0,0.1055,0.3,0.6,1.0,0.75,0.7,0.7333,0.5,-3.2153,-0.3516,True,0.3333,0.575,0.1745,0.0,teratogenicity,False,False,False,False,False
1020,Fingolimod,Oxcarbazepine,1.0635,0.01496,0.02705,1.8365,0.0397,0.3176,0.0099,0.0,0.1252,0.4,0.6,1.0,0.75,0.7,0.7333,0.4167,-1.9414,-0.3516,True,0.3333,0.425,0.3388,0.0082,infection,False,False,False,False,False
1021,Cholecalciferol,Memantine,1.0634,0.04988,0.06409,1.6162,0.0334,0.3124,0.0135,0.0,0.1071,0.2,0.6,1.0,0.75,0.75,0.8667,0.2083,-2.0037,-2.6276,True,0.3333,0.575,0.0,0.0,,False,False,False,False,True
1022,Laquinimod,Secukinumab,1.0632,0.00748,0.01683,2.3639,0.0521,0.394,0.0205,0.0,0.1323,0.5,0.6,0.9091,0.5,0.55,0.82,-0.125,-4.2322,-1.895,False,0.3333,0.5,0.251,0.0,infection,False,False,False,False,False
1023,Bexarotene,Clemastine,1.0628,0.00249,0.00837,3.9917,0.0633,0.5184,0.0156,0.0009,0.1222,0.2,0.2,0.5455,0.75,0.75,0.8667,-0.6349,-0.7904,-0.7049,False,0.3333,0.525,0.1461,0.0,teratogenicity,False,False,False,False,True
1024,Interferon beta-1a,Ocrelizumab,1.0628,0.01247,0.02374,2.1647,0.0781,0.4072,0.034,0.0031,0.1917,0.4,0.2,1.0,0.0,0.1,0.5533,0.1667,-3.5867,-2.7449,True,1.0,0.25,0.251,0.0176,infection,False,False,False,False,False
1025,Bexarotene,Hydroxychloroquine,1.0627,0.00249,0.00837,3.1491,0.0534,0.3575,0.0254,0.0009,0.1493,0.4,0.6,1.0,0.5,0.55,0.8667,0.1548,-0.7904,-3.2153,True,0.3333,0.55,0.2245,0.0,teratogenicity,False,False,False,False,False
1026,Alemtuzumab,Nicotinamide riboside,1.0626,0.00249,0.00837,3.0172,0.0567,0.3599,0.0154,0.0,0.1575,0.4,0.6,1.0,0.5,0.5,0.42,0.6,-3.018,-0.7234,True,0.3333,0.45,0.4451,0.0,autoimmunity,False,False,False,False,False
1027,Diroximel fumarate,Vidofludimus calcium,1.0625,0.02244,0.03628,2.0186,0.0501,0.4363,0.0195,0.0,0.1149,0.4,0.4,0.8182,0.5,0.55,0.8667,-0.3429,-1.9273,-1.6832,False,0.6667,0.35,0.2468,0.0316,infection,False,False,False,False,False
1028,Elezanumab,Riluzole,1.0623,0.02993,0.04463,1.9174,0.0441,0.3813,0.0156,0.0,0.1156,0.2,0.4,0.8182,1.0,0.65,0.6867,-0.3095,-2.7183,-2.6115,False,0.3333,0.55,0.0784,0.0,hepatic,False,False,False,False,False
1029,Elezanumab,Methotrexate,1.0622,0.00249,0.00837,3.7215,0.0478,0.3008,0.0193,0.0,0.1589,0.4,0.6,1.0,1.0,0.2,0.6867,0.2429,-2.7183,-2.3127,True,0.3333,0.55,0.2784,0.0049,infection,False,False,False,False,False
1030,Fenebrutinib,Pioglitazone,1.0621,0.01746,0.03019,1.9459,0.0498,0.4817,0.0201,0.0,0.1034,0.5,0.6,0.6,0.5,0.6,0.8667,-0.4286,-2.6962,-2.6661,False,0.3333,0.475,0.2446,0.0172,hepatic,False,False,False,False,False
1031,Inebilizumab,Orelabrutinib,1.0619,0.10474,0.11653,1.3634,0.0573,0.4596,0.0224,0.0,0.1247,0.3,0.4,1.0,0.5,0.55,0.5533,0.1,-2.8083,-2.8405,True,0.3333,0.4,0.2402,0.0353,infection,False,False,False,False,False
1032,Lamotrigine,Teriflunomide,1.0619,0.0399,0.05461,1.5304,0.0374,0.3066,0.0133,0.0,0.122,0.4,0.6,1.0,0.75,0.7,0.7333,0.2143,-3.0679,-3.0107,True,0.3333,0.4,0.2453,0.0165,hepatic,False,False,False,False,False
1033,Bexarotene,Memantine,1.0613,0.00499,0.01301,2.887,0.0415,0.3574,0.0135,0.0009,0.1162,0.3,0.4,1.0,0.75,0.75,1.0,0.3393,-0.7904,-2.6276,True,0.3333,0.55,0.1363,0.0,teratogenicity,False,False,False,False,False
1034,Epigallocatechin gallate,Natalizumab,1.0613,0.00998,0.02038,2.3835,0.053,0.3641,0.0126,0.0,0.1456,0.5,0.6,1.0,0.5,0.45,0.6867,0.0833,-1.555,-3.0541,True,0.3333,0.475,0.2735,0.0,infection,False,False,False,False,False
1035,Interferon beta-1a,Ofatumumab,1.0613,0.02244,0.03628,1.9634,0.0741,0.4056,0.034,0.0031,0.1827,0.4,0.2,1.0,0.0,0.1,0.6867,0.2361,-3.5867,-2.3838,True,1.0,0.25,0.2255,0.0147,infection,False,False,False,False,False
1036,Cholecalciferol,Natalizumab-biosimilar,1.0607,0.01746,0.03019,1.8926,0.0486,0.3833,0.0199,0.0,0.1268,0.3,0.4,1.0,0.5,0.55,0.6867,0.0833,-2.0037,-3.1195,True,0.6667,0.45,0.1765,0.0,infection,False,False,False,False,False
1037,Cholecalciferol,Riluzole,1.0605,0.0399,0.05461,1.734,0.038,0.3142,0.0181,0.0,0.121,0.2,0.6,1.0,0.75,0.65,0.7333,0.25,-2.0037,-2.6115,True,0.3333,0.55,0.0686,0.0,hepatic,False,False,False,False,False
1038,Alpha-lipoic acid,Remibrutinib,1.0601,0.00249,0.00837,2.6714,0.0372,0.3477,0.0173,0.0,0.107,0.5,0.6,1.0,0.5,0.5,1.0,0.3714,-1.7729,-1.7308,True,0.3333,0.5,0.1206,0.0,hepatic,False,False,False,False,False
1039,Alemtuzumab,Fingolimod,1.06,0.06484,0.0779,1.5303,0.0671,0.3937,0.0259,0.0,0.1705,0.4,0.4,0.875,0.5,0.6,0.6867,-0.1625,-3.018,-1.9414,False,1.0,0.25,0.6027,0.1031,infection,False,False,False,False,False
1040,Alpha-lipoic acid,Ozanimod,1.06,0.00748,0.01683,2.3012,0.0391,0.3561,0.0173,0.0,0.1098,0.5,0.6,1.0,0.5,0.5,0.7333,0.2714,-1.7729,-1.8533,True,0.3333,0.4,0.1882,0.0,infection,False,False,False,False,False
1041,Azathioprine,Dimethyl fumarate,1.06,0.00998,0.02038,2.6566,0.0525,0.3816,0.0162,0.0,0.1374,0.4,0.4,0.9286,0.5,0.55,1.0,-0.1,-1.9886,-2.3075,False,1.0,0.35,0.3796,0.0596,infection,False,False,False,False,False
1042,Remibrutinib,Simvastatin,1.06,0.10723,0.11865,1.182,0.0386,0.4132,0.0184,0.0,0.0934,0.5,0.6,0.8,0.5,0.5,1.0,-0.2429,-1.7308,-1.7856,False,0.6667,0.45,0.2021,0.0185,hepatic,False,False,False,False,False
1043,Interferon beta-1b,Nicotinamide riboside,1.0596,0.00249,0.00837,3.1106,0.0457,0.305,0.0154,0.0029,0.1499,0.4,0.6,1.0,0.5,0.5,0.82,0.1875,-3.2696,-0.7234,True,0.3333,0.475,0.098,0.0,hepatic,False,False,False,False,False
1044,Temelimab,Tocilizumab,1.0596,0.00249,0.00837,2.2563,0.065,0.3902,0.0297,0.0,0.1667,0.4,0.6,0.9231,0.5,0.15,0.64,-0.0208,-2.4721,-1.8119,False,0.3333,0.525,0.1804,0.0118,infection,False,False,False,False,False
1045,Pioglitazone,Tocilizumab,1.0595,0.00748,0.01683,2.3693,0.0596,0.4056,0.0243,0.0,0.147,0.5,0.6,0.9167,0.5,0.4,0.82,-0.0833,-2.6661,-1.8119,False,0.3333,0.525,0.2833,0.0137,infection,False,False,False,False,False
1046,Frexalimab,Ozanimod,1.0584,0.08479,0.09723,1.2654,0.0543,0.5192,0.019,0.0,0.1046,0.3,0.2,0.8182,0.5,0.5,0.6867,-0.1625,-2.5456,-1.8533,False,0.6667,0.325,0.2353,0.0314,infection,False,False,False,False,True
1047,Remibrutinib,Temelimab,1.0581,0.00748,0.01683,2.167,0.0495,0.3572,0.0193,0.0,0.1387,0.4,0.6,0.9167,0.5,0.5,0.6867,0.125,-1.7308,-2.4721,True,0.3333,0.525,0.1343,0.0059,infection,False,False,False,False,False
1048,Natalizumab,Remibrutinib,1.058,0.01746,0.03019,1.8343,0.0602,0.402,0.0198,0.0,0.1498,0.4,0.2,1.0,0.5,0.5,0.6867,0.1,-3.0541,-1.7308,True,0.6667,0.325,0.2794,0.0529,infection,False,False,False,False,False
1049,Natalizumab,Ublituximab,1.0577,0.03242,0.04712,1.6884,0.0796,0.4945,0.0392,0.0,0.1609,0.3,0.2,1.0,0.0,0.05,0.64,0.2054,-3.0541,-2.5884,True,1.0,0.225,0.2657,0.0882,infection,False,False,False,False,True
1050,Cladribine,Natalizumab,1.0574,0.02244,0.03628,1.8748,0.0673,0.3761,0.0269,0.0,0.1789,0.4,0.2,1.0,0.5,0.3,0.5533,0.0,-2.961,-3.0541,False,1.0,0.25,0.3824,0.1059,infection,False,False,False,False,False
1051,Alemtuzumab,Temelimab,1.0573,0.00249,0.00837,2.8407,0.0716,0.3376,0.0303,0.0,0.212,0.5,0.6,1.0,0.5,0.15,0.3733,0.125,-3.018,-2.4721,True,0.3333,0.425,0.449,0.0157,infection,False,False,False,False,False
1052,Amiloride,High-dose biotin,1.0573,0.00249,0.00837,3.1799,0.0305,0.2853,0.0105,0.0,0.1069,0.3,0.6,1.0,1.0,0.6,1.0,0.1667,-2.6837,-0.7599,True,0.3333,0.625,0.0343,0.0,cardiac,False,False,False,False,False
1053,Alpha-lipoic acid,Pioglitazone,1.0568,0.00249,0.00837,3.0921,0.0423,0.3119,0.0173,0.0,0.1357,0.6,0.6,1.0,0.5,0.5,0.8667,0.1429,-1.7729,-2.6661,True,0.3333,0.575,0.1245,0.0,cardiac,False,False,False,False,False
1054,Cladribine,Metformin,1.0567,0.00249,0.00837,2.743,0.0541,0.3367,0.0269,0.0,0.1608,0.4,0.6,1.0,0.5,0.4,0.6,0.2222,-2.961,-1.6488,True,0.3333,0.4,0.2902,0.0,infection,False,False,False,False,False
1055,Mycophenolate mofetil,Siponimod,1.0566,0.00748,0.01683,2.3736,0.0577,0.3385,0.0193,0.0,0.1706,0.6,0.6,0.9286,0.5,0.65,0.8667,0.0,-2.0615,-2.5366,False,0.3333,0.375,0.4384,0.0576,infection,False,False,False,False,False
1056,Cladribine,Fenebrutinib,1.0562,0.03242,0.04712,1.5843,0.0566,0.3639,0.0269,0.0,0.1556,0.4,0.4,1.0,0.5,0.6,0.6,0.0,-2.961,-2.6962,False,0.6667,0.325,0.3725,0.0412,infection,False,False,False,False,False
1057,Memantine,Ozanimod,1.0562,0.11721,0.12793,1.1548,0.0353,0.3801,0.0135,0.0,0.0928,0.3,0.4,1.0,0.75,0.75,0.8667,0.325,-2.6276,-1.8533,True,0.3333,0.4,0.1882,0.0,infection,False,False,False,False,False
1058,Bexarotene,Sirolimus,1.0561,0.00249,0.00837,3.456,0.0521,0.3675,0.0241,0.0009,0.1418,0.3,0.6,1.0,0.5,0.55,0.8667,0.6905,-0.7904,-2.0409,True,0.3333,0.55,0.316,0.0144,infection,False,False,False,False,False
1059,Idebenone,Pioglitazone,1.0561,0.00499,0.01301,2.7419,0.0409,0.3402,0.0159,0.0,0.1202,0.5,0.6,0.9167,0.75,0.55,0.8667,-0.0119,-0.7029,-2.6661,False,0.3333,0.6,0.14,0.0051,cardiac,False,False,False,False,False
1060,Cladribine,Temelimab,1.056,0.00249,0.00837,2.7218,0.0572,0.3203,0.0269,0.0,0.1785,0.5,0.6,1.0,0.5,0.3,0.5533,0.125,-2.961,-2.4721,True,0.3333,0.45,0.2843,0.0118,infection,False,False,False,False,False
1061,Cladribine,Fingolimod,1.0559,0.04489,0.05938,1.6149,0.0553,0.3598,0.0255,0.0,0.1538,0.4,0.4,0.9286,0.5,0.6,0.8667,-0.0089,-2.961,-1.9414,False,1.0,0.275,0.4784,0.0588,infection,False,False,False,False,False
1062,Hydroxychloroquine,Lamotrigine,1.0558,0.04738,0.06178,1.414,0.0387,0.3302,0.0133,0.0,0.1172,0.3,0.6,1.0,0.75,0.7,0.7333,0.0,-3.2153,-3.0679,False,0.3333,0.55,0.1157,0.0,ocular,False,False,False,False,False
1063,Interferon beta-1a,Ublituximab,1.0549,0.00998,0.02038,2.1389,0.0732,0.4113,0.034,0.0031,0.1779,0.4,0.2,1.0,0.0,0.1,0.6867,0.254,-3.5867,-2.5884,True,1.0,0.275,0.2255,0.0147,infection,False,False,False,False,False
1064,Methotrexate,Methylprednisolone,1.0544,0.01247,0.02374,2.1549,0.0678,0.4616,0.0121,0.0,0.147,0.3,0.2,0.6364,0.5,0.6,0.82,-0.6,-2.3127,-3.1022,False,1.0,0.4,0.35,0.049,infection,False,False,False,False,False
1065,Alpha-lipoic acid,Ponesimod,1.0543,0.01247,0.02374,2.4642,0.0374,0.3526,0.0173,0.0,0.1061,0.5,0.6,1.0,0.5,0.5,1.0,0.1964,-1.7729,-1.5016,True,0.3333,0.4,0.1539,0.0,infection,False,False,False,False,False
1066,Azathioprine,Tolebrutinib,1.0542,0.02743,0.04221,1.7034,0.0596,0.3723,0.0169,0.0,0.1602,0.4,0.4,0.9286,0.5,0.8,1.0,-0.15,-1.9886,-3.3227,False,0.6667,0.4,0.4081,0.0762,infection,False,False,False,False,False
1067,Evobrutinib,Rituximab,1.0542,0.11222,0.12336,1.2267,0.0546,0.542,0.0178,0.0,0.1007,0.3,0.2,0.8,0.5,0.45,0.5533,-0.2429,-2.076,-2.5884,False,0.6667,0.325,0.2627,0.0324,infection,False,False,False,False,False
1068,Ozanimod,Riluzole,1.0541,0.05486,0.06865,1.5294,0.0399,0.3733,0.0181,0.0,0.1067,0.3,0.4,1.0,0.75,0.65,0.7333,0.45,-1.8533,-2.6115,True,0.3333,0.375,0.2363,0.0206,hepatic,False,False,False,False,False
1069,Natalizumab-biosimilar,Orelabrutinib,1.0539,0.02244,0.03628,1.766,0.0511,0.4327,0.0224,0.0,0.1181,0.5,0.4,1.0,0.5,0.55,0.6867,0.0,-3.1195,-2.8405,False,0.3333,0.375,0.2373,0.0529,infection,False,False,False,False,False
1070,Bexarotene,Opicinumab,1.0538,0.00249,0.00837,3.4277,0.0663,0.5195,0.0166,0.0009,0.1276,0.3,0.2,0.5455,0.75,0.55,0.82,-0.6349,-0.7904,-0.7473,False,0.3333,0.575,0.1461,0.0,teratogenicity,False,False,False,False,False
1071,Fingolimod,Ustekinumab,1.0536,0.04489,0.05938,1.6275,0.0645,0.4662,0.0253,0.0,0.1384,0.3,0.4,0.8333,0.5,0.6,0.82,-0.2292,-1.9414,-1.9172,False,0.3333,0.35,0.3,0.0392,infection,False,False,False,False,False
1072,Natalizumab-biosimilar,Teriflunomide,1.0533,0.0399,0.05461,1.5852,0.0528,0.3865,0.0241,0.0,0.1365,0.5,0.4,1.0,0.5,0.4,0.6867,0.0714,-3.1195,-3.0107,True,0.6667,0.275,0.3578,0.0529,infection,False,False,False,False,False
1073,Firategrast,Temelimab,1.0532,0.00249,0.00837,2.6072,0.0495,0.3379,0.0192,0.0,0.1464,0.5,0.6,1.0,0.5,0.3,0.6867,0.125,-3.2771,-2.4721,True,0.3333,0.575,0.1078,0.0098,infection,False,False,False,False,False
1074,Interferon beta-1b,Orelabrutinib,1.0532,0.00249,0.00837,2.6029,0.0528,0.3208,0.0224,0.0029,0.1645,0.5,0.4,1.0,0.5,0.55,0.82,0.1,-3.2696,-2.8405,True,0.3333,0.375,0.1755,0.0363,hepatic,False,False,False,False,False
1075,Simvastatin,Tocilizumab,1.0532,0.04239,0.05693,1.5914,0.055,0.4012,0.0197,0.0,0.137,0.5,0.6,0.9167,0.5,0.35,0.6867,-0.1548,-1.7856,-1.8119,False,0.3333,0.45,0.2561,0.0165,infection,False,False,False,False,False
1076,Metformin,Pioglitazone,1.0528,0.00748,0.01683,2.5946,0.0497,0.3371,0.0224,0.0,0.1474,0.6,0.6,0.8571,0.5,0.4,0.8667,-0.254,-1.6488,-2.6661,False,0.3333,0.55,0.1348,0.0034,cardiac,False,False,False,False,False
1077,Amiloride,Tocilizumab,1.0526,0.01995,0.0334,1.8612,0.0458,0.3828,0.0105,0.0,0.1198,0.3,0.4,1.0,1.0,0.45,0.6867,0.0417,-2.6837,-1.8119,True,0.3333,0.525,0.2069,0.0,infection,False,False,False,False,False
1078,Cladribine,Simvastatin,1.0526,0.0399,0.05461,1.5997,0.0471,0.3165,0.0202,0.0,0.1487,0.6,0.6,1.0,0.5,0.35,0.6,0.0,-2.961,-1.7856,False,0.6667,0.375,0.3235,0.0529,infection,False,False,False,False,False
1079,Alemtuzumab,Pioglitazone,1.0523,0.00249,0.00837,2.9484,0.0662,0.3445,0.025,0.0,0.1923,0.6,0.6,1.0,0.5,0.4,0.5533,0.1429,-3.018,-2.6661,True,0.3333,0.425,0.5355,0.0341,autoimmunity,False,False,False,False,False
1080,Masitinib,Ozanimod,1.0523,0.05237,0.06657,1.5251,0.0522,0.3889,0.0218,0.0,0.1343,0.4,0.4,1.0,0.5,0.5,0.8667,0.1,-3.6789,-1.8533,True,0.6667,0.375,0.2919,0.0542,infection,False,False,False,False,False
1081,Amiloride,Temelimab,1.0522,0.00748,0.01683,2.3616,0.0408,0.2914,0.0105,0.0,0.1401,0.4,0.6,1.0,0.75,0.45,0.6867,-0.0625,-2.6837,-2.4721,False,0.3333,0.6,0.0539,0.0,cardiac,False,False,False,False,False
1082,Lamotrigine,Laquinimod,1.0522,0.00748,0.01683,2.1604,0.0426,0.3646,0.011,0.0,0.1168,0.4,0.6,0.8,0.75,0.7,0.8667,-0.5,-3.0679,-4.2322,False,0.3333,0.525,0.1961,0.0137,hepatic,False,False,False,False,False
1083,Orelabrutinib,Temelimab,1.0522,0.01995,0.0334,1.7711,0.0503,0.3801,0.02,0.0,0.1323,0.4,0.6,0.8182,0.5,0.55,0.6867,-0.325,-2.8405,-2.4721,False,0.3333,0.525,0.1275,0.0059,infection,False,False,False,False,False
1084,Pioglitazone,Ponesimod,1.052,0.00748,0.01683,2.3991,0.045,0.3494,0.0201,0.0,0.1289,0.6,0.6,1.0,0.5,0.45,0.8667,0.1429,-2.6661,-1.5016,True,0.3333,0.425,0.2534,0.025,cardiac,False,False,False,False,False
1085,Ponesimod,Rituximab,1.052,0.05985,0.07304,1.5246,0.0568,0.5108,0.0201,0.0,0.1112,0.3,0.2,1.0,0.0,0.45,0.5533,0.2143,-1.5016,-2.5884,True,1.0,0.25,0.2716,0.0431,infection,False,False,False,False,False
1086,Fingolimod,Orelabrutinib,1.0513,0.00499,0.01301,2.1131,0.0522,0.3455,0.0224,0.0,0.1511,0.6,0.4,1.0,0.5,0.6,0.7333,0.225,-1.9414,-2.8405,True,0.3333,0.35,0.3286,0.0459,infection,False,False,False,False,False
1087,Nicotinamide riboside,Peginterferon beta-1a,1.0512,0.00249,0.00837,3.0793,0.0433,0.3147,0.0154,0.003,0.1377,0.4,0.6,1.0,0.5,0.5,0.6867,0.2143,-0.7234,-2.577,True,0.3333,0.475,0.0912,0.0,hepatic,False,False,False,False,False
1088,Alpha-lipoic acid,Vidofludimus calcium,1.0511,0.00249,0.00837,2.5772,0.0392,0.3245,0.0173,0.0,0.1208,0.6,0.6,1.0,0.5,0.5,0.8667,0.1714,-1.7729,-1.6832,True,0.3333,0.475,0.1657,0.0,teratogenicity,False,False,False,False,False
1089,Daclizumab,Dimethyl fumarate,1.051,0.02494,0.03925,2.1463,0.0538,0.4301,0.0175,0.0019,0.1251,0.3,0.4,0.9231,0.5,0.55,0.6867,-0.125,-2.1815,-2.3075,False,1.0,0.3,0.4208,0.0684,autoimmunity,False,False,False,False,False
1090,Amiloride,Metformin,1.0497,0.00499,0.01301,2.5287,0.0378,0.3086,0.0105,0.0,0.1224,0.4,0.6,1.0,0.75,0.45,1.0,-0.0694,-2.6837,-1.6488,False,0.3333,0.55,0.048,0.0,cardiac,False,False,False,False,False
1091,Idebenone,Riluzole,1.0497,0.02244,0.03628,2.0581,0.0341,0.3884,0.016,0.0,0.0879,0.3,0.4,0.9091,1.0,0.65,1.0,0.0,-0.7029,-2.6115,False,0.3333,0.55,0.0789,0.0103,hepatic,False,False,False,False,False
1092,Dimethyl fumarate,Methotrexate,1.0494,0.01995,0.0334,2.1569,0.053,0.4018,0.0167,0.0,0.132,0.3,0.4,0.8462,0.5,0.55,1.0,-0.3111,-2.3075,-2.3127,False,1.0,0.375,0.3292,0.0639,infection,False,False,False,False,False
1093,Glatiramer acetate,Hydroxychloroquine,1.0492,0.00499,0.01301,2.4899,0.0532,0.3591,0.0248,0.0,0.1482,0.4,0.4,0.9231,0.5,0.55,0.5533,-0.1458,-3.0334,-3.2153,False,0.3333,0.45,0.1078,0.0,ocular,False,False,False,False,False
1094,Evobrutinib,Glatiramer acetate,1.049,0.00499,0.01301,2.5627,0.0486,0.3509,0.0202,0.0,0.1384,0.5,0.2,1.0,0.5,0.45,0.82,0.1,-2.076,-3.0334,True,0.6667,0.375,0.148,0.0059,hepatic,False,False,False,False,False
1095,Bexarotene,Nicotinamide riboside,1.0488,0.00249,0.00837,4.1251,0.0434,0.3582,0.0154,0.0009,0.1212,0.3,0.6,1.0,0.5,0.55,0.8667,0.5143,-0.7904,-0.7234,True,0.3333,0.6,0.1363,0.0,teratogenicity,False,False,False,False,False
1096,Epigallocatechin gallate,Temelimab,1.0487,0.00748,0.01683,2.5984,0.0422,0.3142,0.012,0.0,0.1345,0.5,0.8,0.9231,0.5,0.45,0.6867,0.0,-1.555,-2.4721,False,0.3333,0.675,0.0814,0.0,hepatic,False,False,False,False,False
1097,Interferon beta-1a,Ozanimod,1.0487,0.0399,0.05461,1.6976,0.0527,0.3907,0.0187,0.0031,0.135,0.4,0.2,0.8333,0.5,0.5,0.5533,-0.2111,-3.5867,-1.8533,False,1.0,0.275,0.2539,0.0324,infection,False,False,False,False,False
1098,Bexarotene,Ozanimod,1.0485,0.00249,0.00837,3.0844,0.0498,0.3824,0.0218,0.0009,0.1301,0.4,0.4,1.0,0.5,0.55,0.8667,0.6571,-0.7904,-1.8533,True,0.3333,0.4,0.3101,0.0144,teratogenicity,False,False,False,False,False
1099,Amiloride,Glatiramer acetate,1.0484,0.00998,0.02038,2.3192,0.0389,0.305,0.0105,0.0,0.1276,0.3,0.4,1.0,1.0,0.45,0.82,-0.125,-2.6837,-3.0334,False,0.3333,0.475,0.0539,0.0,cardiac,False,False,False,False,False
1100,Ozanimod,Teriflunomide,1.0483,0.09476,0.10732,1.2963,0.0428,0.4459,0.0187,0.0,0.096,0.4,0.4,0.8,0.5,0.5,1.0,-0.3429,-1.8533,-3.0107,False,1.0,0.25,0.3743,0.0482,infection,False,False,False,False,False
1101,Diroximel fumarate,Firategrast,1.0482,0.01247,0.02374,2.3376,0.0498,0.3966,0.0192,0.0,0.1256,0.5,0.4,1.0,0.5,0.55,1.0,0.0,-1.9273,-3.2771,False,0.3333,0.425,0.1716,0.0392,infection,False,False,False,False,False
1102,Alpha-lipoic acid,Teriflunomide,1.0477,0.00748,0.01683,2.2599,0.0414,0.3096,0.0173,0.0,0.1338,0.6,0.6,1.0,0.5,0.5,0.7333,0.1429,-1.7729,-3.0107,True,0.3333,0.4,0.2343,0.0,teratogenicity,False,False,False,False,False
1103,Cholecalciferol,Fingolimod,1.0466,0.04738,0.06178,1.584,0.0466,0.3726,0.0168,0.0,0.1252,0.3,0.6,0.8333,0.5,0.6,1.0,-0.1667,-2.0037,-1.9414,False,0.6667,0.425,0.2608,0.0,infection,False,False,False,False,False
1104,Bexarotene,Ponesimod,1.0465,0.00249,0.00837,3.4023,0.0481,0.3802,0.0201,0.0009,0.1264,0.4,0.4,1.0,0.5,0.55,0.8667,0.6071,-0.7904,-1.5016,True,0.3333,0.4,0.2782,0.012,teratogenicity,False,False,False,False,False
1105,Cholecalciferol,Pioglitazone,1.0462,0.00249,0.00837,3.2709,0.0449,0.3057,0.0199,0.0,0.1469,0.5,0.6,1.0,0.5,0.55,0.8667,0.0714,-2.0037,-2.6661,True,0.3333,0.6,0.1245,0.0,cardiac,False,False,False,False,False
1106,Evobrutinib,Ustekinumab,1.0456,0.01247,0.02374,1.9216,0.0594,0.4471,0.0202,0.0,0.1329,0.4,0.2,1.0,0.5,0.45,0.5533,0.2,-2.076,-1.9172,True,0.3333,0.425,0.1892,0.0235,infection,False,False,False,False,False
1107,Memantine,Remibrutinib,1.0456,0.10474,0.11653,1.2297,0.0334,0.3709,0.0135,0.0,0.0899,0.3,0.4,1.0,0.75,0.75,0.8667,0.325,-2.6276,-1.7308,True,0.3333,0.5,0.1206,0.0,hepatic,False,False,False,False,False
1108,Bexarotene,Epigallocatechin gallate,1.0455,0.00249,0.00837,4.7906,0.0406,0.3302,0.0126,0.0009,0.1231,0.5,0.6,1.0,0.5,0.55,0.8667,0.631,-0.7904,-1.555,True,0.3333,0.65,0.1764,0.0216,teratogenicity,False,False,False,False,False
1109,Masitinib,Ponesimod,1.0455,0.05237,0.06657,1.5779,0.0505,0.387,0.0201,0.0,0.1306,0.4,0.4,1.0,0.5,0.5,0.8667,0.0,-3.6789,-1.5016,False,0.6667,0.375,0.2606,0.0511,infection,False,False,False,False,False
1110,Amiloride,Natalizumab-biosimilar,1.0452,0.06234,0.07553,1.5247,0.0392,0.3908,0.0105,0.0,0.1004,0.3,0.4,1.0,1.0,0.45,0.6867,0.1,-2.6837,-3.1195,True,0.3333,0.45,0.2108,0.0,infection,False,False,False,False,False
1111,Fenebrutinib,Firategrast,1.0449,0.00998,0.02038,1.824,0.0489,0.3961,0.0192,0.0,0.1235,0.5,0.4,1.0,0.5,0.6,1.0,0.0714,-2.6962,-3.2771,True,0.3333,0.45,0.201,0.0343,infection,False,False,False,False,False
1112,Evobrutinib,Frexalimab,1.0448,0.05736,0.0709,1.4475,0.0555,0.4024,0.0202,0.0,0.1379,0.4,0.2,1.0,0.5,0.45,0.6867,0.0,-2.076,-2.5456,False,0.6667,0.4,0.1892,0.0235,infection,False,False,False,False,False
1113,High-dose biotin,Metformin,1.0443,0.00249,0.00837,2.7388,0.0443,0.3735,0.0171,0.0,0.1187,0.3,0.4,0.8462,0.75,0.6,1.0,-0.1944,-0.7599,-1.6488,False,0.3333,0.575,0.0137,0.0,hepatic,False,False,False,False,False
1114,Masitinib,Secukinumab,1.0442,0.00499,0.01301,2.0292,0.0555,0.425,0.025,0.0,0.1306,0.4,0.4,1.0,0.5,0.5,0.82,0.0714,-3.6789,-1.895,True,0.3333,0.5,0.2025,0.024,infection,False,False,False,False,False
1115,Bexarotene,Simvastatin,1.0441,0.00499,0.01301,2.6828,0.0473,0.3308,0.0193,0.0,0.143,0.5,0.6,0.9231,0.5,0.55,0.8667,0.1429,-0.7904,-1.7856,True,0.3333,0.5,0.1689,0.0674,teratogenicity,False,False,False,False,False
1116,Cyclophosphamide,Diroximel fumarate,1.044,0.00249,0.00837,2.5689,0.0552,0.3995,0.0246,0.0035,0.1382,0.5,0.4,0.9231,0.5,0.55,0.82,-0.1548,-3.0549,-1.9273,False,1.0,0.375,0.4824,0.0627,infection,False,False,False,False,False
1117,Hydroxychloroquine,Interferon beta-1a,1.0439,0.00748,0.01683,2.2327,0.0588,0.3304,0.0248,0.0031,0.1781,0.4,0.4,0.9286,0.5,0.55,0.5533,-0.1389,-3.2153,-3.5867,False,0.3333,0.425,0.1863,0.0,hepatic,False,False,False,False,False
1118,Oxcarbazepine,Teriflunomide,1.0437,0.03491,0.0496,1.6547,0.034,0.3084,0.0099,0.0,0.1103,0.4,0.6,1.0,0.75,0.7,0.7333,0.4524,-0.3516,-3.0107,True,0.3333,0.425,0.2482,0.0724,teratogenicity,False,False,False,False,False
1119,Ponesimod,Teriflunomide,1.0433,0.09726,0.10985,1.2628,0.0412,0.4467,0.0171,0.0,0.0923,0.4,0.4,0.7778,0.5,0.45,0.7333,-0.3929,-1.5016,-3.0107,False,1.0,0.25,0.3441,0.0441,infection,False,False,False,False,False
1120,Alpha-lipoic acid,Interferon beta-1b,1.043,0.00998,0.02038,2.4724,0.0459,0.3171,0.0155,0.0029,0.1446,0.4,0.6,0.9333,0.5,0.5,0.82,-0.0625,-1.7729,-3.2696,False,0.3333,0.425,0.098,0.0,hepatic,False,False,False,False,False
1121,Elezanumab,Lamotrigine,1.0428,0.00249,0.00837,2.4026,0.0392,0.3666,0.0107,0.0,0.1069,0.2,0.4,0.7778,1.0,0.7,0.6867,-0.5179,-2.7183,-3.0679,False,0.3333,0.575,0.0373,0.0,hepatic,False,False,False,False,False
1122,Remibrutinib,Rituximab,1.0428,0.14963,0.16028,1.0252,0.0542,0.546,0.0174,0.0,0.0993,0.2,0.2,0.8,0.5,0.5,0.5533,-0.3429,-1.7308,-2.5884,False,0.6667,0.35,0.249,0.0324,infection,False,False,False,False,False
1123,Epigallocatechin gallate,Metformin,1.0426,0.00249,0.00837,3.1165,0.0399,0.3127,0.0126,0.0,0.1275,0.6,0.6,1.0,0.5,0.45,1.0,0.1389,-1.555,-1.6488,True,0.3333,0.625,0.0693,0.0062,hepatic,False,False,False,False,False
1124,Orelabrutinib,Peginterferon beta-1a,1.0425,0.00499,0.01301,2.4244,0.0504,0.3308,0.0224,0.003,0.1523,0.5,0.4,1.0,0.5,0.55,0.6867,0.1,-2.8405,-2.577,True,0.3333,0.375,0.1714,0.0335,hepatic,False,False,False,False,False
1125,Orelabrutinib,Tocilizumab,1.0425,0.02244,0.03628,1.7924,0.0577,0.4198,0.0224,0.0,0.1375,0.4,0.4,1.0,0.5,0.55,0.6867,0.0,-2.8405,-1.8119,False,0.3333,0.45,0.229,0.0573,infection,False,False,False,False,False
1126,Glatiramer acetate,Rituximab,1.042,0.00748,0.01683,2.3583,0.0651,0.4402,0.0284,0.0,0.148,0.4,0.2,1.0,0.0,0.05,0.5533,0.2054,-3.0334,-2.5884,True,1.0,0.3,0.1696,0.0108,infection,False,False,False,False,False
1127,Alemtuzumab,Bexarotene,1.0419,0.00249,0.00837,3.8151,0.0693,0.365,0.028,0.0009,0.1898,0.4,0.4,1.0,0.5,0.55,0.5533,0.5857,-3.018,-0.7904,True,0.3333,0.4,0.5814,0.0,autoimmunity,False,False,False,False,False
1128,Alemtuzumab,Masitinib,1.0412,0.00998,0.02038,2.0953,0.0718,0.3699,0.0305,0.0,0.194,0.4,0.4,1.0,0.5,0.5,0.5533,0.0,-3.018,-3.6789,False,0.6667,0.375,0.5398,0.0631,infection,False,False,False,False,False
1129,Evobrutinib,Natalizumab-biosimilar,1.041,0.01247,0.02374,1.7529,0.0489,0.4396,0.0202,0.0,0.1111,0.5,0.2,1.0,0.5,0.45,0.6867,0.1,-2.076,-3.1195,True,0.6667,0.35,0.2578,0.0529,infection,False,False,False,False,False
1130,Bexarotene,Evobrutinib,1.0409,0.00249,0.00837,3.4392,0.0482,0.3742,0.0202,0.0009,0.1288,0.5,0.4,1.0,0.5,0.55,0.8667,0.4429,-0.7904,-2.076,True,0.3333,0.475,0.2442,0.0264,hepatic,False,False,False,False,False
1131,Bexarotene,Remibrutinib,1.0409,0.00249,0.00837,3.5054,0.0479,0.3759,0.0198,0.0009,0.1273,0.4,0.4,1.0,0.5,0.55,0.8667,0.6571,-0.7904,-1.7308,True,0.3333,0.5,0.2352,0.0216,teratogenicity,False,False,False,False,False
1132,High-dose biotin,Phenytoin,1.0408,0.00249,0.00837,3.2273,0.0319,0.3032,0.0119,0.0,0.1051,0.3,0.6,1.0,1.0,0.7,0.8667,0.0,-0.7599,-2.5343,False,0.3333,0.6,0.1333,0.0,teratogenicity,False,False,False,False,False
1133,Phenytoin,Sirolimus,1.0407,0.02993,0.04463,1.6506,0.036,0.3448,0.0119,0.0,0.1045,0.3,0.6,1.0,1.0,0.7,0.8667,0.1667,-2.5343,-2.0409,True,0.3333,0.55,0.311,0.0165,infection,False,False,False,False,False
1134,Cladribine,Nicotinamide riboside,1.0403,0.00249,0.00837,2.8726,0.0423,0.3411,0.0154,0.0,0.124,0.4,0.6,1.0,0.5,0.5,0.6,0.6286,-2.961,-0.7234,True,0.3333,0.475,0.2765,0.0,infection,False,False,False,False,False
1135,Cholecalciferol,Metformin,1.0402,0.01746,0.03019,2.256,0.045,0.3611,0.0178,0.0,0.1247,0.3,0.6,0.8462,0.5,0.55,0.7333,-0.1111,-2.0037,-1.6488,False,0.3333,0.55,0.0137,0.0,hepatic,False,False,False,False,False
1136,Cholecalciferol,Lamotrigine,1.0396,0.02494,0.03925,2.0244,0.0333,0.2962,0.0133,0.0,0.1123,0.2,0.6,1.0,0.75,0.7,0.7333,0.2083,-2.0037,-3.0679,True,0.3333,0.575,0.0275,0.0,hepatic,False,False,False,False,False
1137,Cholecalciferol,Oxcarbazepine,1.0395,0.00499,0.01301,2.788,0.0299,0.2969,0.0099,0.0,0.1006,0.2,0.6,1.0,0.75,0.7,0.7333,0.6667,-2.0037,-0.3516,True,0.3333,0.6,0.0863,0.0,teratogenicity,False,False,False,False,False
1138,Dimethyl fumarate,Sirolimus,1.0384,0.00748,0.01683,2.5996,0.0586,0.4236,0.0223,0.0,0.1384,0.4,0.4,0.9333,0.5,0.55,0.7333,0.0,-2.3075,-2.0409,False,0.3333,0.4,0.2543,0.0594,infection,False,False,False,False,False
1139,Cholecalciferol,Ustekinumab,1.0381,0.02244,0.03628,1.8831,0.054,0.537,0.0148,0.0,0.1006,0.1,0.4,0.6667,0.5,0.55,0.82,-0.5,-2.0037,-1.9172,False,0.3333,0.525,0.0784,0.0,infection,False,False,False,False,True
1140,Amiloride,Fingolimod,1.0378,0.02993,0.04463,1.7434,0.0403,0.3024,0.0105,0.0,0.1334,0.4,0.6,1.0,0.75,0.6,0.7333,0.125,-2.6837,-1.9414,True,0.3333,0.425,0.2745,0.0206,infection,False,False,False,False,False
1141,Epigallocatechin gallate,High-dose biotin,1.0377,0.00249,0.00837,3.6711,0.0326,0.291,0.0126,0.0,0.112,0.5,0.6,1.0,0.75,0.6,1.0,0.1667,-1.555,-0.7599,True,0.3333,0.7,0.0618,0.0,hepatic,False,False,False,False,False
1142,Dimethyl fumarate,Mitoxantrone,1.0376,0.00499,0.01301,2.4549,0.0551,0.3692,0.0188,0.0035,0.1491,0.5,0.4,0.9333,0.5,0.55,0.5533,-0.1389,-2.3075,-3.0195,False,1.0,0.3,0.5333,0.0471,infection,False,False,False,False,False
1143,Hydroxychloroquine,Interferon beta-1b,1.0376,0.00499,0.01301,2.327,0.0557,0.3128,0.0254,0.0029,0.1781,0.4,0.4,1.0,0.5,0.55,0.5533,0.0,-3.2153,-3.2696,False,0.3333,0.425,0.1863,0.0,hepatic,False,False,False,False,False
1144,Ofatumumab,Peginterferon beta-1a,1.0376,0.02743,0.04221,1.8125,0.0681,0.4262,0.028,0.003,0.1597,0.3,0.2,1.0,0.0,0.1,0.82,0.3929,-2.3838,-2.577,True,1.0,0.25,0.2186,0.0147,infection,False,False,False,False,False
1145,Firategrast,Nicotinamide riboside,1.0374,0.00499,0.01301,2.5165,0.0346,0.3764,0.0154,0.0,0.0919,0.4,0.6,1.0,0.5,0.5,1.0,0.45,-3.2771,-0.7234,True,0.3333,0.6,0.098,0.0,infection,False,False,False,False,False
1146,Mycophenolate mofetil,Tolebrutinib,1.0373,0.03242,0.04712,1.65,0.0627,0.3888,0.02,0.0,0.1613,0.4,0.4,0.9286,0.5,0.8,1.0,-0.15,-2.0615,-3.3227,False,0.3333,0.425,0.3824,0.0412,infection,False,False,False,False,False
1147,Evobrutinib,Temelimab,1.0372,0.01496,0.02705,1.9653,0.0494,0.3562,0.0191,0.0,0.1387,0.4,0.6,0.9167,0.5,0.45,0.6867,-0.0625,-2.076,-2.4721,False,0.3333,0.5,0.148,0.0059,hepatic,False,False,False,False,False
1148,Epigallocatechin gallate,Secukinumab,1.0371,0.00249,0.00837,2.7378,0.0377,0.3925,0.0126,0.0,0.096,0.5,0.6,1.0,0.5,0.45,0.6867,0.25,-1.555,-1.895,True,0.3333,0.625,0.1304,0.0,infection,False,False,False,False,False
1149,Alpha-lipoic acid,Cholecalciferol,1.0367,0.00249,0.00837,2.7427,0.0373,0.3004,0.0173,0.0,0.1241,0.4,0.6,1.0,0.5,0.55,0.7333,0.1548,-1.7729,-2.0037,True,0.3333,0.575,0.0,0.0,,False,False,False,False,True
1150,Natalizumab,Rituximab,1.0366,0.0399,0.05461,1.6627,0.0771,0.4795,0.0368,0.0,0.1609,0.3,0.2,1.0,0.0,0.05,0.5067,0.2054,-3.0541,-2.5884,True,1.0,0.225,0.2755,0.0971,infection,False,False,False,False,False
1151,Glatiramer acetate,Vidofludimus calcium,1.0362,0.00998,0.02038,2.1069,0.0465,0.4413,0.0181,0.0,0.1053,0.4,0.4,0.7,0.5,0.4,0.6867,-0.4875,-3.0334,-1.6832,False,0.6667,0.375,0.1804,0.0049,teratogenicity,False,False,False,False,False
1152,Alemtuzumab,Metformin,1.0357,0.01247,0.02374,2.3145,0.0666,0.3916,0.0253,0.0,0.1701,0.4,0.6,0.8824,0.5,0.4,0.42,0.0111,-3.018,-1.6488,True,0.3333,0.375,0.4588,0.0,autoimmunity,False,False,False,False,False
1153,Cladribine,Memantine,1.0355,0.05486,0.06865,1.4598,0.0404,0.3396,0.0135,0.0,0.119,0.3,0.4,1.0,0.75,0.75,0.7333,0.4107,-2.961,-2.6276,True,0.3333,0.425,0.2765,0.0,infection,False,False,False,False,False
1154,Evobrutinib,Nicotinamide riboside,1.0355,0.00499,0.01301,2.545,0.0356,0.369,0.0154,0.0,0.0964,0.5,0.6,1.0,0.5,0.5,1.0,0.2,-2.076,-0.7234,True,0.3333,0.525,0.1343,0.0,hepatic,False,False,False,False,False
1155,Ocrelizumab,Peginterferon beta-1a,1.0353,0.02494,0.03925,1.8423,0.072,0.4269,0.028,0.003,0.1687,0.3,0.2,1.0,0.0,0.1,0.6867,0.2937,-2.7449,-2.577,True,1.0,0.25,0.2441,0.0176,infection,False,False,False,False,False
1156,Hydroxychloroquine,Secukinumab,1.035,0.01496,0.02705,1.9074,0.0504,0.4124,0.025,0.0,0.1222,0.4,0.4,1.0,0.5,0.55,0.6867,0.0,-3.2153,-1.895,False,0.3333,0.525,0.1569,0.0,infection,False,False,False,False,False
1157,Interferon beta-1a,Rituximab,1.0349,0.01746,0.03019,2.1315,0.0708,0.3978,0.034,0.0031,0.1779,0.4,0.2,1.0,0.0,0.1,0.5533,0.254,-3.5867,-2.5884,True,1.0,0.275,0.2426,0.0162,infection,False,False,False,False,False
1158,Alpha-lipoic acid,Cladribine,1.0347,0.00748,0.01683,2.7079,0.0442,0.3252,0.0173,0.0,0.136,0.5,0.6,1.0,0.5,0.5,0.6,0.2143,-1.7729,-2.961,True,0.3333,0.425,0.2765,0.0,infection,False,False,False,False,False
1159,Ustekinumab,Vidofludimus calcium,1.0346,0.04738,0.06178,1.5046,0.055,0.5652,0.0157,0.0,0.0973,0.3,0.4,0.625,0.5,0.4,0.6867,-0.55,-1.9172,-1.6832,False,0.3333,0.425,0.2245,0.0196,infection,False,False,False,False,True
1160,Peginterferon beta-1a,Ublituximab,1.0344,0.01746,0.03019,1.9666,0.0671,0.4333,0.028,0.003,0.1549,0.3,0.2,1.0,0.0,0.1,0.82,0.4286,-2.577,-2.5884,True,1.0,0.275,0.2186,0.0147,infection,False,False,False,False,False
1161,Orelabrutinib,Ozanimod,1.0343,0.01995,0.0334,1.7797,0.0442,0.3933,0.0218,0.0,0.1123,0.5,0.4,1.0,0.5,0.55,0.7333,0.3,-2.8405,-1.8533,True,0.3333,0.35,0.262,0.04,infection,False,False,False,False,False
1162,Orelabrutinib,Sirolimus,1.0341,0.01247,0.02374,1.8218,0.0465,0.3753,0.0224,0.0,0.124,0.5,0.6,1.0,0.5,0.55,0.7333,0.0833,-2.8405,-2.0409,True,0.3333,0.5,0.2561,0.0518,infection,False,False,False,False,False
1163,Interferon beta-1b,Ocrelizumab,1.0337,0.03491,0.0496,1.7495,0.0744,0.4113,0.0303,0.0029,0.181,0.3,0.2,1.0,0.0,0.1,0.5533,0.2292,-3.2696,-2.7449,True,1.0,0.25,0.251,0.0176,infection,False,False,False,False,False
1164,Interferon beta-1b,Ofatumumab,1.0337,0.02494,0.03925,1.8838,0.0704,0.4098,0.0303,0.0029,0.1719,0.3,0.2,1.0,0.0,0.1,0.6867,0.3125,-3.2696,-2.3838,True,1.0,0.25,0.2255,0.0147,infection,False,False,False,False,False
1165,Epigallocatechin gallate,Orelabrutinib,1.0332,0.01247,0.02374,2.2712,0.0351,0.3331,0.0126,0.0,0.1053,0.5,0.8,1.0,0.5,0.55,1.0,0.0833,-1.555,-2.8405,True,0.3333,0.6,0.1508,0.0247,hepatic,False,False,False,False,False
1166,Laquinimod,Orelabrutinib,1.0332,0.01247,0.02374,2.027,0.0513,0.386,0.0197,0.0,0.1329,0.5,0.6,0.8182,0.5,0.55,0.8667,-0.325,-4.2322,-2.8405,False,0.3333,0.475,0.2686,0.0275,hepatic,False,False,False,False,False
1167,Idebenone,Mitoxantrone,1.033,0.00499,0.01301,3.0156,0.0371,0.3096,0.0172,0.0035,0.1198,0.6,0.6,1.0,1.0,0.55,0.5533,0.3333,-0.7029,-3.0195,True,0.3333,0.475,0.4814,0.0,malignancy,False,False,False,False,False
1168,Remibrutinib,Ustekinumab,1.0327,0.01496,0.02705,1.8364,0.0591,0.4495,0.0198,0.0,0.1315,0.3,0.2,1.0,0.5,0.5,0.5533,0.2,-1.7308,-1.9172,True,0.3333,0.45,0.1755,0.0235,infection,False,False,False,False,False
1169,Orelabrutinib,Vidofludimus calcium,1.0325,0.02494,0.03925,1.6706,0.0443,0.3591,0.0219,0.0,0.1233,0.5,0.6,1.0,0.5,0.55,0.8667,0.0,-2.8405,-1.6832,False,0.3333,0.425,0.2455,0.0339,infection,False,False,False,False,False
1170,Hydroxychloroquine,Natalizumab-biosimilar,1.0324,0.03242,0.04712,1.7297,0.0541,0.4104,0.0254,0.0,0.1317,0.4,0.4,1.0,0.5,0.55,0.6867,0.0,-3.2153,-3.1195,False,0.3333,0.425,0.2647,0.0,infection,False,False,False,False,False
1171,Alpha-lipoic acid,Peginterferon beta-1a,1.0323,0.00998,0.02038,2.3116,0.0434,0.328,0.0155,0.003,0.1324,0.4,0.6,0.9286,0.5,0.5,0.6867,-0.0714,-1.7729,-2.577,False,0.3333,0.425,0.0912,0.0,hepatic,False,False,False,False,False
1172,Frexalimab,Remibrutinib,1.0314,0.11721,0.12793,1.125,0.0552,0.4043,0.0198,0.0,0.1364,0.3,0.2,1.0,0.5,0.5,0.6867,0.0,-2.5456,-1.7308,False,0.6667,0.425,0.1755,0.0235,infection,False,False,False,False,False
1173,Alemtuzumab,Phenytoin,1.0309,0.02244,0.03628,1.8519,0.0532,0.3488,0.0119,0.0,0.1525,0.3,0.4,1.0,1.0,0.7,0.5533,0.25,-3.018,-2.5343,True,0.3333,0.4,0.5784,0.0,autoimmunity,False,False,False,False,False
1174,Bexarotene,Cladribine,1.0309,0.00249,0.00837,3.7375,0.0549,0.3511,0.0269,0.0009,0.1563,0.4,0.4,1.0,0.5,0.55,0.7333,0.6429,-0.7904,-2.961,True,0.3333,0.425,0.3333,0.0794,infection,False,False,False,False,False
1175,Alpha-lipoic acid,Sirolimus,1.0307,0.00249,0.00837,2.6507,0.0414,0.3412,0.0173,0.0,0.1214,0.5,0.6,1.0,0.5,0.5,0.7333,0.2381,-1.7729,-2.0409,True,0.3333,0.55,0.1941,0.0,infection,False,False,False,False,False
1176,Daclizumab,Elezanumab,1.0305,0.00249,0.00837,2.5003,0.0475,0.3366,0.019,0.0019,0.1412,0.3,0.6,1.0,1.0,0.2,0.82,0.3393,-2.1815,-2.7183,True,0.3333,0.475,0.3755,0.0039,autoimmunity,False,False,False,False,False
1177,Oxcarbazepine,Ozanimod,1.0302,0.01496,0.02705,1.7592,0.0317,0.3671,0.0099,0.0,0.0863,0.3,0.4,1.0,0.75,0.7,0.7333,0.7333,-0.3516,-1.8533,True,0.3333,0.425,0.2663,0.0082,infection,False,False,False,False,False
1178,Simvastatin,Vidofludimus calcium,1.0302,0.15212,0.16252,1.077,0.0415,0.3381,0.0197,0.0,0.1228,0.5,0.6,0.9091,0.5,0.4,0.8667,-0.1714,-1.7856,-1.6832,False,0.6667,0.425,0.2101,0.0556,teratogenicity,False,False,False,False,False
1179,Cholecalciferol,Orelabrutinib,1.0301,0.00998,0.02038,2.1589,0.0424,0.3345,0.0199,0.0,0.1266,0.4,0.6,1.0,0.5,0.55,0.7333,0.0,-2.0037,-2.8405,False,0.3333,0.525,0.1137,0.0,infection,False,False,False,False,False
1180,Orelabrutinib,Ponesimod,1.0299,0.01496,0.02705,1.8174,0.0425,0.3912,0.0201,0.0,0.1086,0.5,0.4,1.0,0.5,0.55,1.0,0.225,-2.8405,-1.5016,True,0.3333,0.35,0.2304,0.0373,infection,False,False,False,False,False
1181,Orelabrutinib,Teriflunomide,1.0298,0.03242,0.04712,1.505,0.0465,0.3412,0.0224,0.0,0.1363,0.5,0.6,1.0,0.5,0.55,0.7333,0.0,-2.8405,-3.0107,False,0.3333,0.35,0.2975,0.0506,hepatic,False,False,False,False,False
1182,Inebilizumab,Vidofludimus calcium,1.0293,0.08728,0.09969,1.3481,0.0567,0.4361,0.0219,0.0,0.1301,0.4,0.4,1.0,0.5,0.4,0.6867,0.0714,-2.8083,-1.6832,True,0.3333,0.375,0.298,0.0294,infection,False,False,False,False,False
1183,Cholecalciferol,Inebilizumab,1.0291,0.07731,0.08978,1.3889,0.0548,0.4109,0.0199,0.0,0.1334,0.2,0.4,1.0,0.5,0.55,0.82,0.0714,-2.0037,-2.8083,True,0.3333,0.475,0.1618,0.0,infection,False,False,False,False,False
1184,Interferon beta-1b,Ublituximab,1.0287,0.02494,0.03925,1.7751,0.0695,0.416,0.0303,0.0029,0.1671,0.3,0.2,1.0,0.0,0.1,0.6867,0.3393,-3.2696,-2.5884,True,1.0,0.275,0.2255,0.0147,infection,False,False,False,False,False
1185,Masitinib,Temelimab,1.0287,0.04489,0.05938,1.5189,0.0566,0.3946,0.0262,0.0,0.1436,0.3,0.6,0.75,0.5,0.5,0.82,-0.4018,-3.6789,-2.4721,False,0.3333,0.55,0.1706,0.0069,infection,False,False,False,False,False
1186,Natalizumab-biosimilar,Remibrutinib,1.0285,0.03741,0.05212,1.5791,0.0485,0.4424,0.0198,0.0,0.1097,0.4,0.2,1.0,0.5,0.5,0.6867,0.1,-3.1195,-1.7308,True,0.6667,0.375,0.2441,0.0529,infection,False,False,False,False,False
1187,Fingolimod,Hydroxychloroquine,1.028,0.00998,0.02038,2.0329,0.0552,0.3349,0.0254,0.0,0.1648,0.5,0.4,1.0,0.5,0.6,1.0,0.0625,-1.9414,-3.2153,True,0.3333,0.4,0.3008,0.0482,cardiac,False,False,False,False,False
1188,Firategrast,Pioglitazone,1.0279,0.00249,0.00837,2.7373,0.0442,0.3485,0.0192,0.0,0.1267,0.6,0.6,1.0,0.5,0.4,0.8667,0.1429,-3.2771,-2.6661,True,0.3333,0.575,0.2225,0.0,infection,False,False,False,False,False
1189,Idebenone,Lamotrigine,1.0277,0.01247,0.02374,2.2163,0.0292,0.3685,0.012,0.0,0.0792,0.3,0.4,0.8889,1.0,0.7,1.0,-0.25,-0.7029,-3.0679,False,0.3333,0.575,0.0439,0.0041,hepatic,False,False,False,False,False
1190,Bexarotene,Fingolimod,1.0276,0.00998,0.02038,2.5912,0.0563,0.3968,0.0265,0.0009,0.1418,0.4,0.6,0.8462,0.5,0.6,0.8667,-0.0804,-0.7904,-1.9414,False,0.3333,0.4,0.3826,0.0144,infection,False,False,False,False,False
1191,Metformin,Vidofludimus calcium,1.0276,0.01247,0.02374,2.1286,0.0476,0.3698,0.0204,0.0,0.1288,0.4,0.6,0.9231,0.5,0.4,0.8667,-0.0444,-1.6488,-1.6832,False,0.3333,0.45,0.1746,0.0048,teratogenicity,False,False,False,False,False
1192,Epigallocatechin gallate,Natalizumab-biosimilar,1.0274,0.00499,0.01301,2.3425,0.0413,0.3917,0.0126,0.0,0.1055,0.5,0.6,1.0,0.5,0.45,0.6867,0.1667,-1.555,-3.1195,True,0.3333,0.525,0.2382,0.0,infection,False,False,False,False,False
1193,Cholecalciferol,Interferon beta-1a,1.0271,0.02993,0.04463,1.9149,0.0498,0.355,0.0158,0.0031,0.1402,0.3,0.4,0.75,0.5,0.55,0.5533,-0.4167,-2.0037,-3.5867,False,0.6667,0.45,0.098,0.0,hepatic,False,False,False,False,True
1194,Cladribine,Pioglitazone,1.0271,0.00499,0.01301,2.5832,0.0519,0.3266,0.025,0.0,0.1588,0.6,0.6,1.0,0.5,0.4,0.7333,0.1429,-2.961,-2.6661,True,0.3333,0.45,0.3869,0.0141,infection,False,False,False,False,False
1195,Evobrutinib,Ozanimod,1.0271,0.00998,0.02038,1.853,0.0419,0.398,0.0202,0.0,0.1054,0.5,0.2,1.0,0.5,0.5,0.7333,0.4,-2.076,-1.8533,True,0.6667,0.325,0.2764,0.0462,infection,False,False,False,False,False
1196,Inebilizumab,Teriflunomide,1.0271,0.06234,0.07553,1.5235,0.059,0.4121,0.0241,0.0,0.1431,0.4,0.4,1.0,0.5,0.4,0.82,0.1429,-2.8083,-3.0107,True,0.3333,0.3,0.3608,0.0353,infection,False,False,False,False,False
1197,Glatiramer acetate,Natalizumab,1.027,0.00499,0.01301,2.7109,0.0688,0.3703,0.0284,0.0,0.1857,0.5,0.2,1.0,0.0,0.05,0.6867,0.0,-3.0334,-3.0541,False,1.0,0.275,0.2137,0.0176,infection,False,False,False,False,True
1198,Lamotrigine,Ozanimod,1.0268,0.0798,0.09219,1.3665,0.0351,0.3579,0.0133,0.0,0.098,0.3,0.4,1.0,0.75,0.7,0.7333,0.325,-3.0679,-1.8533,True,0.3333,0.4,0.2075,0.0082,infection,False,False,False,False,False
1199,Cholecalciferol,Evobrutinib,1.0261,0.02494,0.03925,1.9999,0.0401,0.3352,0.0199,0.0,0.1196,0.4,0.4,1.0,0.5,0.55,0.7333,0.1,-2.0037,-2.076,True,0.6667,0.5,0.1343,0.0,hepatic,False,False,False,False,False
1200,Azathioprine,Diroximel fumarate,1.0259,0.01247,0.02374,2.324,0.0469,0.3736,0.0162,0.0,0.1254,0.4,0.4,0.9167,0.5,0.55,1.0,-0.1,-1.9886,-1.9273,False,1.0,0.375,0.3755,0.0569,infection,False,False,False,False,False
1201,Orelabrutinib,Phenytoin,1.0258,0.0399,0.05461,1.5516,0.0344,0.349,0.0119,0.0,0.0984,0.4,0.6,1.0,0.75,0.7,0.8667,-0.0667,-2.8405,-2.5343,False,0.3333,0.5,0.2251,0.022,hepatic,False,False,False,False,False
1202,Hydroxychloroquine,Peginterferon beta-1a,1.0257,0.00499,0.01301,2.3303,0.0533,0.3215,0.0254,0.003,0.1659,0.4,0.4,1.0,0.5,0.55,0.6867,0.0,-3.2153,-2.577,False,0.3333,0.425,0.1794,0.0,hepatic,False,False,False,False,False
1203,Cladribine,Glatiramer acetate,1.0255,0.00748,0.01683,2.2768,0.0537,0.3628,0.0253,0.0,0.148,0.4,0.2,0.9286,0.5,0.3,0.42,-0.1339,-2.961,-3.0334,False,1.0,0.325,0.2843,0.0118,infection,False,False,False,False,False
1204,Fingolimod,Tocilizumab,1.0253,0.02244,0.03628,1.803,0.0628,0.4076,0.0275,0.0,0.154,0.4,0.4,0.9231,0.5,0.6,0.6867,-0.0833,-1.9414,-1.8119,False,0.3333,0.35,0.358,0.0753,infection,False,False,False,False,False
1205,Phenytoin,Pioglitazone,1.025,0.00249,0.00837,2.4131,0.0369,0.3109,0.0119,0.0,0.1187,0.5,0.6,1.0,0.75,0.7,1.0,-0.0952,-2.5343,-2.6661,False,0.3333,0.575,0.2441,0.0137,teratogenicity,False,False,False,False,False
1206,Bexarotene,Lamotrigine,1.0249,0.00249,0.00837,3.2324,0.0413,0.3404,0.0133,0.0009,0.1214,0.3,0.4,1.0,0.75,0.7,0.8667,0.2143,-0.7904,-3.0679,True,0.3333,0.55,0.1541,0.0096,teratogenicity,False,False,False,False,False
1207,Memantine,Mycophenolate mofetil,1.0249,0.05736,0.0709,1.5874,0.0342,0.3272,0.0135,0.0,0.1046,0.3,0.4,1.0,1.0,0.75,0.8667,0.325,-2.6276,-2.0615,True,0.3333,0.525,0.2588,0.0,infection,False,False,False,False,False
1208,Evobrutinib,Lamotrigine,1.0248,0.04738,0.06178,1.5797,0.0335,0.3467,0.0133,0.0,0.0967,0.4,0.4,1.0,0.75,0.7,1.0,0.2,-2.076,-3.0679,True,0.3333,0.475,0.1467,0.0151,hepatic,False,False,False,False,False
1209,Masitinib,Sirolimus,1.0248,0.02244,0.03628,1.9133,0.0546,0.3739,0.0241,0.0,0.146,0.4,0.6,1.0,0.5,0.5,0.8667,0.0833,-3.6789,-2.0409,True,0.3333,0.525,0.2923,0.0597,infection,False,False,False,False,False
1210,Elezanumab,Epigallocatechin gallate,1.0245,0.00249,0.00837,3.3922,0.0401,0.333,0.0116,0.0,0.1203,0.4,0.6,0.9167,0.75,0.45,0.6867,-0.0714,-2.7183,-1.555,False,0.3333,0.675,0.0716,0.0,hepatic,False,False,False,False,False
1211,Amiloride,Interferon beta-1b,1.024,0.00998,0.02038,2.2009,0.0409,0.2786,0.0105,0.0029,0.1468,0.3,0.4,1.0,1.0,0.45,0.82,-0.0625,-2.6837,-3.2696,False,0.3333,0.45,0.1324,0.0,hepatic,False,False,False,False,False
1212,Cladribine,Ocrelizumab,1.0239,0.31671,0.3202,0.601,0.0591,0.5737,0.015,0.0,0.1029,0.2,0.2,0.5455,0.5,0.3,0.6867,-0.6349,-2.961,-2.7449,False,1.0,0.25,0.3553,0.0918,infection,False,False,False,False,True
1213,Evobrutinib,Oxcarbazepine,1.0227,0.00249,0.00837,2.0043,0.0301,0.3545,0.0099,0.0,0.085,0.4,0.4,1.0,0.75,0.7,1.0,0.5667,-2.076,-0.3516,True,0.3333,0.5,0.2055,0.0151,hepatic,False,False,False,False,False
1214,Cladribine,Interferon beta-1a,1.0223,0.00748,0.01683,2.2288,0.0598,0.3359,0.0258,0.0031,0.1779,0.4,0.2,0.9333,0.5,0.3,0.42,-0.127,-2.961,-3.5867,False,1.0,0.3,0.3569,0.0176,infection,False,False,False,False,False
1215,Cholecalciferol,Hydroxychloroquine,1.0222,0.00499,0.01301,2.1016,0.0453,0.3231,0.0199,0.0,0.1402,0.3,0.6,1.0,0.5,0.55,1.0,0.0,-2.0037,-3.2153,False,0.3333,0.575,0.0882,0.0,ocular,False,False,False,False,False
1216,Pioglitazone,Temelimab,1.0222,0.00499,0.01301,2.5211,0.0518,0.3649,0.0215,0.0,0.1418,0.5,0.6,0.75,0.5,0.4,0.82,-0.3304,-2.6661,-2.4721,False,0.3333,0.6,0.1441,0.0,cardiac,False,False,False,False,False
1217,Fingolimod,Phenytoin,1.0218,0.03491,0.0496,1.6374,0.0417,0.317,0.0119,0.0,0.1317,0.4,0.6,1.0,0.75,0.7,0.8667,-0.0417,-1.9414,-2.5343,False,0.3333,0.4,0.3776,0.0165,infection,False,False,False,False,False
1218,Mitoxantrone,Tolebrutinib,1.0218,0.06484,0.0779,1.4844,0.0608,0.3921,0.0181,0.0035,0.1551,0.5,0.4,0.8571,0.5,0.8,0.5533,-0.2667,-3.0195,-3.3227,False,0.6667,0.35,0.5843,0.0412,infection,False,False,False,False,False
1219,Orelabrutinib,Pioglitazone,1.0217,0.01247,0.02374,2.1433,0.0439,0.4522,0.0189,0.0,0.0971,0.5,0.6,0.6667,0.5,0.55,0.8667,-0.4429,-2.8405,-2.6661,False,0.3333,0.525,0.2245,0.0137,hepatic,False,False,False,False,False
1220,Cladribine,Masitinib,1.0214,0.03242,0.04712,1.6337,0.0574,0.3574,0.0269,0.0,0.1605,0.4,0.4,1.0,0.5,0.5,0.7333,0.0,-2.961,-3.6789,False,0.6667,0.4,0.3931,0.0412,infection,False,False,False,False,False
1221,Laquinimod,Oxcarbazepine,1.0214,0.01496,0.02705,2.1941,0.04,0.3427,0.0084,0.0,0.1168,0.4,0.6,0.9,0.75,0.7,0.8667,-0.0417,-4.2322,-0.3516,False,0.3333,0.55,0.2196,0.049,hepatic,False,False,False,False,False
1222,Ozanimod,Ustekinumab,1.0213,0.03242,0.04712,1.698,0.057,0.5721,0.0177,0.0,0.0996,0.2,0.2,0.7778,0.5,0.5,0.82,-0.3667,-1.8533,-1.9172,False,0.3333,0.35,0.2353,0.0314,infection,False,False,False,False,True
1223,Natalizumab-biosimilar,Ocrelizumab,1.0209,0.02743,0.04221,1.7142,0.0728,0.5407,0.0287,0.0,0.1346,0.4,0.2,1.0,0.0,0.05,0.5067,0.1667,-3.1195,-2.7449,True,0.6667,0.25,0.2412,0.1059,infection,False,False,False,False,True
1224,Simvastatin,Teriflunomide,1.0206,0.14464,0.15552,0.9802,0.0435,0.3342,0.0194,0.0,0.1302,0.5,0.6,0.8333,0.5,0.4,0.7333,-0.2857,-1.7856,-3.0107,False,0.6667,0.35,0.2537,0.0806,hepatic,False,False,False,False,False
1225,Methylprednisolone,Mycophenolate mofetil,1.0205,0.00249,0.00837,2.6153,0.0727,0.4329,0.0169,0.0,0.1679,0.4,0.2,0.8462,0.5,0.6,0.82,-0.3,-3.1022,-2.0615,False,0.3333,0.4,0.3255,0.0588,infection,False,False,False,False,False
1226,Daclizumab,Diroximel fumarate,1.02,0.03741,0.05212,1.8843,0.0482,0.4266,0.0176,0.0019,0.1131,0.3,0.4,0.9091,0.5,0.55,0.6867,-0.125,-2.1815,-1.9273,False,1.0,0.325,0.4201,0.0623,autoimmunity,False,False,False,False,False
1227,Glatiramer acetate,Remibrutinib,1.0194,0.00998,0.02038,2.3295,0.0478,0.3785,0.0194,0.0,0.1262,0.4,0.2,0.9167,0.5,0.5,0.82,-0.0625,-3.0334,-1.7308,False,0.6667,0.4,0.1343,0.0059,infection,False,False,False,False,False
1228,Hydroxychloroquine,Sirolimus,1.0193,0.02244,0.03628,1.8563,0.0495,0.3596,0.0241,0.0,0.1376,0.4,0.6,1.0,0.5,0.55,1.0,0.0833,-3.2153,-2.0409,True,0.3333,0.55,0.2824,0.0,infection,False,False,False,False,False
1229,Cladribine,Ofatumumab,1.0189,0.2793,0.2838,0.6723,0.0562,0.5459,0.0161,0.0,0.1029,0.2,0.2,0.6364,0.5,0.3,0.5533,-0.5357,-2.961,-2.3838,False,1.0,0.25,0.3422,0.0765,infection,False,False,False,False,True
1230,Hydroxychloroquine,Tocilizumab,1.0188,0.04239,0.05693,1.6264,0.0602,0.4285,0.0248,0.0,0.1404,0.3,0.4,0.9091,0.5,0.55,0.6867,-0.1667,-3.2153,-1.8119,False,0.3333,0.5,0.2608,0.0,infection,False,False,False,False,False
1231,Mycophenolate mofetil,Riluzole,1.0187,0.03242,0.04712,1.7409,0.0388,0.3274,0.0181,0.0,0.1186,0.3,0.4,1.0,1.0,0.65,1.0,0.35,-2.0615,-2.6115,True,0.3333,0.5,0.3275,0.0,infection,False,False,False,False,False
1232,Oxcarbazepine,Remibrutinib,1.0186,0.00748,0.01683,1.8724,0.0298,0.3568,0.0099,0.0,0.0835,0.3,0.4,1.0,0.75,0.7,1.0,0.7333,-0.3516,-1.7308,True,0.3333,0.525,0.1945,0.0124,hepatic,False,False,False,False,False
1233,Teriflunomide,Ustekinumab,1.0181,0.08229,0.09458,1.3781,0.0584,0.519,0.0191,0.0,0.1125,0.3,0.4,0.7,0.5,0.4,0.82,-0.4643,-3.0107,-1.9172,False,0.3333,0.35,0.2892,0.0235,infection,False,False,False,False,False
1234,Bexarotene,Elezanumab,1.018,0.00249,0.00837,3.4192,0.0506,0.4191,0.022,0.0009,0.1206,0.3,0.4,0.7273,0.75,0.55,0.82,-0.4286,-0.7904,-2.7183,False,0.3333,0.575,0.1461,0.0,teratogenicity,False,False,False,False,False
1235,Firategrast,Phenytoin,1.0175,0.03741,0.05212,1.6186,0.0311,0.3578,0.0119,0.0,0.0869,0.3,0.4,1.0,1.0,0.7,0.8667,0.2917,-3.2771,-2.5343,True,0.3333,0.55,0.2314,0.0,infection,False,False,False,False,False
1236,Phenytoin,Ponesimod,1.017,0.06983,0.08242,1.4359,0.032,0.359,0.0119,0.0,0.0891,0.3,0.4,1.0,1.0,0.7,0.8667,0.125,-2.5343,-1.5016,True,0.3333,0.4,0.2735,0.0137,infection,False,False,False,False,False
1237,Natalizumab-biosimilar,Ozanimod,1.0166,0.09975,0.11228,1.3058,0.0504,0.4482,0.0218,0.0,0.1125,0.3,0.2,1.0,0.5,0.5,0.6867,0.1,-3.1195,-1.8533,True,0.6667,0.275,0.2941,0.0706,infection,False,False,False,False,False
1238,Cladribine,Riluzole,1.0165,0.04489,0.05938,1.6223,0.045,0.3384,0.0181,0.0,0.1329,0.3,0.4,1.0,0.75,0.65,0.6,0.3214,-2.961,-2.6115,True,0.3333,0.4,0.3451,0.0,infection,False,False,False,False,False
1239,Lamotrigine,Remibrutinib,1.0162,0.03491,0.0496,1.4688,0.0332,0.3485,0.0133,0.0,0.0952,0.3,0.4,1.0,0.75,0.7,1.0,0.325,-3.0679,-1.7308,True,0.3333,0.5,0.1357,0.0124,hepatic,False,False,False,False,False
1240,Metformin,Teriflunomide,1.0158,0.03242,0.04712,1.9292,0.0495,0.3634,0.0223,0.0,0.1363,0.4,0.6,0.8571,0.5,0.4,0.7333,-0.1984,-1.6488,-3.0107,False,0.3333,0.375,0.2398,0.0082,teratogenicity,False,False,False,False,False
1241,Cyclophosphamide,Elezanumab,1.0157,0.00249,0.00837,2.7802,0.0518,0.3351,0.0233,0.0006,0.1547,0.4,0.6,0.9167,1.0,0.25,0.5067,0.0833,-3.0549,-2.7183,True,0.3333,0.525,0.4343,0.0078,infection,False,False,False,False,False
1242,Ozanimod,Vidofludimus calcium,1.0157,0.06983,0.08242,1.41,0.0403,0.486,0.0185,0.0,0.083,0.4,0.4,0.75,0.5,0.5,0.8667,-0.3,-1.8533,-1.6832,False,0.6667,0.325,0.3199,0.034,infection,False,False,False,False,False
1243,Alpha-lipoic acid,Memantine,1.0155,0.05237,0.06657,1.6947,0.0299,0.3722,0.0125,0.0,0.0803,0.3,0.4,0.9091,0.75,0.75,0.8667,-0.25,-1.7729,-2.6276,False,0.3333,0.55,0.0,0.0,,False,False,False,False,True
1244,Diroximel fumarate,Methotrexate,1.0153,0.01995,0.0334,2.0487,0.0475,0.3963,0.0169,0.0,0.12,0.3,0.4,0.8182,0.5,0.55,1.0,-0.3429,-1.9273,-2.3127,False,1.0,0.4,0.3265,0.0598,infection,False,False,False,False,False
1245,Evobrutinib,Secukinumab,1.0152,0.00249,0.00837,2.1936,0.0452,0.4447,0.0202,0.0,0.1016,0.5,0.2,1.0,0.5,0.45,0.6867,0.3,-2.076,-1.895,True,0.3333,0.45,0.1824,0.0206,infection,False,False,False,False,False
1246,Amiloride,Orelabrutinib,1.0151,0.02244,0.03628,1.6233,0.033,0.3291,0.0105,0.0,0.1002,0.4,0.6,1.0,0.75,0.55,1.0,-0.125,-2.6837,-2.8405,False,0.3333,0.525,0.148,0.0,infection,False,False,False,False,False
1247,Evobrutinib,Ponesimod,1.0151,0.01746,0.03019,1.8037,0.0402,0.3959,0.0201,0.0,0.1016,0.5,0.2,1.0,0.5,0.45,1.0,0.325,-2.076,-1.5016,True,0.6667,0.325,0.2458,0.0424,infection,False,False,False,False,False
1248,Nicotinamide riboside,Remibrutinib,1.0149,0.01247,0.02374,2.1961,0.0352,0.3712,0.0154,0.0,0.0949,0.4,0.6,1.0,0.5,0.5,1.0,0.2,-0.7234,-1.7308,True,0.3333,0.55,0.1206,0.0,hepatic,False,False,False,False,False
1249,Cladribine,Ublituximab,1.0142,0.26933,0.2745,0.7038,0.055,0.5603,0.0158,0.0,0.0981,0.2,0.2,0.6,0.5,0.3,0.5533,-0.5714,-2.961,-2.5884,False,1.0,0.275,0.3422,0.0765,infection,False,False,False,False,True
1250,Alpha-lipoic acid,Firategrast,1.0141,0.00998,0.02038,2.2552,0.0354,0.4095,0.0163,0.0,0.0865,0.4,0.6,0.9091,0.5,0.5,1.0,0.0179,-1.7729,-3.2771,True,0.3333,0.55,0.098,0.0,infection,False,False,False,False,False
1251,Dimethyl fumarate,Epigallocatechin gallate,1.0139,0.01746,0.03019,2.1526,0.0449,0.3933,0.0086,0.0,0.1141,0.4,0.6,0.7692,0.5,0.55,1.0,-0.4167,-2.3075,-1.555,False,0.3333,0.5,0.1628,0.0185,hepatic,False,False,False,False,False
1252,Amiloride,Masitinib,1.0138,0.05985,0.07304,1.4689,0.041,0.3358,0.0105,0.0,0.1222,0.3,0.6,1.0,0.75,0.5,0.8667,-0.0536,-2.6837,-3.6789,False,0.3333,0.55,0.1853,0.0069,infection,False,False,False,False,False
1253,Peginterferon beta-1a,Rituximab,1.0124,0.01496,0.02705,1.9822,0.0647,0.4178,0.028,0.003,0.1549,0.3,0.2,1.0,0.0,0.1,0.6867,0.4286,-2.577,-2.5884,True,1.0,0.275,0.2358,0.0162,infection,False,False,False,False,False
1254,Cladribine,Lamotrigine,1.0121,0.00998,0.02038,1.7716,0.0402,0.3238,0.0133,0.0,0.1242,0.3,0.4,1.0,0.75,0.7,0.6,0.4107,-2.961,-3.0679,True,0.3333,0.425,0.3039,0.0,infection,False,False,False,False,False
1255,Hydroxychloroquine,Phenytoin,1.0121,0.05486,0.06865,1.4632,0.0373,0.333,0.0119,0.0,0.1121,0.3,0.6,1.0,0.75,0.7,0.8667,-0.1667,-3.2153,-2.5343,False,0.3333,0.55,0.2216,0.0,teratogenicity,False,False,False,False,False
1256,Inebilizumab,Ozanimod,1.0119,0.10973,0.12088,1.1918,0.0566,0.4755,0.0218,0.0,0.1191,0.3,0.2,1.0,0.5,0.5,0.82,0.1714,-2.8083,-1.8533,True,0.3333,0.3,0.3029,0.0471,infection,False,False,False,False,False
1257,Interferon beta-1b,Ozanimod,1.0119,0.07731,0.08978,1.4361,0.0492,0.3959,0.0188,0.0029,0.1242,0.3,0.2,0.8182,0.5,0.5,0.5533,-0.225,-3.2696,-1.8533,False,1.0,0.275,0.2539,0.0324,infection,False,False,False,False,False
1258,Ponesimod,Vidofludimus calcium,1.011,0.05237,0.06657,1.4028,0.0388,0.4889,0.0169,0.0,0.0793,0.4,0.4,0.7143,0.5,0.45,0.8667,-0.45,-1.5016,-1.6832,False,0.6667,0.325,0.288,0.0316,infection,False,False,False,False,False
1259,Hydroxychloroquine,Vidofludimus calcium,1.0109,0.06983,0.08242,1.4454,0.0467,0.3702,0.0213,0.0,0.1261,0.4,0.6,0.9,0.5,0.55,0.8667,-0.1833,-3.2153,-1.6832,False,0.3333,0.475,0.2539,0.0,teratogenicity,False,False,False,False,False
1260,Amiloride,Peginterferon beta-1a,1.0107,0.02244,0.03628,2.0014,0.0385,0.2861,0.0105,0.003,0.1345,0.3,0.4,1.0,1.0,0.45,0.6867,-0.0536,-2.6837,-2.577,False,0.3333,0.45,0.1255,0.0,hepatic,False,False,False,False,False
1261,Idebenone,Oxcarbazepine,1.0104,0.00499,0.01301,2.7766,0.0259,0.3833,0.0087,0.0,0.0675,0.3,0.4,0.875,1.0,0.7,1.0,0.1667,-0.7029,-0.3516,True,0.3333,0.6,0.1027,0.0041,teratogenicity,False,False,False,False,False
1262,Elezanumab,Oxcarbazepine,1.01,0.00499,0.01301,2.5456,0.0367,0.3428,0.0081,0.0,0.1069,0.2,0.4,0.8889,1.0,0.7,0.6867,-0.1667,-2.7183,-0.3516,False,0.3333,0.6,0.0961,0.0,teratogenicity,False,False,False,False,False
1263,Memantine,Simvastatin,1.0097,0.24439,0.25099,0.7556,0.0325,0.3497,0.0123,0.0,0.0931,0.4,0.4,0.9,0.75,0.75,0.8667,-0.3214,-2.6276,-1.7856,False,0.3333,0.5,0.1,0.0,teratogenicity,False,False,False,False,False
1264,Cholecalciferol,Glatiramer acetate,1.0094,0.04489,0.05938,1.698,0.0421,0.4226,0.0137,0.0,0.0997,0.3,0.4,0.4444,0.5,0.55,0.5533,-0.7292,-2.0037,-3.0334,False,0.6667,0.475,0.0196,0.0,infection,False,False,False,False,True
1265,Ozanimod,Peginterferon beta-1a,1.0093,0.04239,0.05693,1.6091,0.0467,0.4174,0.0188,0.003,0.112,0.3,0.2,0.8,0.5,0.5,0.6867,-0.2429,-1.8533,-2.577,False,1.0,0.275,0.2491,0.0303,infection,False,False,False,False,False
1266,Hydroxychloroquine,Teriflunomide,1.0092,0.09227,0.10468,1.3771,0.0489,0.3516,0.0235,0.0,0.1392,0.4,0.6,0.9167,0.5,0.55,1.0,-0.1548,-3.2153,-3.0107,False,0.3333,0.4,0.3225,0.0,teratogenicity,False,False,False,False,False
1267,Diroximel fumarate,Sirolimus,1.0088,0.01995,0.0334,2.3034,0.0531,0.42,0.0225,0.0,0.1263,0.4,0.4,0.9231,0.5,0.55,0.7333,0.0,-1.9273,-2.0409,False,0.3333,0.425,0.2495,0.0574,infection,False,False,False,False,False
1268,High-dose biotin,Nicotinamide riboside,1.0086,0.00249,0.00837,3.1603,0.0329,0.3554,0.0129,0.0,0.0925,0.3,0.6,0.7778,0.75,0.6,1.0,-0.5667,-0.7599,-0.7234,False,0.3333,0.65,0.0,0.0,,False,False,False,False,True
1269,Firategrast,Simvastatin,1.0078,0.05237,0.06657,1.5206,0.0394,0.3375,0.0192,0.0,0.1166,0.6,0.6,1.0,0.5,0.35,1.0,0.0714,-3.2771,-1.7856,True,0.3333,0.5,0.198,0.0,infection,False,False,False,False,False
1270,Interferon beta-1b,Rituximab,1.0078,0.01995,0.0334,2.0272,0.0671,0.4015,0.0303,0.0029,0.1671,0.3,0.2,1.0,0.0,0.1,0.5533,0.3393,-3.2696,-2.5884,True,1.0,0.275,0.2426,0.0162,infection,False,False,False,False,False
1271,Pioglitazone,Remibrutinib,1.0071,0.00499,0.01301,2.127,0.043,0.4159,0.018,0.0,0.1034,0.5,0.6,0.8,0.5,0.5,0.8667,-0.1714,-2.6661,-1.7308,False,0.3333,0.525,0.2297,0.0154,hepatic,False,False,False,False,False
1272,Cladribine,Oxcarbazepine,1.0067,0.00998,0.02038,2.1819,0.0368,0.3273,0.0099,0.0,0.1125,0.3,0.4,1.0,0.75,0.7,0.6,0.7619,-2.961,-0.3516,True,0.3333,0.45,0.3098,0.0529,infection,False,False,False,False,False
1273,Epigallocatechin gallate,Hydroxychloroquine,1.0064,0.02494,0.03925,1.989,0.0374,0.3454,0.012,0.0,0.1081,0.4,0.8,0.9091,0.5,0.55,0.7333,-0.0833,-1.555,-3.2153,False,0.3333,0.65,0.15,0.0,hepatic,False,False,False,False,False
1274,Amiloride,Hydroxychloroquine,1.0056,0.05486,0.06865,1.5385,0.0359,0.3157,0.0105,0.0,0.1138,0.3,0.6,1.0,0.75,0.55,0.7333,-0.125,-2.6837,-3.2153,False,0.3333,0.575,0.1123,0.0103,cardiac,False,False,False,False,False
1275,Bexarotene,Metformin,1.005,0.00249,0.00837,3.3643,0.0525,0.4011,0.0245,0.0009,0.1309,0.3,0.4,0.8571,0.5,0.55,0.8667,0.0794,-0.7904,-1.6488,True,0.3333,0.525,0.1452,0.0048,teratogenicity,False,False,False,False,False
1276,Hydroxychloroquine,Laquinimod,1.0048,0.04239,0.05693,1.6901,0.0526,0.3878,0.021,0.0,0.1357,0.4,0.6,0.7273,0.5,0.55,0.8667,-0.4375,-3.2153,-4.2322,False,0.3333,0.525,0.2541,0.0165,cardiac,False,False,False,False,False
1277,Amiloride,Laquinimod,1.0046,0.00748,0.01683,2.1538,0.04,0.3532,0.0084,0.0,0.1134,0.4,0.6,0.8,0.75,0.55,0.8667,-0.5,-2.6837,-4.2322,False,0.3333,0.55,0.2029,0.0137,cardiac,False,False,False,False,False
1278,Cholecalciferol,Remibrutinib,1.0046,0.01247,0.02374,1.9501,0.0398,0.3366,0.0198,0.0,0.1182,0.3,0.4,1.0,0.5,0.55,0.7333,0.1,-2.0037,-1.7308,True,0.6667,0.525,0.1206,0.0,hepatic,False,False,False,False,False
1279,Amiloride,Pioglitazone,1.0042,0.00748,0.01683,2.3884,0.0355,0.2949,0.0105,0.0,0.1204,0.5,0.6,1.0,0.75,0.45,0.8667,-0.0536,-2.6837,-2.6661,False,0.3333,0.6,0.1451,0.0137,cardiac,False,False,False,False,False
1280,Bexarotene,Firategrast,1.0042,0.00249,0.00837,3.4327,0.0472,0.3798,0.0192,0.0009,0.1242,0.4,0.4,1.0,0.5,0.55,0.8667,0.3393,-0.7904,-3.2771,True,0.3333,0.55,0.2343,0.0,infection,False,False,False,False,False
1281,Amiloride,Sirolimus,1.004,0.03741,0.05212,1.6529,0.0346,0.3261,0.0105,0.0,0.1062,0.3,0.6,1.0,1.0,0.45,0.7333,0.0417,-2.6837,-2.0409,True,0.3333,0.575,0.2284,0.0,infection,False,False,False,False,False
1282,Alemtuzumab,Amiloride,1.0038,0.03491,0.0496,1.6401,0.0518,0.3359,0.0105,0.0,0.1543,0.3,0.4,1.0,1.0,0.45,0.42,0.15,-3.018,-2.6837,True,0.3333,0.425,0.4691,0.0103,autoimmunity,False,False,False,False,False
1283,Bexarotene,High-dose biotin,1.0038,0.00249,0.00837,3.7387,0.0435,0.4155,0.0155,0.0009,0.1047,0.2,0.4,0.8182,0.75,0.6,0.8667,0.1905,-0.7904,-0.7599,True,0.3333,0.6,0.1363,0.0,teratogenicity,False,False,False,False,False
1284,Fenebrutinib,Hydroxychloroquine,1.0036,0.09227,0.10468,1.3234,0.0498,0.515,0.0201,0.0,0.0968,0.3,0.4,0.5556,0.5,0.6,0.7333,-0.5476,-2.6962,-3.2153,False,0.3333,0.45,0.2255,0.0,infection,False,False,False,False,False
1285,Natalizumab-biosimilar,Ofatumumab,1.0031,0.05486,0.06865,1.5572,0.0688,0.548,0.0287,0.0,0.1255,0.3,0.2,1.0,0.0,0.05,0.82,0.1875,-3.1195,-2.3838,True,0.6667,0.25,0.2304,0.0882,infection,False,False,False,False,True
1286,Remibrutinib,Secukinumab,1.003,0.00499,0.01301,2.124,0.0449,0.4479,0.0198,0.0,0.1002,0.4,0.2,1.0,0.5,0.5,0.6867,0.3,-1.7308,-1.895,True,0.3333,0.475,0.1686,0.0206,infection,False,False,False,False,False
1287,Metformin,Nicotinamide riboside,1.0027,0.01746,0.03019,2.1958,0.0388,0.3689,0.0116,0.0,0.1053,0.4,0.6,0.7273,0.5,0.5,1.0,-0.5111,-1.6488,-0.7234,False,0.3333,0.575,0.0137,0.0,hepatic,False,False,False,False,False
1288,Bexarotene,Oxcarbazepine,1.0026,0.00249,0.00837,3.7742,0.0379,0.3458,0.0099,0.0009,0.1097,0.3,0.4,1.0,0.75,0.7,0.8667,0.381,-0.7904,-0.3516,True,0.3333,0.575,0.16,0.0625,teratogenicity,False,False,False,False,False
1289,Diroximel fumarate,Mitoxantrone,1.0025,0.01496,0.02705,2.1509,0.0495,0.3609,0.0189,0.0035,0.1371,0.5,0.4,0.9231,0.5,0.55,0.5533,-0.1548,-1.9273,-3.0195,False,1.0,0.325,0.5265,0.0471,infection,False,False,False,False,False
1290,Cholecalciferol,Nicotinamide riboside,1.0011,0.00249,0.00837,3.0544,0.0353,0.3152,0.0154,0.0,0.1121,0.3,0.6,1.0,0.5,0.55,0.7333,0.1667,-2.0037,-0.7234,True,0.3333,0.625,0.0,0.0,,False,False,False,False,True
1291,Alpha-lipoic acid,Riluzole,1.0002,0.05985,0.07304,1.5158,0.0343,0.3636,0.0162,0.0,0.0942,0.3,0.4,0.9231,0.75,0.65,1.0,-0.0833,-1.7729,-2.6115,False,0.3333,0.525,0.0686,0.0,hepatic,False,False,False,False,False
1292,Lamotrigine,Mycophenolate mofetil,1.0,0.00748,0.01683,2.0205,0.0341,0.31,0.0133,0.0,0.1099,0.3,0.4,1.0,1.0,0.7,1.0,0.325,-3.0679,-2.0615,True,0.3333,0.525,0.2863,0.0,infection,False,False,False,False,False
1293,Evobrutinib,Pioglitazone,0.9997,0.00748,0.01683,1.931,0.043,0.4157,0.018,0.0,0.1034,0.5,0.6,0.8,0.5,0.45,0.8667,-0.1714,-2.076,-2.6661,False,0.3333,0.5,0.24,0.0189,hepatic,False,False,False,False,False
1294,Riluzole,Simvastatin,0.9993,0.23691,0.24405,0.7851,0.0369,0.3447,0.0167,0.0,0.107,0.4,0.4,0.9167,0.75,0.65,1.0,-0.1548,-2.6115,-1.7856,False,0.3333,0.475,0.148,0.0206,hepatic,False,False,False,False,False
1295,Mycophenolate mofetil,Oxcarbazepine,0.9992,0.00249,0.00837,2.4179,0.0307,0.3123,0.0099,0.0,0.0982,0.3,0.4,1.0,1.0,0.7,1.0,0.7333,-2.0615,-0.3516,True,0.3333,0.55,0.2922,0.0529,infection,False,False,False,False,False
1296,Epigallocatechin gallate,Glatiramer acetate,0.999,0.00249,0.00837,2.7896,0.0405,0.332,0.0121,0.0,0.122,0.4,0.6,0.9231,0.5,0.45,0.82,-0.0625,-1.555,-3.0334,False,0.3333,0.55,0.0814,0.0,hepatic,False,False,False,False,False
1297,Natalizumab-biosimilar,Ublituximab,0.999,0.04738,0.06178,1.5173,0.0679,0.562,0.0287,0.0,0.1207,0.3,0.2,1.0,0.0,0.05,0.64,0.1429,-3.1195,-2.5884,True,0.6667,0.275,0.2304,0.0882,infection,False,False,False,False,True
1298,Memantine,Nicotinamide riboside,0.9987,0.03491,0.0496,1.7943,0.0281,0.4121,0.0127,0.0,0.0683,0.2,0.4,0.875,0.75,0.75,0.8667,-0.45,-2.6276,-0.7234,False,0.3333,0.6,0.0,0.0,,False,False,False,False,True
1299,Hydroxychloroquine,Ozanimod,0.9982,0.05736,0.0709,1.4952,0.0471,0.3743,0.0218,0.0,0.126,0.4,0.4,1.0,0.5,0.55,1.0,0.1,-3.2153,-1.8533,True,0.3333,0.4,0.2476,0.0288,infection,False,False,False,False,False
1300,Elezanumab,Phenytoin,0.998,0.01247,0.02374,2.3099,0.0379,0.3724,0.0094,0.0,0.1018,0.2,0.4,0.75,1.0,0.7,0.82,-0.6429,-2.7183,-2.5343,False,0.3333,0.575,0.1431,0.0,teratogenicity,False,False,False,False,False
1301,Ublituximab,Ustekinumab,0.9972,0.02743,0.04221,1.6542,0.0784,0.5503,0.0392,0.0,0.1425,0.2,0.2,1.0,0.0,0.05,0.6867,0.381,-2.5884,-1.9172,True,0.3333,0.35,0.1814,0.0392,infection,False,False,False,False,True
1302,Cholecalciferol,Ponesimod,0.9967,0.04489,0.05938,1.6846,0.0373,0.4519,0.0173,0.0,0.0826,0.2,0.4,0.75,0.5,0.55,0.7333,-0.4167,-2.0037,-1.5016,False,0.6667,0.425,0.1539,0.0,infection,False,False,False,False,False
1303,Ofatumumab,Ustekinumab,0.9966,0.02993,0.04463,1.7694,0.0794,0.5387,0.0393,0.0,0.1473,0.2,0.2,1.0,0.0,0.05,0.6867,0.3542,-2.3838,-1.9172,True,0.3333,0.325,0.1814,0.0392,infection,False,False,False,False,True
1304,Hydroxychloroquine,Temelimab,0.9964,0.11471,0.12568,1.2591,0.0491,0.3896,0.0189,0.0,0.1261,0.3,0.6,0.6,0.5,0.55,0.6867,-0.5833,-3.2153,-2.4721,False,0.3333,0.575,0.1078,0.0,ocular,False,False,False,False,False
1305,Ozanimod,Remibrutinib,0.9964,0.07481,0.08723,1.4249,0.0416,0.4004,0.0198,0.0,0.1039,0.4,0.2,1.0,0.5,0.5,0.7333,0.3,-1.8533,-1.7308,True,0.6667,0.35,0.2668,0.0421,infection,False,False,False,False,False
1306,Cladribine,Teriflunomide,0.9947,0.11222,0.12336,1.1725,0.0485,0.3746,0.0216,0.0,0.1294,0.4,0.4,0.8333,0.5,0.4,0.8667,-0.2857,-2.961,-3.0107,False,1.0,0.275,0.3917,0.1191,infection,False,False,False,False,False
1307,Cholecalciferol,Ozanimod,0.9945,0.03741,0.05212,1.662,0.0389,0.4509,0.0172,0.0,0.0863,0.2,0.4,0.7778,0.5,0.55,1.0,-0.2667,-2.0037,-1.8533,False,0.6667,0.425,0.1882,0.0,infection,False,False,False,False,False
1308,Masitinib,Pioglitazone,0.9936,0.03242,0.04712,1.7095,0.05,0.4611,0.0195,0.0,0.1083,0.4,0.6,0.6,0.5,0.5,1.0,-0.5,-3.6789,-2.6661,False,0.3333,0.55,0.2559,0.0264,hepatic,False,False,False,False,False
1309,Cyclophosphamide,Fenebrutinib,0.9933,0.02743,0.04221,1.7587,0.056,0.3661,0.0263,0.0035,0.1529,0.5,0.4,1.0,0.5,0.6,0.82,0.0,-3.0549,-2.6962,False,0.6667,0.4,0.5147,0.0549,infection,False,False,False,False,False
1310,Alemtuzumab,Teriflunomide,0.9928,0.1197,0.13023,1.0595,0.0596,0.4415,0.0183,0.0,0.135,0.4,0.4,0.6923,0.5,0.4,0.6867,-0.5571,-3.018,-3.0107,False,1.0,0.25,0.6324,0.0471,infection,False,False,False,False,False
1311,Azathioprine,Laquinimod,0.9926,0.00748,0.01683,2.533,0.0478,0.3257,0.0162,0.0,0.1468,0.5,0.6,0.9167,0.5,0.55,0.8667,-0.1625,-1.9886,-4.2322,False,0.6667,0.475,0.4333,0.0686,infection,False,False,False,False,False
1312,Firategrast,Orelabrutinib,0.9924,0.01746,0.03019,1.6945,0.0416,0.391,0.0192,0.0,0.1064,0.5,0.4,1.0,0.5,0.55,1.0,0.0,-3.2771,-2.8405,False,0.3333,0.5,0.1824,0.0294,infection,False,False,False,False,False
1313,Fingolimod,Sirolimus,0.9921,0.05237,0.06657,1.5599,0.0505,0.4123,0.0207,0.0,0.1225,0.4,0.6,0.8333,0.5,0.6,1.0,-0.0833,-1.9414,-2.0409,False,0.3333,0.4,0.3837,0.0712,infection,False,False,False,False,False
1314,Mycophenolate mofetil,Temelimab,0.9918,0.00249,0.00837,2.9629,0.051,0.3108,0.0207,0.0,0.1641,0.5,0.6,1.0,0.5,0.2,0.6867,0.125,-2.0615,-2.4721,True,0.3333,0.55,0.2667,0.0118,infection,False,False,False,False,False
1315,Memantine,Methotrexate,0.9916,0.06733,0.08046,1.4244,0.0328,0.3014,0.0135,0.0,0.1088,0.3,0.4,1.0,1.0,0.75,0.8667,0.225,-2.6276,-2.3127,True,0.3333,0.525,0.2735,0.0,infection,False,False,False,False,False
1316,Frexalimab,Natalizumab,0.9915,0.02993,0.04463,1.9754,0.0757,0.4087,0.0353,0.0,0.1852,0.4,0.2,1.0,0.0,0.1,0.64,0.125,-2.5456,-3.0541,True,0.6667,0.3,0.2196,0.0706,infection,False,False,False,False,False
1317,Evobrutinib,Inebilizumab,0.9903,0.09227,0.10468,1.3165,0.0551,0.4677,0.0202,0.0,0.1177,0.3,0.2,1.0,0.5,0.45,0.5533,0.1,-2.076,-2.8083,True,0.3333,0.375,0.2608,0.0353,infection,False,False,False,False,False
1318,Nicotinamide riboside,Vidofludimus calcium,0.9903,0.00998,0.02038,2.0924,0.0372,0.3425,0.0154,0.0,0.1087,0.4,0.6,1.0,0.5,0.5,0.8667,0.1,-0.7234,-1.6832,True,0.3333,0.525,0.1657,0.0,teratogenicity,False,False,False,False,False
1319,Hydroxychloroquine,Ponesimod,0.9902,0.05736,0.0709,1.5733,0.0454,0.3718,0.0201,0.0,0.1222,0.4,0.4,1.0,0.5,0.55,0.7333,0.0,-3.2153,-1.5016,False,0.3333,0.4,0.2298,0.0124,infection,False,False,False,False,False
1320,Cladribine,Rituximab,0.9901,0.21945,0.22723,0.7725,0.0532,0.5421,0.0164,0.0,0.0981,0.2,0.2,0.6,0.5,0.3,0.6867,-0.5714,-2.961,-2.5884,False,1.0,0.275,0.3514,0.0859,infection,False,False,False,False,False
1321,Amiloride,Ponesimod,0.99,0.06484,0.0779,1.4283,0.0306,0.3368,0.0105,0.0,0.0909,0.3,0.4,1.0,1.0,0.45,1.0,0.125,-2.6837,-1.5016,True,0.3333,0.425,0.1779,0.0103,infection,False,False,False,False,False
1322,Alemtuzumab,Hydroxychloroquine,0.9897,0.02494,0.03925,1.9077,0.0667,0.3591,0.0254,0.0,0.1856,0.4,0.4,1.0,0.5,0.55,0.6867,0.0,-3.018,-3.2153,False,0.3333,0.4,0.521,0.0124,autoimmunity,False,False,False,False,False
1323,Ponesimod,Remibrutinib,0.9896,0.05985,0.07304,1.4932,0.0399,0.3984,0.0198,0.0,0.1002,0.4,0.2,1.0,0.5,0.5,1.0,0.2,-1.5016,-1.7308,True,0.6667,0.35,0.2355,0.039,infection,False,False,False,False,False
1324,Idebenone,Simvastatin,0.9891,0.05736,0.0709,1.5812,0.0362,0.3493,0.016,0.0,0.1037,0.4,0.4,0.9167,0.75,0.55,1.0,-0.0833,-0.7029,-1.7856,False,0.3333,0.525,0.1144,0.0062,teratogenicity,False,False,False,False,False
1325,Hydroxychloroquine,Pioglitazone,0.9886,0.02743,0.04221,1.8222,0.0451,0.4515,0.0198,0.0,0.1,0.4,0.6,0.5556,0.5,0.55,0.8667,-0.5476,-3.2153,-2.6661,False,0.3333,0.575,0.1963,0.0165,cardiac,False,False,False,False,False
1326,Elezanumab,Mitoxantrone,0.9883,0.00249,0.00837,2.7096,0.0455,0.3082,0.017,0.0006,0.1476,0.5,0.6,0.9167,1.0,0.2,0.5067,0.0833,-2.7183,-3.0195,True,0.3333,0.475,0.4647,0.0059,malignancy,False,False,False,False,False
1327,Nicotinamide riboside,Teriflunomide,0.9878,0.01247,0.02374,2.1289,0.0395,0.3242,0.0154,0.0,0.1218,0.4,0.6,1.0,0.5,0.5,0.7333,0.1143,-0.7234,-3.0107,True,0.3333,0.45,0.2343,0.0,teratogenicity,False,False,False,False,False
1328,Nicotinamide riboside,Pioglitazone,0.9871,0.00499,0.01301,2.8465,0.0387,0.3381,0.0138,0.0,0.1146,0.5,0.6,0.9091,0.5,0.5,0.8667,-0.1286,-0.7234,-2.6661,False,0.3333,0.625,0.1245,0.0,cardiac,False,False,False,False,False
1329,Ocrelizumab,Ustekinumab,0.9871,0.04988,0.06409,1.6218,0.0833,0.533,0.0393,0.0,0.1564,0.2,0.2,1.0,0.0,0.05,0.82,0.25,-2.7449,-1.9172,True,0.3333,0.325,0.202,0.0471,infection,False,False,False,False,True
1330,Amiloride,Bexarotene,0.987,0.00249,0.00837,3.5367,0.0385,0.3267,0.0105,0.0009,0.118,0.3,0.4,1.0,0.75,0.55,0.8667,0.3393,-2.6837,-0.7904,True,0.3333,0.575,0.1706,0.0,teratogenicity,False,False,False,False,False
1331,Bexarotene,Temelimab,0.9866,0.00249,0.00837,2.7452,0.0528,0.4321,0.0225,0.0009,0.1221,0.4,0.4,0.6364,0.5,0.55,0.82,-0.5357,-0.7904,-2.4721,False,0.3333,0.575,0.1559,0.0,teratogenicity,False,False,False,False,False
1332,Cholecalciferol,Interferon beta-1b,0.9866,0.04489,0.05938,1.6963,0.0463,0.3576,0.016,0.0029,0.1295,0.2,0.4,0.7273,0.5,0.55,0.5533,-0.4375,-2.0037,-3.2696,False,0.6667,0.45,0.098,0.0,hepatic,False,False,False,False,True
1333,Idebenone,Nicotinamide riboside,0.9864,0.00249,0.00837,3.004,0.0281,0.5132,0.0109,0.0,0.0548,0.3,0.4,0.4286,0.75,0.55,1.0,-1.0167,-0.7029,-0.7234,False,0.3333,0.625,0.0206,0.0,hepatic,False,False,False,False,True
1334,Idebenone,Phenytoin,0.9863,0.00499,0.01301,2.5315,0.0278,0.3754,0.0106,0.0,0.074,0.3,0.4,0.875,1.0,0.7,0.8667,-0.3333,-0.7029,-2.5343,False,0.3333,0.575,0.1457,0.0082,teratogenicity,False,False,False,False,False
1335,Mycophenolate mofetil,Nicotinamide riboside,0.9862,0.00249,0.00837,3.341,0.0361,0.3295,0.0154,0.0,0.1096,0.4,0.6,1.0,0.5,0.5,1.0,0.6,-2.0615,-0.7234,True,0.3333,0.575,0.2588,0.0,infection,False,False,False,False,False
1336,Pioglitazone,Teriflunomide,0.9834,0.02743,0.04221,1.9243,0.0484,0.332,0.0234,0.0,0.1458,0.5,0.6,0.9231,0.5,0.4,0.8667,-0.1429,-2.6661,-3.0107,False,0.3333,0.425,0.3382,0.0206,hepatic,False,False,False,False,False
1337,Alemtuzumab,Ozanimod,0.9829,0.10973,0.12088,1.237,0.0595,0.4518,0.0182,0.0,0.1317,0.3,0.2,0.8462,0.5,0.5,0.6867,-0.3,-3.018,-1.8533,False,1.0,0.25,0.5582,0.0751,infection,False,False,False,False,False
1338,Cholecalciferol,Tocilizumab,0.9829,0.01995,0.0334,1.9184,0.0519,0.4467,0.0166,0.0,0.1162,0.2,0.4,0.8,0.5,0.55,0.6867,-0.3333,-2.0037,-1.8119,False,0.3333,0.525,0.1725,0.0,infection,False,False,False,False,False
1339,Pioglitazone,Vidofludimus calcium,0.9822,0.00748,0.01683,2.1262,0.0462,0.3477,0.0212,0.0,0.1328,0.5,0.6,0.9091,0.5,0.4,1.0,-0.1,-2.6661,-1.6832,False,0.3333,0.5,0.2782,0.012,hepatic,False,False,False,False,False
1340,Amiloride,Vidofludimus calcium,0.9819,0.02244,0.03628,1.635,0.0324,0.3069,0.0105,0.0,0.1055,0.4,0.6,1.0,0.75,0.45,0.8667,0.075,-2.6837,-1.6832,True,0.3333,0.5,0.2,0.0,teratogenicity,False,False,False,False,False
1341,Cholecalciferol,Phenytoin,0.9819,0.02743,0.04221,2.0006,0.0319,0.2974,0.0119,0.0,0.1071,0.2,0.6,1.0,0.75,0.7,0.8667,0.0833,-2.0037,-2.5343,True,0.3333,0.575,0.1333,0.0,teratogenicity,False,False,False,False,False
1342,Cladribine,Interferon beta-1b,0.9819,0.02993,0.04463,1.8699,0.0561,0.3356,0.0258,0.0029,0.1672,0.3,0.2,0.9286,0.5,0.3,0.42,-0.1339,-2.961,-3.2696,False,1.0,0.3,0.3569,0.0176,infection,False,False,False,False,False
1343,Natalizumab,Ponesimod,0.9819,0.04239,0.05693,1.5879,0.0604,0.4058,0.0201,0.0,0.1489,0.3,0.2,1.0,0.0,0.45,0.6867,0.0,-3.0541,-1.5016,False,1.0,0.225,0.2951,0.0706,infection,False,False,False,False,False
1344,Fingolimod,Firategrast,0.9815,0.02244,0.03628,1.7335,0.049,0.3508,0.0192,0.0,0.1396,0.4,0.4,1.0,0.5,0.6,0.7333,0.125,-1.9414,-3.2771,True,0.3333,0.4,0.3098,0.049,infection,False,False,False,False,False
1345,Epigallocatechin gallate,Ozanimod,0.9812,0.01496,0.02705,2.013,0.0344,0.345,0.0126,0.0,0.0997,0.5,0.6,1.0,0.5,0.5,0.7333,0.1833,-1.555,-1.8533,True,0.3333,0.5,0.2315,0.0185,hepatic,False,False,False,False,False
1346,Firategrast,Masitinib,0.98,0.03242,0.04712,1.6629,0.0497,0.3867,0.0192,0.0,0.1284,0.4,0.4,1.0,0.5,0.5,0.8667,0.0,-3.2771,-3.6789,False,0.3333,0.525,0.2216,0.0343,infection,False,False,False,False,False
1347,Amiloride,Elezanumab,0.9795,0.00998,0.02038,2.4362,0.0367,0.3545,0.0082,0.0,0.1035,0.2,0.4,0.7778,1.0,0.45,0.6867,-0.5179,-2.6837,-2.7183,False,0.3333,0.6,0.0441,0.0,cardiac,False,False,False,False,False
1348,Cyclophosphamide,Temelimab,0.9794,0.00249,0.00837,2.9223,0.0565,0.3216,0.0263,0.0035,0.1758,0.6,0.6,1.0,0.5,0.25,0.5067,0.0625,-3.0549,-2.4721,True,0.3333,0.525,0.4363,0.0157,infection,False,False,False,False,False
1349,Alemtuzumab,Orelabrutinib,0.9792,0.02993,0.04463,1.7404,0.0637,0.3703,0.0224,0.0,0.172,0.4,0.4,1.0,0.5,0.55,0.42,0.0,-3.018,-2.8405,False,0.3333,0.35,0.5118,0.0471,infection,False,False,False,False,False
1350,Laquinimod,Mycophenolate mofetil,0.979,0.00499,0.01301,2.5624,0.051,0.3445,0.0193,0.0,0.1479,0.5,0.6,0.9167,0.5,0.55,0.8667,-0.1625,-4.2322,-2.0615,False,0.3333,0.5,0.3882,0.0529,infection,False,False,False,False,False
1351,Glatiramer acetate,Ponesimod,0.9787,0.00998,0.02038,2.424,0.0455,0.4491,0.0171,0.0,0.1014,0.4,0.2,0.8,0.0,0.45,0.82,-0.375,-3.0334,-1.5016,False,1.0,0.3,0.1657,0.0078,infection,False,False,False,False,False
1352,Alpha-lipoic acid,Lamotrigine,0.9784,0.04738,0.06178,1.8604,0.0293,0.3427,0.012,0.0,0.0855,0.3,0.4,0.9091,0.75,0.7,1.0,-0.25,-1.7729,-3.0679,False,0.3333,0.55,0.0275,0.0,hepatic,False,False,False,False,False
1353,Azathioprine,Memantine,0.9783,0.04988,0.06409,1.4234,0.0309,0.2989,0.0135,0.0,0.1035,0.3,0.4,1.0,1.0,0.75,0.8667,0.325,-1.9886,-2.6276,True,0.3333,0.5,0.3196,0.0,infection,False,False,False,False,False
1354,Cholecalciferol,Vidofludimus calcium,0.978,0.04988,0.06409,1.756,0.0377,0.4486,0.0158,0.0,0.084,0.3,0.4,0.625,0.5,0.55,0.8667,-0.55,-2.0037,-1.6832,False,0.6667,0.5,0.1657,0.0,teratogenicity,False,False,False,False,False
1355,Cholecalciferol,Peginterferon beta-1a,0.9776,0.04489,0.05938,1.7454,0.0438,0.3737,0.0159,0.003,0.1172,0.2,0.4,0.7,0.5,0.55,0.6867,-0.4643,-2.0037,-2.577,False,0.6667,0.45,0.0912,0.0,hepatic,False,False,False,False,True
1356,Ofatumumab,Sirolimus,0.9775,0.03741,0.05212,1.6319,0.0642,0.4887,0.0241,0.0,0.1314,0.3,0.4,1.0,0.0,0.35,0.6867,0.2917,-2.3838,-2.0409,True,0.3333,0.375,0.2686,0.0676,infection,False,False,False,False,False
1357,Nicotinamide riboside,Riluzole,0.9774,0.02743,0.04221,1.9347,0.0326,0.396,0.0145,0.0,0.0822,0.2,0.4,0.9,0.75,0.65,1.0,-0.2833,-0.7234,-2.6115,False,0.3333,0.575,0.0686,0.0,hepatic,False,False,False,False,False
1358,Lamotrigine,Simvastatin,0.9772,0.24439,0.25099,0.8303,0.0319,0.3244,0.0117,0.0,0.0983,0.4,0.4,0.9,0.75,0.7,1.0,-0.3214,-3.0679,-1.7856,False,0.3333,0.5,0.1192,0.0082,hepatic,False,False,False,False,False
1359,Masitinib,Orelabrutinib,0.977,0.04738,0.06178,1.5228,0.0489,0.4944,0.0184,0.0,0.0988,0.3,0.4,0.6667,0.5,0.55,0.8667,-0.5143,-3.6789,-2.8405,False,0.3333,0.475,0.2263,0.0453,infection,False,False,False,False,False
1360,Mycophenolate mofetil,Pioglitazone,0.977,0.00249,0.00837,2.7764,0.0457,0.3164,0.0207,0.0,0.1444,0.6,0.6,1.0,0.5,0.4,0.8667,0.1429,-2.0615,-2.6661,True,0.3333,0.55,0.3727,0.0106,infection,False,False,False,False,False
1361,Azathioprine,Riluzole,0.9768,0.03741,0.05212,1.7576,0.0355,0.3024,0.0174,0.0,0.1174,0.3,0.4,1.0,1.0,0.65,1.0,0.35,-1.9886,-2.6115,True,0.3333,0.475,0.3608,0.0275,infection,False,False,False,False,False
1362,Sirolimus,Ublituximab,0.9768,0.02993,0.04463,1.7484,0.0633,0.4998,0.0241,0.0,0.1266,0.3,0.4,1.0,0.0,0.35,0.6867,0.3095,-2.0409,-2.5884,True,0.3333,0.4,0.2686,0.0676,infection,False,False,False,False,False
1363,Diroximel fumarate,Epigallocatechin gallate,0.9758,0.02244,0.03628,2.0145,0.0394,0.3859,0.0088,0.0,0.102,0.4,0.6,0.7273,0.5,0.55,1.0,-0.381,-1.9273,-1.555,False,0.3333,0.525,0.1591,0.0154,hepatic,False,False,False,False,False
1364,Cladribine,Ozanimod,0.9751,0.10723,0.11865,1.252,0.0474,0.4121,0.0205,0.0,0.115,0.3,0.2,0.9091,0.5,0.5,0.8667,-0.0714,-2.961,-1.8533,False,1.0,0.275,0.4176,0.0471,infection,False,False,False,False,False
1365,Frexalimab,Ublituximab,0.9751,0.15461,0.16492,0.983,0.0697,0.5824,0.0305,0.0,0.1197,0.2,0.2,0.75,0.0,0.1,0.64,-0.4018,-2.5456,-2.5884,False,0.6667,0.325,0.1814,0.0392,infection,False,False,False,False,False
1366,Cyclophosphamide,Laquinimod,0.975,0.00499,0.01301,2.3245,0.0532,0.3598,0.0216,0.0006,0.1479,0.5,0.6,0.8333,0.5,0.55,0.6867,-0.2917,-3.0549,-4.2322,False,0.6667,0.475,0.5424,0.0724,infection,False,False,False,False,False
1367,Firategrast,Hydroxychloroquine,0.9746,0.0399,0.05461,1.6099,0.0446,0.3712,0.0192,0.0,0.12,0.4,0.4,1.0,0.5,0.55,0.7333,0.0,-3.2771,-3.2153,False,0.3333,0.55,0.1863,0.0,infection,False,False,False,False,False
1368,Secukinumab,Ublituximab,0.9746,0.02743,0.04221,1.7317,0.0642,0.5772,0.025,0.0,0.1112,0.3,0.2,1.0,0.0,0.05,0.82,0.2679,-1.895,-2.5884,True,0.3333,0.375,0.1765,0.0343,infection,False,False,False,False,True
1369,Fingolimod,Methotrexate,0.974,0.05985,0.07304,1.4903,0.0458,0.3612,0.016,0.0,0.1269,0.4,0.4,0.8182,0.5,0.6,0.7333,-0.2,-1.9414,-2.3127,False,1.0,0.375,0.4606,0.0737,infection,False,False,False,False,False
1370,Amiloride,Idebenone,0.9739,0.00998,0.02038,2.4381,0.0266,0.351,0.0094,0.0,0.0757,0.3,0.4,0.8889,1.0,0.55,1.0,-0.125,-2.6837,-0.7029,False,0.3333,0.6,0.0549,0.0,cardiac,False,False,False,False,False
1371,Amiloride,Teriflunomide,0.9739,0.07731,0.08978,1.2762,0.0346,0.292,0.0105,0.0,0.1186,0.4,0.6,1.0,0.75,0.45,0.7333,-0.0536,-2.6837,-3.0107,False,0.3333,0.425,0.2686,0.0,teratogenicity,False,False,False,False,False
1372,Rituximab,Ustekinumab,0.9739,0.02743,0.04221,1.7172,0.076,0.5333,0.0368,0.0,0.1425,0.2,0.2,1.0,0.0,0.05,0.82,0.381,-2.5884,-1.9172,True,0.3333,0.35,0.1961,0.0431,infection,False,False,False,False,False
1373,Alemtuzumab,Epigallocatechin gallate,0.9736,0.01247,0.02374,2.2802,0.0539,0.3383,0.0126,0.0,0.1594,0.5,0.6,1.0,0.5,0.45,0.42,0.0833,-3.018,-1.555,True,0.3333,0.5,0.5069,0.0,autoimmunity,False,False,False,False,False
1374,Amiloride,Firategrast,0.9735,0.05985,0.07304,1.5135,0.0297,0.3352,0.0105,0.0,0.0887,0.3,0.4,1.0,1.0,0.45,1.0,0.125,-2.6837,-3.2771,True,0.3333,0.575,0.1324,0.0,infection,False,False,False,False,False
1375,Ozanimod,Phenytoin,0.9732,0.11471,0.12568,1.2209,0.0337,0.3628,0.0119,0.0,0.0929,0.3,0.4,1.0,0.75,0.7,0.8667,0.2,-1.8533,-2.5343,True,0.3333,0.4,0.3051,0.0165,hepatic,False,False,False,False,False
1376,Natalizumab-biosimilar,Rituximab,0.9729,0.04489,0.05938,1.6385,0.0654,0.542,0.0287,0.0,0.1207,0.3,0.2,1.0,0.0,0.05,0.5067,0.1429,-3.1195,-2.5884,True,0.6667,0.275,0.2402,0.0971,infection,False,False,False,False,False
1377,Pioglitazone,Simvastatin,0.9728,0.06484,0.0779,1.4827,0.0423,0.3928,0.0173,0.0,0.1077,0.5,0.6,0.7273,0.5,0.4,0.8667,-0.4286,-2.6661,-1.7856,False,0.3333,0.525,0.2142,0.0103,hepatic,False,False,False,False,False
1378,Cyclophosphamide,Fingolimod,0.9723,0.06733,0.08046,1.4761,0.0519,0.3859,0.0221,0.0035,0.1344,0.5,0.4,0.8333,0.5,0.6,0.5533,-0.2292,-3.0549,-1.9414,False,1.0,0.35,0.59,0.1031,infection,False,False,False,False,False
1379,Azathioprine,Fenebrutinib,0.9721,0.02244,0.03628,1.7363,0.0472,0.3365,0.0174,0.0,0.1401,0.4,0.4,1.0,0.5,0.6,1.0,0.0,-1.9886,-2.6962,False,0.6667,0.4,0.3917,0.0652,infection,False,False,False,False,False
1380,Pioglitazone,Sirolimus,0.972,0.01496,0.02705,2.1821,0.0488,0.3477,0.0238,0.0,0.1402,0.5,0.6,0.9167,0.5,0.4,0.8667,-0.1548,-2.6661,-2.0409,False,0.3333,0.575,0.3013,0.0174,infection,False,False,False,False,False
1381,Fingolimod,Mitoxantrone,0.9717,0.03491,0.0496,1.7166,0.0478,0.332,0.018,0.0035,0.144,0.6,0.4,0.9231,0.5,0.6,0.82,-0.0833,-1.9414,-3.0195,False,1.0,0.3,0.5886,0.1329,infection,False,False,False,False,False
1382,Ocrelizumab,Sirolimus,0.9716,0.06983,0.08242,1.4519,0.0682,0.4855,0.0241,0.0,0.1404,0.3,0.4,1.0,0.0,0.35,0.82,0.1944,-2.7449,-2.0409,True,0.3333,0.375,0.2835,0.0812,infection,False,False,False,False,False
1383,Cladribine,Peginterferon beta-1a,0.9715,0.02494,0.03925,1.9293,0.0537,0.3467,0.0258,0.003,0.1549,0.3,0.2,0.9231,0.5,0.3,0.5533,-0.0714,-2.961,-2.577,False,1.0,0.3,0.35,0.0176,infection,False,False,False,False,False
1384,Ofatumumab,Secukinumab,0.9706,0.01746,0.03019,1.7411,0.0651,0.5613,0.025,0.0,0.116,0.3,0.2,1.0,0.0,0.05,0.82,0.25,-2.3838,-1.895,True,0.3333,0.35,0.1765,0.0343,infection,False,False,False,False,True
1385,Cladribine,Ponesimod,0.9702,0.0798,0.09219,1.3615,0.0457,0.4107,0.0188,0.0,0.1113,0.3,0.2,0.9,0.5,0.45,0.6,-0.1964,-2.961,-1.5016,False,1.0,0.275,0.3833,0.0471,infection,False,False,False,False,False
1386,Cholecalciferol,Teriflunomide,0.9699,0.06733,0.08046,1.5493,0.0412,0.3731,0.0171,0.0,0.1103,0.3,0.4,0.8182,0.5,0.55,1.0,-0.3095,-2.0037,-3.0107,False,0.6667,0.425,0.2343,0.0,teratogenicity,False,False,False,False,False
1387,Frexalimab,Ofatumumab,0.9694,0.21696,0.22523,0.8351,0.0699,0.5842,0.0298,0.0,0.1197,0.2,0.2,0.6667,0.0,0.1,0.82,-0.5,-2.5456,-2.3838,False,0.6667,0.3,0.1814,0.0392,infection,False,False,False,False,True
1388,Lamotrigine,Methotrexate,0.9693,0.01496,0.02705,1.9319,0.0326,0.286,0.0133,0.0,0.1141,0.3,0.4,1.0,1.0,0.7,1.0,0.225,-3.0679,-2.3127,True,0.3333,0.525,0.2845,0.0165,infection,False,False,False,False,False
1389,Azathioprine,Temelimab,0.9691,0.00249,0.00837,3.0973,0.0477,0.2927,0.0174,0.0,0.163,0.5,0.6,1.0,0.5,0.25,0.6867,0.1875,-1.9886,-2.4721,True,0.3333,0.525,0.3284,0.0108,infection,False,False,False,False,False
1390,Fingolimod,Secukinumab,0.9691,0.11471,0.12568,1.1705,0.0496,0.3961,0.0197,0.0,0.1251,0.3,0.4,0.9091,0.5,0.6,0.6867,-0.0625,-1.9414,-1.895,False,0.3333,0.375,0.2951,0.0343,infection,False,False,False,False,False
1391,Daclizumab,Memantine,0.969,0.21945,0.22723,0.8168,0.0325,0.357,0.0135,0.0019,0.0911,0.2,0.4,1.0,1.0,0.75,0.82,0.25,-2.1815,-2.6276,True,0.3333,0.45,0.3696,0.0,autoimmunity,False,False,False,False,False
1392,Bexarotene,Phenytoin,0.9688,0.00249,0.00837,3.2771,0.0399,0.3435,0.0119,0.0009,0.1162,0.3,0.4,1.0,0.75,0.7,1.0,0.0476,-0.7904,-2.5343,True,0.3333,0.55,0.1798,0.0898,teratogenicity,False,False,False,False,False
1393,Cyclophosphamide,Simvastatin,0.9679,0.01746,0.03019,1.7909,0.0465,0.318,0.0202,0.0035,0.1461,0.6,0.6,1.0,0.5,0.35,0.82,0.0,-3.0549,-1.7856,False,0.6667,0.45,0.4765,0.0559,infection,False,False,False,False,False
1394,Inebilizumab,Remibrutinib,0.9679,0.18454,0.19417,1.0121,0.0547,0.4707,0.0198,0.0,0.1163,0.2,0.2,1.0,0.5,0.5,0.5533,0.0,-2.8083,-1.7308,False,0.3333,0.4,0.2471,0.0353,infection,False,False,False,False,False
1395,Evobrutinib,Sirolimus,0.9678,0.02494,0.03925,1.8936,0.0443,0.3784,0.0202,0.0,0.117,0.5,0.4,1.0,0.5,0.45,0.7333,0.1833,-2.076,-2.0409,True,0.3333,0.475,0.2705,0.0579,infection,False,False,False,False,False
1396,Cyclophosphamide,Oxcarbazepine,0.9676,0.00748,0.01683,2.1351,0.0362,0.3295,0.0099,0.0035,0.1099,0.3,0.4,1.0,1.0,0.7,0.82,0.75,-3.0549,-0.3516,True,0.3333,0.525,0.4627,0.0559,infection,False,False,False,False,False
1397,Bexarotene,Mycophenolate mofetil,0.9674,0.00249,0.00837,3.8878,0.0487,0.3432,0.0207,0.0009,0.142,0.4,0.4,1.0,0.5,0.55,0.8667,0.4857,-0.7904,-2.0615,True,0.3333,0.525,0.3157,0.0794,infection,False,False,False,False,False
1398,Cladribine,Hydroxychloroquine,0.9673,0.03242,0.04712,1.7197,0.0523,0.3436,0.0254,0.0,0.1521,0.4,0.4,1.0,0.5,0.55,0.8667,0.0,-2.961,-3.2153,False,0.3333,0.425,0.3647,0.0,infection,False,False,False,False,False
1399,Amiloride,Cholecalciferol,0.9664,0.02244,0.03628,1.9569,0.0305,0.2799,0.0105,0.0,0.1089,0.2,0.6,1.0,0.75,0.55,0.7333,-0.0417,-2.6837,-2.0037,False,0.3333,0.6,0.0343,0.0,cardiac,False,False,False,False,False
1400,Diroximel fumarate,Mycophenolate mofetil,0.9653,0.01995,0.0334,2.275,0.05,0.3953,0.0194,0.0,0.1265,0.4,0.4,0.9167,0.5,0.55,1.0,-0.1,-1.9273,-2.0615,False,0.3333,0.4,0.3245,0.0471,infection,False,False,False,False,False
1401,Frexalimab,Ocrelizumab,0.9648,0.17955,0.18922,0.8784,0.072,0.6017,0.0279,0.0,0.1197,0.2,0.2,0.5833,0.0,0.1,0.5067,-0.5903,-2.5456,-2.7449,False,0.6667,0.3,0.202,0.0471,infection,False,False,False,False,True
1402,Epigallocatechin gallate,Ponesimod,0.9646,0.01746,0.03019,2.0661,0.0327,0.3408,0.0126,0.0,0.096,0.5,0.6,1.0,0.5,0.45,1.0,0.0833,-1.555,-1.5016,True,0.3333,0.5,0.2002,0.0154,hepatic,False,False,False,False,False
1403,Hydroxychloroquine,Orelabrutinib,0.9634,0.06484,0.0779,1.4025,0.0439,0.485,0.0185,0.0,0.0905,0.3,0.4,0.625,0.5,0.55,0.7333,-0.55,-3.2153,-2.8405,False,0.3333,0.5,0.202,0.0,infection,False,False,False,False,False
1404,Firategrast,Vidofludimus calcium,0.9622,0.03741,0.05212,1.6803,0.041,0.367,0.0192,0.0,0.1118,0.5,0.4,1.0,0.5,0.4,0.8667,0.2,-3.2771,-1.6832,True,0.3333,0.475,0.2392,0.0245,infection,False,False,False,False,False
1405,Ozanimod,Tocilizumab,0.9622,0.07232,0.08491,1.4525,0.0551,0.478,0.0197,0.0,0.1152,0.3,0.2,0.9,0.5,0.5,0.6867,-0.0833,-1.8533,-1.8119,False,0.3333,0.35,0.2973,0.0635,infection,False,False,False,False,False
1406,Cladribine,Natalizumab-biosimilar,0.962,0.0399,0.05461,1.6008,0.0556,0.4006,0.0269,0.0,0.1387,0.4,0.2,1.0,0.5,0.3,0.5533,0.0,-2.961,-3.1195,False,0.6667,0.3,0.3471,0.1059,infection,False,False,False,False,False
1407,Firategrast,Ocrelizumab,0.9616,0.05237,0.06657,1.5805,0.0633,0.5148,0.0192,0.0,0.1229,0.4,0.2,1.0,0.0,0.3,0.5533,0.1667,-3.2771,-2.7449,True,0.3333,0.375,0.2098,0.0588,infection,False,False,False,False,False
1408,Nicotinamide riboside,Sirolimus,0.9616,0.00998,0.02038,2.1432,0.0395,0.3609,0.0154,0.0,0.1094,0.3,0.6,1.0,0.5,0.5,0.7333,0.0667,-0.7234,-2.0409,True,0.3333,0.6,0.1941,0.0,infection,False,False,False,False,False
1409,Azathioprine,Simvastatin,0.9606,0.05237,0.06657,1.6105,0.0376,0.2822,0.0174,0.0,0.1333,0.6,0.6,1.0,0.5,0.35,1.0,0.0,-1.9886,-1.7856,False,0.6667,0.45,0.362,0.0576,infection,False,False,False,False,False
1410,Fenebrutinib,Mycophenolate mofetil,0.9599,0.02244,0.03628,1.7507,0.0505,0.3572,0.0207,0.0,0.1413,0.4,0.4,1.0,0.5,0.6,1.0,0.0,-2.6962,-2.0615,False,0.3333,0.425,0.3549,0.0412,infection,False,False,False,False,False
1411,Cholecalciferol,Cladribine,0.9594,0.04988,0.06409,1.6898,0.0457,0.3535,0.0188,0.0,0.1293,0.2,0.4,0.9167,0.5,0.55,0.8667,-0.1548,-2.0037,-2.961,False,0.6667,0.45,0.2765,0.0,infection,False,False,False,False,False
1412,Hydroxychloroquine,Remibrutinib,0.9594,0.10224,0.11438,1.2475,0.0435,0.4491,0.0181,0.0,0.0968,0.3,0.4,0.7778,0.5,0.55,0.7333,-0.2667,-3.2153,-1.7308,False,0.3333,0.5,0.2088,0.0,hepatic,False,False,False,False,False
1413,Cladribine,Vidofludimus calcium,0.9592,0.05985,0.07304,1.4372,0.0474,0.3763,0.0205,0.0,0.126,0.4,0.4,0.9091,0.5,0.4,0.7333,-0.1714,-2.961,-1.6832,False,0.6667,0.35,0.351,0.0912,infection,False,False,False,False,False
1414,Cyclophosphamide,Masitinib,0.9591,0.01247,0.02374,1.9431,0.0567,0.3595,0.0263,0.0035,0.1579,0.5,0.4,1.0,0.5,0.5,0.6867,0.0,-3.0549,-3.6789,False,0.6667,0.475,0.5271,0.0631,infection,False,False,False,False,False
1415,Cladribine,Phenytoin,0.959,0.01496,0.02705,1.791,0.0388,0.3261,0.0119,0.0,0.119,0.3,0.4,1.0,0.75,0.7,0.7333,0.2857,-2.961,-2.5343,True,0.3333,0.425,0.3392,0.0706,infection,False,False,False,False,False
1416,Cyclophosphamide,Metformin,0.9583,0.00499,0.01301,2.521,0.052,0.3681,0.0248,0.0035,0.1414,0.5,0.6,0.9286,0.5,0.4,0.82,-0.0833,-3.0549,-1.6488,False,0.3333,0.475,0.4461,0.0,infection,False,False,False,False,False
1417,Cholecalciferol,Secukinumab,0.9581,0.03242,0.04712,1.8121,0.0393,0.45,0.0142,0.0,0.0873,0.2,0.4,0.75,0.5,0.55,0.6867,-0.4167,-2.0037,-1.895,False,0.3333,0.55,0.0686,0.0,infection,False,False,False,False,True
1418,Metformin,Methotrexate,0.9581,0.00499,0.01301,2.5956,0.0454,0.3388,0.0181,0.0,0.1339,0.4,0.6,0.9231,0.5,0.4,1.0,-0.0444,-1.6488,-2.3127,False,0.3333,0.5,0.279,0.0082,infection,False,False,False,False,False
1419,Cladribine,Orelabrutinib,0.958,0.03242,0.04712,1.6669,0.0493,0.356,0.0224,0.0,0.1385,0.4,0.4,1.0,0.5,0.55,0.6,0.0,-2.961,-2.8405,False,0.3333,0.375,0.3549,0.0353,infection,False,False,False,False,False
1420,Interferon beta-1a,Natalizumab,0.9579,0.01496,0.02705,1.8677,0.0692,0.3972,0.0289,0.0031,0.1743,0.4,0.2,0.7857,0.0,0.1,0.6867,-0.3542,-3.5867,-3.0541,False,1.0,0.25,0.2833,0.0265,infection,False,False,False,False,False
1421,Alpha-lipoic acid,Simvastatin,0.9578,0.05985,0.07304,1.6624,0.0364,0.3304,0.0162,0.0,0.1101,0.5,0.4,0.9286,0.5,0.5,1.0,-0.0714,-1.7729,-1.7856,False,0.3333,0.5,0.1,0.0,teratogenicity,False,False,False,False,False
1422,Cyclophosphamide,Pioglitazone,0.9574,0.00249,0.00837,2.8988,0.0512,0.3281,0.025,0.0035,0.1561,0.7,0.6,1.0,0.5,0.4,0.6867,0.0714,-3.0549,-2.6661,True,0.3333,0.525,0.5122,0.0447,infection,False,False,False,False,False
1423,Metformin,Mitoxantrone,0.9569,0.00249,0.00837,2.6808,0.0471,0.3122,0.0199,0.0035,0.151,0.6,0.6,1.0,0.5,0.4,0.5533,0.0556,-1.6488,-3.0195,True,0.3333,0.425,0.4745,0.0,malignancy,False,False,False,False,False
1424,Alemtuzumab,Vidofludimus calcium,0.9568,0.07481,0.08723,1.4853,0.058,0.4482,0.0167,0.0,0.1294,0.4,0.4,0.75,0.5,0.4,0.5533,-0.55,-3.018,-1.6832,False,0.6667,0.325,0.5716,0.0392,infection,False,False,False,False,False
1425,Frexalimab,Ponesimod,0.9567,0.07731,0.08978,1.3903,0.0527,0.5224,0.0174,0.0,0.1009,0.3,0.2,0.8,0.0,0.45,0.6867,-0.3125,-2.5456,-1.5016,False,0.6667,0.325,0.201,0.0314,infection,False,False,False,False,False
1426,Alemtuzumab,Cholecalciferol,0.9565,0.10474,0.11653,1.3132,0.0563,0.4493,0.015,0.0,0.1253,0.2,0.4,0.6667,0.5,0.55,0.6867,-0.5333,-3.018,-2.0037,False,0.6667,0.425,0.4451,0.0,autoimmunity,False,False,False,False,False
1427,Evobrutinib,Hydroxychloroquine,0.9565,0.06983,0.08242,1.335,0.0432,0.4461,0.0178,0.0,0.0968,0.3,0.4,0.7778,0.5,0.55,0.7333,-0.2667,-2.076,-3.2153,False,0.3333,0.475,0.2225,0.0,hepatic,False,False,False,False,False
1428,Epigallocatechin gallate,Firategrast,0.9563,0.00998,0.02038,2.2677,0.0318,0.3393,0.0126,0.0,0.0938,0.5,0.6,1.0,0.5,0.45,1.0,0.1667,-1.555,-3.2771,True,0.3333,0.65,0.1598,0.0,infection,False,False,False,False,False
1429,Simvastatin,Sirolimus,0.9561,0.10224,0.11438,1.2853,0.0433,0.337,0.0192,0.0,0.1286,0.5,0.6,0.9167,0.5,0.35,0.7333,-0.1548,-1.7856,-2.0409,False,0.3333,0.5,0.2818,0.0124,infection,False,False,False,False,False
1430,Secukinumab,Vidofludimus calcium,0.956,0.05736,0.0709,1.4283,0.0402,0.479,0.0152,0.0,0.0839,0.4,0.4,0.7143,0.5,0.4,0.82,-0.35,-1.895,-1.6832,False,0.3333,0.45,0.2172,0.0172,infection,False,False,False,False,False
1431,Methotrexate,Oxcarbazepine,0.9558,0.00249,0.00837,2.4819,0.0292,0.2855,0.0099,0.0,0.1024,0.3,0.4,1.0,1.0,0.7,1.0,0.5333,-2.3127,-0.3516,True,0.3333,0.55,0.2875,0.0724,infection,False,False,False,False,False
1432,Cholecalciferol,Epigallocatechin gallate,0.9552,0.00499,0.01301,2.6511,0.0326,0.2858,0.0126,0.0,0.114,0.4,0.6,1.0,0.5,0.55,0.7333,0.0833,-2.0037,-1.555,True,0.3333,0.675,0.0618,0.0,hepatic,False,False,False,False,False
1433,Azathioprine,Lamotrigine,0.9551,0.01247,0.02374,1.9761,0.0308,0.2828,0.0133,0.0,0.1087,0.3,0.4,1.0,1.0,0.7,1.0,0.325,-1.9886,-3.0679,True,0.3333,0.5,0.3361,0.011,infection,False,False,False,False,False
1434,Azathioprine,Fingolimod,0.955,0.08229,0.09458,1.4037,0.0441,0.3631,0.0143,0.0,0.1216,0.4,0.4,0.8182,0.5,0.6,0.7333,-0.2,-1.9886,-1.9414,False,1.0,0.35,0.51,0.0704,infection,False,False,False,False,False
1435,Lamotrigine,Nicotinamide riboside,0.9549,0.02993,0.04463,2.0511,0.0276,0.376,0.0122,0.0,0.0735,0.2,0.4,0.875,0.75,0.7,1.0,-0.45,-3.0679,-0.7234,False,0.3333,0.6,0.0275,0.0,hepatic,False,False,False,False,False
1436,Ocrelizumab,Secukinumab,0.9546,0.04489,0.05938,1.6073,0.0691,0.5525,0.025,0.0,0.1251,0.3,0.2,1.0,0.0,0.05,0.6867,0.1111,-2.7449,-1.895,True,0.3333,0.35,0.198,0.0412,infection,False,False,False,False,True
1437,Amiloride,Ozanimod,0.9543,0.06983,0.08242,1.458,0.0323,0.3415,0.0105,0.0,0.0946,0.3,0.4,1.0,0.75,0.5,0.7333,0.2,-2.6837,-1.8533,True,0.3333,0.425,0.2123,0.0103,infection,False,False,False,False,False
1438,Remibrutinib,Sirolimus,0.9542,0.02743,0.04221,1.6079,0.0439,0.3803,0.0198,0.0,0.1155,0.4,0.4,1.0,0.5,0.5,0.7333,0.1833,-1.7308,-2.0409,True,0.3333,0.5,0.2609,0.0538,infection,False,False,False,False,False
1439,Frexalimab,Natalizumab-biosimilar,0.954,0.04738,0.06178,1.6053,0.064,0.4411,0.0287,0.0,0.1451,0.4,0.2,1.0,0.0,0.1,0.64,0.125,-2.5456,-3.1195,True,0.6667,0.35,0.1843,0.0706,infection,False,False,False,False,False
1440,Frexalimab,Glatiramer acetate,0.9539,0.00998,0.02038,2.1047,0.0608,0.4416,0.0255,0.0,0.1376,0.4,0.2,0.8571,0.0,0.1,0.6867,-0.1875,-2.5456,-3.0334,False,0.6667,0.375,0.0902,0.0078,infection,False,False,False,False,True
1441,Ozanimod,Sirolimus,0.9533,0.04988,0.06409,1.6461,0.0428,0.5119,0.0187,0.0,0.0837,0.3,0.4,0.7778,0.5,0.5,1.0,-0.1833,-1.8533,-2.0409,False,0.3333,0.4,0.3229,0.0594,infection,False,False,False,False,False
1442,Rituximab,Sirolimus,0.9516,0.03741,0.05212,1.5712,0.0609,0.4807,0.0241,0.0,0.1266,0.3,0.4,1.0,0.0,0.35,0.82,0.3095,-2.5884,-2.0409,True,0.3333,0.4,0.2796,0.0753,infection,False,False,False,False,False
1443,Alemtuzumab,Evobrutinib,0.9515,0.02993,0.04463,1.7156,0.0615,0.3724,0.0202,0.0,0.165,0.4,0.2,1.0,0.5,0.45,0.42,0.0,-3.018,-2.076,False,0.6667,0.325,0.5324,0.0471,infection,False,False,False,False,False
1444,Frexalimab,Rituximab,0.9512,0.15711,0.16732,1.0484,0.0676,0.5648,0.0308,0.0,0.1197,0.2,0.2,0.75,0.0,0.1,0.5067,-0.4018,-2.5456,-2.5884,False,0.6667,0.325,0.1961,0.0431,infection,False,False,False,False,False
1445,Mycophenolate mofetil,Simvastatin,0.9509,0.0399,0.05461,1.5678,0.0409,0.3044,0.0202,0.0,0.1344,0.6,0.6,1.0,0.5,0.35,1.0,0.0,-2.0615,-1.7856,False,0.3333,0.475,0.3059,0.0529,infection,False,False,False,False,False
1446,Alpha-lipoic acid,Nicotinamide riboside,0.9507,0.00249,0.00837,2.8744,0.032,0.3747,0.0146,0.0,0.0853,0.4,0.4,0.9167,0.5,0.5,1.0,-0.2,-1.7729,-0.7234,False,0.3333,0.6,0.0,0.0,,False,False,False,False,True
1447,Cyclophosphamide,Memantine,0.9506,0.13965,0.15031,1.0418,0.0368,0.3522,0.0106,0.0006,0.1046,0.3,0.4,0.8889,1.0,0.75,0.6867,0.0833,-3.0549,-2.6276,True,0.3333,0.5,0.4324,0.0,infection,False,False,False,False,False
1448,Azathioprine,Oxcarbazepine,0.9505,0.00249,0.00837,2.5049,0.0274,0.282,0.0099,0.0,0.097,0.3,0.4,1.0,1.0,0.7,1.0,0.7333,-1.9886,-0.3516,True,0.3333,0.525,0.3537,0.0522,infection,False,False,False,False,False
1449,Methotrexate,Simvastatin,0.9498,0.09227,0.10468,1.3211,0.0387,0.3025,0.0185,0.0,0.1278,0.5,0.6,0.9091,0.5,0.35,1.0,-0.1714,-2.3127,-1.7856,False,0.6667,0.475,0.2929,0.0806,hepatic,False,False,False,False,False
1450,Alpha-lipoic acid,Methotrexate,0.949,0.00499,0.01301,2.5642,0.0366,0.2911,0.0173,0.0,0.1258,0.5,0.6,1.0,0.5,0.5,1.0,0.0714,-1.7729,-2.3127,True,0.3333,0.525,0.2735,0.0,infection,False,False,False,False,False
1451,Bexarotene,Methotrexate,0.949,0.00249,0.00837,3.862,0.0473,0.3236,0.0193,0.0009,0.1462,0.4,0.4,1.0,0.5,0.55,0.8667,0.4571,-0.7904,-2.3127,True,0.3333,0.525,0.2972,0.1126,hepatic,False,False,False,False,False
1452,Cholecalciferol,Firategrast,0.9485,0.01995,0.0334,1.9566,0.0391,0.3398,0.0192,0.0,0.1151,0.3,0.4,1.0,0.5,0.55,0.7333,0.0833,-2.0037,-3.2771,True,0.3333,0.575,0.098,0.0,infection,False,False,False,False,False
1453,Secukinumab,Teriflunomide,0.9479,0.06983,0.08242,1.3624,0.0446,0.4044,0.0196,0.0,0.1103,0.4,0.4,0.9,0.5,0.4,0.6867,-0.125,-1.895,-3.0107,False,0.3333,0.375,0.2824,0.0206,infection,False,False,False,False,False
1454,Daclizumab,Fingolimod,0.9474,0.17207,0.18191,0.9863,0.0455,0.4162,0.0156,0.0019,0.1092,0.3,0.4,0.8,0.5,0.6,0.6867,-0.25,-2.1815,-1.9414,False,1.0,0.3,0.5541,0.0763,autoimmunity,False,False,False,False,False
1455,Ocrelizumab,Tocilizumab,0.9473,0.02993,0.04463,1.6655,0.0794,0.5156,0.0353,0.0,0.154,0.3,0.2,1.0,0.0,0.1,0.5067,0.1111,-2.7449,-1.8119,True,0.3333,0.325,0.2725,0.0706,infection,False,False,False,False,False
1456,Metformin,Sirolimus,0.9471,0.09975,0.11228,1.3893,0.0457,0.4068,0.0185,0.0,0.1125,0.3,0.6,0.6364,0.5,0.4,0.7333,-0.5,-1.6488,-2.0409,False,0.3333,0.525,0.2037,0.0041,infection,False,False,False,False,False
1457,Mycophenolate mofetil,Phenytoin,0.9466,0.01746,0.03019,1.8136,0.0327,0.3119,0.0119,0.0,0.1047,0.3,0.4,1.0,1.0,0.7,0.8667,0.2,-2.0615,-2.5343,True,0.3333,0.525,0.3216,0.0706,infection,False,False,False,False,False
1458,Ofatumumab,Tocilizumab,0.9465,0.03741,0.05212,1.7087,0.0754,0.5203,0.0353,0.0,0.1449,0.3,0.2,1.0,0.0,0.1,0.82,0.125,-2.3838,-1.8119,True,0.3333,0.325,0.2559,0.0588,infection,False,False,False,False,False
1459,Rituximab,Secukinumab,0.9465,0.01746,0.03019,1.7952,0.0618,0.5554,0.025,0.0,0.1112,0.3,0.2,1.0,0.0,0.05,0.6867,0.2679,-2.5884,-1.895,True,0.3333,0.375,0.1917,0.0377,infection,False,False,False,False,False
1460,Daclizumab,Oxcarbazepine,0.946,0.04988,0.06409,1.4572,0.029,0.3421,0.0099,0.0019,0.0847,0.2,0.4,1.0,1.0,0.7,0.6867,0.7083,-2.1815,-0.3516,True,0.3333,0.475,0.4312,0.0247,autoimmunity,False,False,False,False,False
1461,Epigallocatechin gallate,Sirolimus,0.9459,0.00499,0.01301,2.3243,0.0367,0.33,0.0126,0.0,0.1113,0.5,0.6,1.0,0.5,0.45,0.7333,0.1667,-1.555,-2.0409,True,0.3333,0.65,0.2374,0.0185,infection,False,False,False,False,False
1462,Tocilizumab,Ublituximab,0.9458,0.03491,0.0496,1.7925,0.0745,0.5315,0.0353,0.0,0.1401,0.3,0.2,1.0,0.0,0.1,0.64,0.1429,-1.8119,-2.5884,True,0.3333,0.35,0.2559,0.0588,infection,False,False,False,False,False
1463,Azathioprine,Bexarotene,0.9456,0.00249,0.00837,4.1766,0.0454,0.3225,0.0174,0.0009,0.1408,0.4,0.4,1.0,0.5,0.55,0.8667,0.6571,-1.9886,-0.7904,True,0.3333,0.5,0.3749,0.081,infection,False,False,False,False,False
1464,Alpha-lipoic acid,Oxcarbazepine,0.9446,0.02244,0.03628,2.0603,0.026,0.3521,0.0087,0.0,0.0738,0.3,0.4,0.9,0.75,0.7,1.0,0.0476,-1.7729,-0.3516,True,0.3333,0.575,0.0863,0.0,teratogenicity,False,False,False,False,False
1465,Azathioprine,Metformin,0.9444,0.00748,0.01683,2.4336,0.0436,0.3393,0.0164,0.0,0.1285,0.4,0.6,0.9231,0.5,0.4,1.0,0.0667,-1.9886,-1.6488,True,0.3333,0.475,0.3278,0.0055,infection,False,False,False,False,False
1466,Daclizumab,Simvastatin,0.9443,0.16958,0.17956,1.0204,0.0392,0.3243,0.019,0.0019,0.1209,0.5,0.6,1.0,0.5,0.35,0.6867,0.0,-2.1815,-1.7856,False,0.6667,0.4,0.4325,0.0371,autoimmunity,False,False,False,False,False
1467,Firategrast,Teriflunomide,0.9436,0.02993,0.04463,1.5679,0.0433,0.3466,0.0192,0.0,0.1248,0.5,0.4,1.0,0.5,0.4,0.7333,0.0714,-3.2771,-3.0107,True,0.3333,0.4,0.3029,0.0294,infection,False,False,False,False,False
1468,Alpha-lipoic acid,Cyclophosphamide,0.943,0.01247,0.02374,2.5054,0.0436,0.327,0.0173,0.0035,0.1333,0.5,0.6,1.0,0.5,0.5,0.82,0.1548,-1.7729,-3.0549,True,0.3333,0.5,0.4324,0.0,infection,False,False,False,False,False
1469,Cladribine,Epigallocatechin gallate,0.943,0.00998,0.02038,2.3365,0.0395,0.314,0.0126,0.0,0.1259,0.5,0.6,1.0,0.5,0.45,0.6,0.0833,-2.961,-1.555,True,0.3333,0.525,0.3382,0.0,infection,False,False,False,False,False
1470,Firategrast,Ofatumumab,0.9428,0.05985,0.07304,1.4563,0.0593,0.5208,0.0192,0.0,0.1138,0.3,0.2,1.0,0.0,0.3,0.6867,0.1875,-3.2771,-2.3838,True,0.3333,0.375,0.1912,0.049,infection,False,False,False,False,False
1471,Interferon beta-1a,Ponesimod,0.9428,0.02993,0.04463,1.8448,0.0512,0.3898,0.0172,0.0031,0.1313,0.4,0.2,0.8182,0.0,0.45,0.82,-0.3611,-3.5867,-1.5016,False,1.0,0.275,0.223,0.0289,infection,False,False,False,False,False
1472,Epigallocatechin gallate,Memantine,0.9421,0.04988,0.06409,1.5305,0.0254,0.3616,0.0119,0.0,0.0702,0.3,0.4,0.8889,0.75,0.75,0.8667,-0.25,-1.555,-2.6276,False,0.3333,0.65,0.0618,0.0,hepatic,False,False,False,False,False
1473,Fenebrutinib,Mitoxantrone,0.9419,0.03491,0.0496,1.6717,0.0488,0.3616,0.0191,0.0035,0.1351,0.5,0.4,0.9167,0.5,0.6,0.5533,-0.1548,-2.6962,-3.0195,False,0.6667,0.35,0.5569,0.0412,infection,False,False,False,False,False
1474,Daclizumab,Lamotrigine,0.9418,0.13466,0.14541,1.0795,0.0324,0.3357,0.0133,0.0019,0.0964,0.2,0.4,1.0,1.0,0.7,0.6867,0.25,-2.1815,-3.0679,True,0.3333,0.45,0.3724,0.0247,autoimmunity,False,False,False,False,False
1475,Bexarotene,Cyclophosphamide,0.9412,0.00249,0.00837,3.8379,0.0543,0.3531,0.0263,0.0044,0.1537,0.5,0.4,1.0,0.5,0.55,0.6867,0.381,-0.7904,-3.0549,True,0.3333,0.5,0.4848,0.0838,infection,False,False,False,False,False
1476,Azathioprine,Nicotinamide riboside,0.9409,0.00249,0.00837,3.2214,0.0328,0.3025,0.0154,0.0,0.1085,0.4,0.6,1.0,0.5,0.5,1.0,0.6,-1.9886,-0.7234,True,0.3333,0.55,0.3196,0.0,infection,False,False,False,False,False
1477,Epigallocatechin gallate,Idebenone,0.9406,0.00249,0.00837,2.7526,0.0291,0.3596,0.0119,0.0,0.0808,0.4,0.4,0.9091,0.75,0.55,1.0,-0.1667,-1.555,-0.7029,False,0.3333,0.675,0.0731,0.0093,hepatic,False,False,False,False,False
1478,Cyclophosphamide,Riluzole,0.9398,0.14464,0.15552,1.0675,0.0408,0.3445,0.0146,0.0,0.1186,0.3,0.4,0.9091,1.0,0.65,0.82,0.0833,-3.0549,-2.6115,True,0.3333,0.475,0.501,0.0,infection,False,False,False,False,False
1479,Azathioprine,Pioglitazone,0.9392,0.00249,0.00837,2.9912,0.0424,0.2958,0.0174,0.0,0.1433,0.6,0.6,1.0,0.5,0.4,0.8667,0.1429,-1.9886,-2.6661,True,0.3333,0.525,0.4127,0.0314,infection,False,False,False,False,False
1480,Hydroxychloroquine,Masitinib,0.9392,0.1596,0.16988,1.0009,0.0499,0.491,0.0195,0.0,0.1017,0.2,0.4,0.5556,0.5,0.55,0.8667,-0.619,-3.2153,-3.6789,False,0.3333,0.525,0.2378,0.0082,infection,False,False,False,False,False
1481,Firategrast,Ublituximab,0.9391,0.06983,0.08242,1.3543,0.0584,0.5352,0.0192,0.0,0.109,0.3,0.2,1.0,0.0,0.3,0.6867,0.1429,-3.2771,-2.5884,True,0.3333,0.4,0.1912,0.049,infection,False,False,False,False,False
1482,Laquinimod,Mitoxantrone,0.9391,0.01746,0.03019,2.056,0.0476,0.3247,0.016,0.0006,0.1468,0.5,0.6,0.8333,0.5,0.55,0.6867,-0.2917,-4.2322,-3.0195,False,0.6667,0.425,0.5467,0.0965,malignancy,False,False,False,False,False
1483,Alemtuzumab,Remibrutinib,0.9375,0.05985,0.07304,1.4842,0.0611,0.3737,0.0198,0.0,0.1636,0.3,0.2,1.0,0.5,0.5,0.42,0.0,-3.018,-1.7308,False,0.6667,0.35,0.5186,0.0471,infection,False,False,False,False,False
1484,Azathioprine,Masitinib,0.9374,0.02743,0.04221,1.7505,0.0479,0.3303,0.0174,0.0,0.145,0.4,0.4,1.0,0.5,0.5,0.8667,0.0,-1.9886,-3.6789,False,0.6667,0.475,0.415,0.0625,infection,False,False,False,False,False
1485,Lamotrigine,Memantine,0.9364,0.30673,0.31043,0.5835,0.0243,0.4705,0.0108,0.0,0.0516,0.1,0.2,0.4,1.0,0.75,0.8667,-1.0,-3.0679,-2.6276,False,0.3333,0.55,0.0275,0.0,hepatic,False,False,False,False,False
1486,Oxcarbazepine,Simvastatin,0.9364,0.19701,0.20643,0.9473,0.0286,0.3302,0.0084,0.0,0.0866,0.4,0.4,0.8889,0.75,0.7,1.0,-0.0238,-0.3516,-1.7856,False,0.3333,0.525,0.1427,0.0435,teratogenicity,False,False,False,False,False
1487,Bexarotene,Mitoxantrone,0.9363,0.00249,0.00837,4.0256,0.0479,0.3269,0.0199,0.0044,0.1466,0.6,0.4,1.0,0.5,0.55,0.6867,0.5357,-0.7904,-3.0195,True,0.3333,0.45,0.5265,0.0706,malignancy,False,False,False,False,False
1488,Amiloride,Evobrutinib,0.9358,0.07232,0.08491,1.3966,0.0307,0.3296,0.0105,0.0,0.0932,0.4,0.4,1.0,0.75,0.45,1.0,-0.125,-2.6837,-2.076,False,0.3333,0.5,0.1686,0.0,hepatic,False,False,False,False,False
1489,Alpha-lipoic acid,Azathioprine,0.9357,0.00998,0.02038,2.671,0.0348,0.2885,0.0173,0.0,0.1205,0.5,0.6,1.0,0.5,0.5,1.0,0.1714,-1.7729,-1.9886,True,0.3333,0.5,0.3196,0.0,infection,False,False,False,False,False
1490,Alpha-lipoic acid,Phenytoin,0.9353,0.01746,0.03019,2.1295,0.0279,0.3473,0.0106,0.0,0.0804,0.3,0.4,0.9,0.75,0.7,0.8667,-0.3333,-1.7729,-2.5343,False,0.3333,0.55,0.1333,0.0,teratogenicity,False,False,False,False,False
1491,Cladribine,Ustekinumab,0.9352,0.06733,0.08046,1.3939,0.0646,0.4529,0.0253,0.0,0.1426,0.2,0.2,0.9167,0.5,0.3,0.6867,-0.1548,-2.961,-1.9172,False,0.3333,0.375,0.3078,0.0471,infection,False,False,False,False,False
1492,Phenytoin,Simvastatin,0.9349,0.20449,0.2136,0.926,0.0305,0.3274,0.0103,0.0,0.0931,0.4,0.4,0.8889,0.75,0.7,0.8667,-0.4048,-2.5343,-1.7856,False,0.3333,0.5,0.1698,0.0635,teratogenicity,False,False,False,False,False
1493,Cladribine,Frexalimab,0.9346,0.24688,0.25329,0.7343,0.0566,0.4865,0.0213,0.0,0.1164,0.2,0.2,0.6364,0.5,0.3,0.5533,-0.5357,-2.961,-2.5456,False,0.6667,0.35,0.3078,0.0471,infection,False,False,False,False,False
1494,Glatiramer acetate,Interferon beta-1a,0.9333,0.03242,0.04712,2.1406,0.0569,0.3841,0.0229,0.0031,0.1482,0.4,0.2,0.6923,0.0,0.1,0.82,-0.4722,-3.0334,-3.5867,False,1.0,0.325,0.1147,0.0029,hepatic,False,False,False,False,True
1495,Frexalimab,Interferon beta-1a,0.9331,0.02244,0.03628,1.8105,0.0665,0.3969,0.0312,0.0031,0.1675,0.4,0.2,0.8667,0.0,0.1,0.6867,-0.1736,-2.5456,-3.5867,False,0.6667,0.35,0.1647,0.0118,infection,False,False,False,False,False
1496,Epigallocatechin gallate,Pioglitazone,0.9328,0.00748,0.01683,2.5391,0.0368,0.3207,0.0118,0.0,0.1148,0.5,0.6,0.9167,0.5,0.45,0.8667,0.0,-1.555,-2.6661,False,0.3333,0.675,0.1708,0.0154,hepatic,False,False,False,False,False
1497,Daclizumab,Temelimab,0.9327,0.01247,0.02374,2.1414,0.0493,0.3274,0.019,0.0019,0.1506,0.4,0.6,1.0,0.5,0.15,0.82,0.1875,-2.1815,-2.4721,True,0.3333,0.475,0.3814,0.0078,autoimmunity,False,False,False,False,False
1498,Methotrexate,Temelimab,0.931,0.00998,0.02038,2.3218,0.0488,0.3095,0.0185,0.0,0.1575,0.4,0.6,0.9167,0.5,0.2,0.6867,0.025,-2.3127,-2.4721,True,0.3333,0.55,0.2833,0.0098,infection,False,False,False,False,False
1499,Cladribine,Evobrutinib,0.93,0.06234,0.07553,1.5168,0.0471,0.3578,0.0202,0.0,0.1315,0.4,0.2,1.0,0.5,0.45,0.6,0.0,-2.961,-2.076,False,0.6667,0.35,0.3755,0.0353,infection,False,False,False,False,False
1500,Inebilizumab,Ustekinumab,0.9291,0.05736,0.0709,1.4752,0.0741,0.5054,0.0349,0.0,0.1467,0.2,0.2,1.0,0.0,0.05,0.82,0.2381,-2.8083,-1.9172,True,0.3333,0.4,0.1931,0.0471,infection,False,False,False,False,False
1501,Natalizumab,Peginterferon beta-1a,0.9291,0.01995,0.0334,1.9553,0.0649,0.3966,0.0245,0.003,0.1636,0.3,0.2,0.8462,0.0,0.1,0.82,-0.2679,-3.0541,-2.577,False,1.0,0.25,0.2765,0.0265,infection,False,False,False,False,False
1502,Natalizumab,Ustekinumab,0.9291,0.01247,0.02374,2.0588,0.0796,0.4418,0.0393,0.0,0.1803,0.3,0.2,1.0,0.0,0.05,0.6867,0.0833,-3.0541,-1.9172,True,0.3333,0.325,0.2196,0.0706,infection,False,False,False,False,False
1503,Glatiramer acetate,Natalizumab-biosimilar,0.9288,0.00249,0.00837,2.4761,0.0571,0.3921,0.0284,0.0,0.1456,0.5,0.2,1.0,0.0,0.05,0.6867,0.0,-3.0334,-3.1195,False,0.6667,0.325,0.1784,0.0176,infection,False,False,False,False,False
1504,Ozanimod,Secukinumab,0.9278,0.10973,0.12088,1.2196,0.0423,0.4898,0.0172,0.0,0.0863,0.2,0.2,0.875,0.5,0.5,0.6867,-0.125,-1.8533,-1.895,False,0.3333,0.375,0.2294,0.0275,infection,False,False,False,False,False
1505,Evobrutinib,Firategrast,0.9274,0.02743,0.04221,1.6351,0.0394,0.3958,0.0192,0.0,0.0994,0.5,0.2,1.0,0.5,0.45,1.0,0.1,-2.076,-3.2771,True,0.3333,0.475,0.2029,0.0294,infection,False,False,False,False,False
1506,Methotrexate,Ocrelizumab,0.9268,0.10474,0.11653,1.2704,0.0634,0.4376,0.0193,0.0,0.1448,0.3,0.2,1.0,0.0,0.2,0.5533,0.1111,-2.3127,-2.7449,True,1.0,0.35,0.3853,0.0588,infection,False,False,False,False,False
1507,Nicotinamide riboside,Simvastatin,0.9263,0.05237,0.06657,1.6809,0.0347,0.3535,0.0145,0.0,0.098,0.4,0.4,0.9091,0.5,0.5,1.0,-0.2,-0.7234,-1.7856,False,0.3333,0.55,0.1,0.0,teratogenicity,False,False,False,False,False
1508,Nicotinamide riboside,Oxcarbazepine,0.9262,0.02494,0.03925,2.3307,0.0243,0.3933,0.0089,0.0,0.0618,0.2,0.4,0.8571,0.75,0.7,1.0,0.0333,-0.7234,-0.3516,True,0.3333,0.625,0.0863,0.0,teratogenicity,False,False,False,False,False
1509,Mitoxantrone,Oxcarbazepine,0.9259,0.00748,0.01683,2.0554,0.0298,0.2905,0.0099,0.0035,0.1028,0.4,0.4,1.0,1.0,0.7,0.5533,0.6667,-3.0195,-0.3516,True,0.3333,0.475,0.5,0.0471,malignancy,False,False,False,False,False
1510,Natalizumab,Sirolimus,0.9256,0.00998,0.02038,2.2525,0.0645,0.3924,0.0241,0.0,0.1643,0.4,0.4,1.0,0.0,0.35,0.6867,0.1667,-3.0541,-2.0409,True,0.3333,0.375,0.3,0.1059,infection,False,False,False,False,False
1511,Glatiramer acetate,Interferon beta-1b,0.9249,0.00748,0.01683,2.319,0.0539,0.3636,0.0235,0.0029,0.1482,0.4,0.2,0.7692,0.0,0.1,0.82,-0.375,-3.0334,-3.2696,False,1.0,0.325,0.1147,0.0029,hepatic,False,False,False,False,True
1512,Cyclophosphamide,Lamotrigine,0.9246,0.09227,0.10468,1.2737,0.0367,0.3338,0.0104,0.0006,0.1099,0.3,0.4,0.8889,1.0,0.7,0.82,0.0833,-3.0549,-3.0679,True,0.3333,0.5,0.4598,0.0,infection,False,False,False,False,False
1513,Masitinib,Mycophenolate mofetil,0.9246,0.00748,0.01683,1.8804,0.0512,0.3503,0.0207,0.0,0.1462,0.4,0.4,1.0,0.5,0.5,0.8667,0.0,-3.6789,-2.0615,False,0.3333,0.5,0.3755,0.0412,infection,False,False,False,False,False
1514,Daclizumab,Pioglitazone,0.9225,0.00998,0.02038,2.1197,0.044,0.336,0.019,0.0019,0.1309,0.5,0.6,1.0,0.5,0.4,0.82,0.1429,-2.1815,-2.6661,True,0.3333,0.475,0.4632,0.0309,autoimmunity,False,False,False,False,False
1515,Rituximab,Tocilizumab,0.9223,0.02494,0.03925,1.7009,0.0721,0.5142,0.0353,0.0,0.1401,0.3,0.2,1.0,0.0,0.1,0.5067,0.1429,-2.5884,-1.8119,True,0.3333,0.35,0.2686,0.0647,infection,False,False,False,False,False
1516,Amiloride,Remibrutinib,0.9221,0.10723,0.11865,1.2027,0.0304,0.3312,0.0105,0.0,0.0917,0.3,0.4,1.0,0.75,0.5,1.0,-0.125,-2.6837,-1.7308,False,0.3333,0.525,0.1549,0.0,hepatic,False,False,False,False,False
1517,Daclizumab,Nicotinamide riboside,0.922,0.00998,0.02038,2.2023,0.0344,0.3581,0.0154,0.0019,0.0961,0.3,0.6,1.0,0.5,0.5,0.6867,0.45,-2.1815,-0.7234,True,0.3333,0.5,0.3696,0.0,autoimmunity,False,False,False,False,False
1518,Lamotrigine,Riluzole,0.9218,0.26434,0.26983,0.657,0.0283,0.4309,0.0102,0.0,0.0656,0.1,0.2,0.5714,1.0,0.7,1.0,-0.75,-3.0679,-2.6115,False,0.3333,0.525,0.0824,0.0137,hepatic,False,False,False,False,False
1519,Methotrexate,Ofatumumab,0.9213,0.07481,0.08723,1.3074,0.0594,0.4375,0.0193,0.0,0.1358,0.3,0.2,1.0,0.0,0.2,0.6867,0.125,-2.3127,-2.3838,True,1.0,0.35,0.3667,0.049,infection,False,False,False,False,False
1520,Interferon beta-1b,Natalizumab,0.9212,0.0399,0.05461,1.7093,0.0658,0.4024,0.0254,0.0029,0.1636,0.3,0.2,0.7692,0.0,0.1,0.6867,-0.375,-3.2696,-3.0541,False,1.0,0.25,0.2833,0.0265,infection,False,False,False,False,False
1521,Ponesimod,Ustekinumab,0.9211,0.0798,0.09219,1.3494,0.0555,0.5782,0.0162,0.0,0.0959,0.2,0.2,0.75,0.0,0.45,0.5533,-0.4167,-1.5016,-1.9172,False,0.3333,0.35,0.201,0.0314,infection,False,False,False,False,False
1522,Daclizumab,Ozanimod,0.9203,0.18204,0.19174,1.0104,0.0378,0.5365,0.016,0.0019,0.0704,0.2,0.2,0.7143,0.5,0.5,0.6867,-0.35,-2.1815,-1.8533,False,1.0,0.3,0.4894,0.0684,autoimmunity,False,False,False,False,False
1523,Hydroxychloroquine,Mycophenolate mofetil,0.9187,0.01746,0.03019,1.8859,0.0461,0.3346,0.0207,0.0,0.1378,0.4,0.4,1.0,0.5,0.55,0.7333,0.0,-3.2153,-2.0615,False,0.3333,0.525,0.3471,0.0,infection,False,False,False,False,False
1524,Methotrexate,Ublituximab,0.9184,0.07481,0.08723,1.3382,0.0585,0.4464,0.0193,0.0,0.131,0.3,0.2,1.0,0.0,0.2,0.6867,0.1429,-2.3127,-2.5884,True,1.0,0.375,0.3667,0.049,infection,False,False,False,False,False
1525,Memantine,Mitoxantrone,0.9181,0.19202,0.20162,0.9754,0.0305,0.3127,0.0106,0.0006,0.0975,0.4,0.4,0.8889,1.0,0.75,0.6867,0.0833,-2.6276,-3.0195,True,0.3333,0.45,0.4608,0.0,malignancy,False,False,False,False,False
1526,Alpha-lipoic acid,Amiloride,0.9176,0.01995,0.0334,1.9961,0.0267,0.3254,0.0094,0.0,0.0821,0.3,0.4,0.9091,0.75,0.5,1.0,-0.25,-1.7729,-2.6837,False,0.3333,0.575,0.0343,0.0,cardiac,False,False,False,False,False
1527,Alpha-lipoic acid,Mitoxantrone,0.9176,0.00748,0.01683,2.5301,0.0372,0.2951,0.0173,0.0035,0.1262,0.6,0.6,1.0,0.5,0.5,0.5533,0.1548,-1.7729,-3.0195,True,0.3333,0.45,0.4608,0.0,malignancy,False,False,False,False,False
1528,Amiloride,Memantine,0.9167,0.21945,0.22723,0.8347,0.0222,0.4151,0.0086,0.0,0.0534,0.1,0.2,0.6667,1.0,0.75,0.8667,-0.75,-2.6837,-2.6276,False,0.3333,0.575,0.0343,0.0,cardiac,False,False,False,False,False
1529,Daclizumab,Metformin,0.9167,0.03242,0.04712,1.7628,0.0431,0.3968,0.0159,0.0,0.1087,0.3,0.6,0.8182,0.5,0.4,0.6867,-0.1389,-2.1815,-1.6488,False,0.3333,0.425,0.371,0.0124,autoimmunity,False,False,False,False,False
1530,Cladribine,Remibrutinib,0.9162,0.09726,0.10985,1.2361,0.0467,0.3592,0.0198,0.0,0.1301,0.3,0.2,1.0,0.5,0.5,0.6,0.0,-2.961,-1.7308,False,0.6667,0.375,0.3618,0.0353,infection,False,False,False,False,False
1531,Glatiramer acetate,Peginterferon beta-1a,0.9156,0.01247,0.02374,2.4188,0.0514,0.378,0.023,0.003,0.136,0.4,0.2,0.75,0.0,0.1,0.6867,-0.4018,-3.0334,-2.577,False,1.0,0.325,0.1078,0.0029,hepatic,False,False,False,False,True
1532,Frexalimab,Ustekinumab,0.9153,0.05486,0.06865,1.4564,0.0708,0.5357,0.0315,0.0,0.1322,0.2,0.2,0.8333,0.0,0.1,0.6867,-0.2292,-2.5456,-1.9172,False,0.3333,0.425,0.1255,0.0314,infection,False,False,False,False,True
1533,Alpha-lipoic acid,Daclizumab,0.9151,0.04489,0.05938,1.7781,0.0364,0.3363,0.0173,0.0019,0.1081,0.4,0.6,1.0,0.5,0.5,0.6867,0.0714,-1.7729,-2.1815,True,0.3333,0.45,0.3696,0.0,autoimmunity,False,False,False,False,False
1534,Firategrast,Remibrutinib,0.9146,0.05237,0.06657,1.4212,0.039,0.3983,0.0192,0.0,0.098,0.4,0.2,1.0,0.5,0.5,1.0,0.1,-3.2771,-1.7308,True,0.3333,0.5,0.1892,0.0294,infection,False,False,False,False,False
1535,Cyclophosphamide,Nicotinamide riboside,0.9143,0.00998,0.02038,2.4803,0.0417,0.3434,0.0154,0.0035,0.1213,0.4,0.6,1.0,0.5,0.5,0.82,0.2333,-3.0549,-0.7234,True,0.3333,0.55,0.4324,0.0,infection,False,False,False,False,False
1536,Nicotinamide riboside,Phenytoin,0.9139,0.01496,0.02705,2.2404,0.0262,0.384,0.0108,0.0,0.0683,0.2,0.4,0.8571,0.75,0.7,0.8667,-0.5333,-0.7234,-2.5343,False,0.3333,0.6,0.1333,0.0,teratogenicity,False,False,False,False,False
1537,Methotrexate,Nicotinamide riboside,0.9138,0.00249,0.00837,2.9768,0.0347,0.3048,0.0154,0.0,0.1138,0.4,0.6,1.0,0.5,0.5,1.0,0.1,-2.3127,-0.7234,True,0.3333,0.575,0.2735,0.0,infection,False,False,False,False,False
1538,Amiloride,Cladribine,0.9131,0.04489,0.05938,1.5919,0.0374,0.3099,0.0105,0.0,0.1208,0.3,0.4,1.0,0.75,0.45,0.6,0.0714,-2.6837,-2.961,True,0.3333,0.45,0.3108,0.0,infection,False,False,False,False,False
1539,Memantine,Phenytoin,0.9126,0.19701,0.20643,0.8948,0.0234,0.4539,0.0099,0.0,0.0516,0.1,0.2,0.6,1.0,0.75,1.0,-0.875,-2.6276,-2.5343,False,0.3333,0.55,0.1333,0.0,teratogenicity,False,False,False,False,False
1540,Bexarotene,Daclizumab,0.9124,0.00249,0.00837,2.9898,0.047,0.366,0.019,0.0028,0.1285,0.3,0.4,1.0,0.5,0.55,0.82,0.4821,-0.7904,-2.1815,True,0.3333,0.45,0.4626,0.0432,autoimmunity,False,False,False,False,False
1541,Inebilizumab,Sirolimus,0.9122,0.05486,0.06865,1.5758,0.059,0.4511,0.0241,0.0,0.1308,0.3,0.4,1.0,0.0,0.35,0.82,0.2381,-2.8083,-2.0409,True,0.3333,0.45,0.2765,0.0794,infection,False,False,False,False,False
1542,Mitoxantrone,Riluzole,0.912,0.17207,0.18191,0.9698,0.0345,0.3095,0.0146,0.0,0.1115,0.4,0.4,0.9091,1.0,0.65,0.5533,0.0833,-3.0195,-2.6115,True,0.3333,0.425,0.5294,0.0,malignancy,False,False,False,False,False
1543,Mitoxantrone,Temelimab,0.9117,0.00499,0.01301,2.5095,0.0494,0.3127,0.0191,0.0035,0.1579,0.6,0.6,0.9231,0.5,0.2,0.5067,-0.0208,-3.0195,-2.4721,False,0.3333,0.475,0.4686,0.0118,malignancy,False,False,False,False,False
1544,Cyclophosphamide,Teriflunomide,0.9109,0.13217,0.14295,1.1571,0.0451,0.4104,0.0189,0.0035,0.11,0.5,0.4,0.7,0.5,0.4,0.5533,-0.4643,-3.0549,-3.0107,False,1.0,0.35,0.5311,0.1355,infection,False,False,False,False,False
1545,Firategrast,Rituximab,0.9107,0.05486,0.06865,1.5485,0.0559,0.513,0.0192,0.0,0.109,0.3,0.2,1.0,0.0,0.3,0.5533,0.1429,-3.2771,-2.5884,True,0.3333,0.4,0.2049,0.0539,infection,False,False,False,False,False
1546,Inebilizumab,Natalizumab,0.9107,0.03242,0.04712,1.7166,0.0753,0.456,0.0349,0.0,0.1651,0.3,0.2,1.0,0.0,0.05,0.5067,0.2054,-2.8083,-3.0541,True,0.3333,0.275,0.2676,0.1059,infection,False,False,False,False,False
1547,Natalizumab-biosimilar,Ustekinumab,0.9106,0.02494,0.03925,1.8203,0.0679,0.4849,0.0287,0.0,0.1401,0.3,0.2,1.0,0.0,0.05,0.6867,0.1667,-3.1195,-1.9172,True,0.3333,0.375,0.1843,0.0706,infection,False,False,False,False,False
1548,Amiloride,Simvastatin,0.9105,0.17456,0.18425,0.899,0.0293,0.3093,0.0091,0.0,0.0948,0.4,0.4,0.9,0.75,0.45,1.0,-0.3214,-2.6837,-1.7856,False,0.3333,0.525,0.1343,0.0,teratogenicity,False,False,False,False,False
1549,Sirolimus,Ustekinumab,0.9105,0.02244,0.03628,1.7721,0.0573,0.5847,0.018,0.0,0.098,0.2,0.4,0.6667,0.0,0.35,0.82,-0.4167,-2.0409,-1.9172,False,0.3333,0.5,0.2255,0.0471,infection,False,False,False,False,True
1550,Amiloride,Mycophenolate mofetil,0.9102,0.02244,0.03628,1.8581,0.0313,0.2938,0.0105,0.0,0.1064,0.3,0.4,1.0,1.0,0.45,1.0,0.1,-2.6837,-2.0615,True,0.3333,0.55,0.2931,0.0,infection,False,False,False,False,False
1551,Methotrexate,Pioglitazone,0.9102,0.00249,0.00837,2.6146,0.0433,0.314,0.0183,0.0,0.1378,0.5,0.6,0.9091,0.5,0.4,0.8667,-0.1,-2.3127,-2.6661,False,0.3333,0.55,0.3775,0.0206,infection,False,False,False,False,False
1552,Mycophenolate mofetil,Orelabrutinib,0.9099,0.03741,0.05212,1.7373,0.0431,0.3475,0.0207,0.0,0.1242,0.4,0.4,1.0,0.5,0.55,1.0,0.0,-2.0615,-2.8405,False,0.3333,0.475,0.3373,0.0353,infection,False,False,False,False,False
1553,Mitoxantrone,Simvastatin,0.9096,0.10224,0.11438,1.1796,0.0393,0.3064,0.0191,0.0035,0.1282,0.6,0.6,0.9167,0.5,0.35,0.5533,-0.1548,-3.0195,-1.7856,False,0.6667,0.4,0.5137,0.0471,malignancy,False,False,False,False,False
1554,Glatiramer acetate,Inebilizumab,0.9077,0.00998,0.02038,2.2432,0.0633,0.4158,0.0284,0.0,0.1522,0.4,0.2,1.0,0.0,0.05,0.5533,0.1339,-3.0334,-2.8083,True,0.3333,0.35,0.1696,0.0118,infection,False,False,False,False,False
1555,Masitinib,Mitoxantrone,0.9068,0.04988,0.06409,1.5594,0.0494,0.3531,0.0189,0.0035,0.14,0.5,0.4,0.9167,0.5,0.5,0.6867,-0.1548,-3.6789,-3.0195,False,0.6667,0.425,0.5527,0.0659,infection,False,False,False,False,False
1556,Inebilizumab,Interferon beta-1a,0.9058,0.01496,0.02705,2.0736,0.0689,0.3784,0.034,0.0031,0.1821,0.4,0.2,1.0,0.0,0.1,0.5533,0.1825,-2.8083,-3.5867,True,0.3333,0.325,0.2422,0.0176,infection,False,False,False,False,False
1557,Interferon beta-1b,Ponesimod,0.9056,0.04239,0.05693,1.6132,0.0476,0.395,0.0173,0.0029,0.1205,0.3,0.2,0.8,0.0,0.45,0.82,-0.375,-3.2696,-1.5016,False,1.0,0.275,0.223,0.0289,infection,False,False,False,False,False
1558,Methotrexate,Ozanimod,0.9055,0.11471,0.12568,1.2218,0.0381,0.4329,0.0164,0.0,0.0881,0.3,0.2,0.75,0.5,0.5,0.7333,-0.3,-2.3127,-1.8533,False,1.0,0.375,0.3978,0.0639,infection,False,False,False,False,False
1559,Cyclophosphamide,Ozanimod,0.9049,0.08728,0.09969,1.367,0.0442,0.463,0.018,0.0035,0.0956,0.4,0.2,0.7778,0.5,0.5,0.5533,-0.2667,-3.0549,-1.8533,False,1.0,0.35,0.5455,0.0751,infection,False,False,False,False,False
1560,Natalizumab,Tocilizumab,0.9048,0.00748,0.01683,2.1774,0.0757,0.4255,0.0353,0.0,0.1779,0.4,0.2,1.0,0.0,0.1,0.64,0.0833,-3.0541,-1.8119,True,0.3333,0.325,0.2784,0.1059,infection,False,False,False,False,False
1561,Cladribine,Tocilizumab,0.9043,0.02244,0.03628,1.7556,0.0622,0.3933,0.0269,0.0,0.1581,0.3,0.2,1.0,0.5,0.3,0.5533,0.0,-2.961,-1.8119,False,0.3333,0.375,0.3784,0.0706,infection,False,False,False,False,False
1562,Firategrast,Ozanimod,0.9042,0.1197,0.13023,1.2162,0.0409,0.406,0.0192,0.0,0.1008,0.3,0.2,1.0,0.5,0.5,0.7333,0.1,-3.2771,-1.8533,True,0.3333,0.4,0.2471,0.0392,infection,False,False,False,False,False
1563,Natalizumab-biosimilar,Ponesimod,0.9042,0.09975,0.11228,1.2641,0.0487,0.448,0.0201,0.0,0.1088,0.3,0.2,1.0,0.0,0.45,0.6867,0.0,-3.1195,-1.5016,False,0.6667,0.275,0.2598,0.0706,infection,False,False,False,False,False
1564,Cholecalciferol,Sirolimus,0.9039,0.02993,0.04463,1.8169,0.0386,0.5003,0.0145,0.0,0.0772,0.2,0.4,0.5,0.5,0.55,1.0,-0.5833,-2.0037,-2.0409,False,0.3333,0.575,0.1941,0.0,infection,False,False,False,False,False
1565,Cyclophosphamide,Hydroxychloroquine,0.9037,0.01496,0.02705,2.0827,0.0516,0.3455,0.0254,0.0035,0.1495,0.5,0.4,1.0,0.5,0.55,0.5533,0.0,-3.0549,-3.2153,False,0.3333,0.5,0.5082,0.0124,infection,False,False,False,False,False
1566,Epigallocatechin gallate,Lamotrigine,0.9034,0.04738,0.06178,1.6633,0.0249,0.3299,0.0116,0.0,0.0754,0.3,0.4,0.8889,0.75,0.7,1.0,-0.25,-1.555,-3.0679,False,0.3333,0.65,0.0769,0.0124,hepatic,False,False,False,False,False
1567,Peginterferon beta-1a,Ponesimod,0.9029,0.02494,0.03925,1.7063,0.0452,0.4171,0.0172,0.003,0.1083,0.3,0.2,0.7778,0.0,0.45,0.6867,-0.3929,-2.577,-1.5016,False,1.0,0.275,0.2179,0.0272,infection,False,False,False,False,False
1568,Inebilizumab,Ponesimod,0.9004,0.08728,0.09969,1.3599,0.055,0.4761,0.0201,0.0,0.1154,0.3,0.2,1.0,0.0,0.45,0.5533,0.0714,-2.8083,-1.5016,True,0.3333,0.3,0.2686,0.0471,infection,False,False,False,False,False
1569,Azathioprine,Phenytoin,0.9001,0.00748,0.01683,1.9264,0.0294,0.2834,0.0119,0.0,0.1036,0.3,0.4,1.0,1.0,0.7,0.8667,0.2,-1.9886,-2.5343,True,0.3333,0.5,0.3761,0.0769,infection,False,False,False,False,False
1570,Firategrast,Ustekinumab,0.8981,0.05736,0.0709,1.5858,0.0584,0.4551,0.0192,0.0,0.1284,0.3,0.2,1.0,0.0,0.3,0.5533,0.1667,-3.2771,-1.9172,True,0.3333,0.5,0.1373,0.0392,infection,False,False,False,False,False
1571,Sirolimus,Vidofludimus calcium,0.8973,0.07232,0.08491,1.4313,0.0412,0.5059,0.0171,0.0,0.0814,0.3,0.4,0.625,0.5,0.4,0.8667,-0.4667,-2.0409,-1.6832,False,0.3333,0.475,0.316,0.0438,infection,False,False,False,False,False
1572,Frexalimab,Interferon beta-1b,0.8967,0.05736,0.0709,1.5394,0.0629,0.4014,0.0276,0.0029,0.1568,0.3,0.2,0.8571,0.0,0.1,0.6867,-0.1875,-2.5456,-3.2696,False,0.6667,0.35,0.1647,0.0118,infection,False,False,False,False,False
1573,Glatiramer acetate,Ustekinumab,0.8963,0.00748,0.01683,2.2599,0.0626,0.5149,0.0233,0.0,0.1215,0.3,0.2,0.7273,0.0,0.05,0.5533,-0.4375,-3.0334,-1.9172,False,0.3333,0.4,0.0902,0.0078,infection,False,False,False,False,True
1574,Frexalimab,Sirolimus,0.8956,0.05985,0.07304,1.4472,0.0566,0.487,0.0213,0.0,0.1162,0.3,0.4,0.8333,0.0,0.35,0.6867,-0.1458,-2.5456,-2.0409,False,0.3333,0.475,0.2255,0.0471,infection,False,False,False,False,False
1575,Mitoxantrone,Pioglitazone,0.8953,0.00249,0.00837,2.6563,0.0439,0.3176,0.0189,0.0035,0.1382,0.7,0.6,0.9167,0.5,0.4,0.6867,-0.0833,-3.0195,-2.6661,False,0.3333,0.475,0.5076,0.0776,malignancy,False,False,False,False,False
1576,Fingolimod,Mycophenolate mofetil,0.8949,0.06234,0.07553,1.4701,0.0473,0.3852,0.0175,0.0,0.1227,0.4,0.4,0.8182,0.5,0.6,0.7333,-0.2,-1.9414,-2.0615,False,0.3333,0.375,0.4608,0.0588,infection,False,False,False,False,False
1577,Azathioprine,Teriflunomide,0.8948,0.13965,0.15031,1.0876,0.0376,0.3873,0.0135,0.0,0.0972,0.4,0.4,0.6667,0.5,0.4,0.7333,-0.5143,-1.9886,-3.0107,False,1.0,0.35,0.4234,0.1305,infection,False,False,False,False,False
1578,Alemtuzumab,Interferon beta-1a,0.894,0.01746,0.03019,1.9751,0.0717,0.3681,0.0304,0.0031,0.1947,0.4,0.2,0.8824,0.0,0.1,0.42,-0.2111,-3.018,-3.5867,False,1.0,0.275,0.5196,0.0235,infection,False,False,False,False,False
1579,Alemtuzumab,Ocrelizumab,0.8939,0.20698,0.21564,0.8208,0.0782,0.4937,0.0342,0.0,0.1585,0.2,0.2,0.8125,0.0,0.05,0.5067,-0.3167,-3.018,-2.7449,False,1.0,0.225,0.4951,0.1206,infection,False,False,False,False,False
1580,Cyclophosphamide,Orelabrutinib,0.8937,0.02244,0.03628,1.6905,0.0487,0.3584,0.0224,0.0035,0.1359,0.5,0.4,1.0,0.5,0.55,0.82,0.0,-3.0549,-2.8405,False,0.3333,0.45,0.499,0.0471,infection,False,False,False,False,False
1581,Methotrexate,Rituximab,0.8936,0.07731,0.08978,1.3409,0.056,0.4279,0.0193,0.0,0.131,0.3,0.2,1.0,0.0,0.2,0.5533,0.1429,-2.3127,-2.5884,True,1.0,0.375,0.3804,0.0539,infection,False,False,False,False,False
1582,Inebilizumab,Secukinumab,0.8933,0.04738,0.06178,1.5124,0.0599,0.5191,0.025,0.0,0.1154,0.3,0.2,1.0,0.0,0.05,0.6867,0.125,-2.8083,-1.895,True,0.3333,0.425,0.1892,0.0412,infection,False,False,False,False,False
1583,Lamotrigine,Mitoxantrone,0.8929,0.10973,0.12088,1.2068,0.0303,0.295,0.0104,0.0006,0.1028,0.4,0.4,0.8889,1.0,0.7,0.5533,0.0833,-3.0679,-3.0195,True,0.3333,0.45,0.4882,0.0,malignancy,False,False,False,False,False
1584,Amiloride,Nicotinamide riboside,0.8922,0.02244,0.03628,2.1788,0.025,0.3569,0.0096,0.0,0.0701,0.2,0.4,0.875,0.75,0.5,1.0,-0.45,-2.6837,-0.7234,False,0.3333,0.625,0.0343,0.0,cardiac,False,False,False,False,False
1585,Alemtuzumab,Ofatumumab,0.8919,0.22195,0.2297,0.8692,0.075,0.4734,0.0338,0.0,0.1585,0.2,0.2,0.875,0.0,0.05,0.5533,-0.225,-3.018,-2.3838,False,1.0,0.225,0.4868,0.1005,infection,False,False,False,False,False
1586,Memantine,Oxcarbazepine,0.8918,0.3217,0.32476,0.5894,0.0218,0.4216,0.0083,0.0,0.0516,0.1,0.2,0.6,1.0,0.75,0.8667,-0.5833,-2.6276,-0.3516,False,0.3333,0.575,0.0863,0.0,teratogenicity,False,False,False,False,False
1587,Azathioprine,Ozanimod,0.8917,0.09726,0.10985,1.309,0.0364,0.44,0.0147,0.0,0.0827,0.3,0.2,0.75,0.5,0.5,0.7333,-0.3,-1.9886,-1.8533,False,1.0,0.35,0.4482,0.0596,infection,False,False,False,False,False
1588,Frexalimab,Peginterferon beta-1a,0.8914,0.05736,0.0709,1.5847,0.0605,0.4185,0.0252,0.003,0.1445,0.3,0.2,0.8462,0.0,0.1,0.82,-0.2054,-2.5456,-2.577,False,0.6667,0.35,0.1578,0.0118,infection,False,False,False,False,False
1589,Methotrexate,Orelabrutinib,0.8911,0.02993,0.04463,1.6062,0.0417,0.325,0.0193,0.0,0.1283,0.4,0.4,1.0,0.5,0.55,1.0,0.0,-2.3127,-2.8405,False,0.3333,0.475,0.3249,0.0624,infection,False,False,False,False,False
1590,Cladribine,Secukinumab,0.8906,0.03491,0.0496,1.6593,0.0519,0.4017,0.025,0.0,0.1292,0.3,0.2,1.0,0.5,0.3,0.5533,0.0,-2.961,-1.895,False,0.3333,0.4,0.3039,0.0412,infection,False,False,False,False,False
1591,Cyclophosphamide,Natalizumab,0.8895,0.00249,0.00837,2.0781,0.0666,0.3782,0.0263,0.0035,0.1762,0.5,0.2,1.0,0.0,0.25,0.5067,0.0,-3.0549,-3.0541,False,1.0,0.325,0.5029,0.1412,infection,False,False,False,False,False
1592,Epigallocatechin gallate,Mycophenolate mofetil,0.8885,0.00499,0.01301,2.4496,0.0334,0.2991,0.0126,0.0,0.1115,0.5,0.6,1.0,0.5,0.45,1.0,0.0833,-1.555,-2.0615,True,0.3333,0.625,0.3206,0.0,infection,False,False,False,False,False
1593,Natalizumab-biosimilar,Sirolimus,0.8883,0.02993,0.04463,1.7613,0.0528,0.4251,0.0241,0.0,0.1242,0.4,0.4,1.0,0.0,0.35,0.6867,0.1667,-3.1195,-2.0409,True,0.3333,0.425,0.2647,0.1059,infection,False,False,False,False,False
1594,Inebilizumab,Natalizumab-biosimilar,0.8874,0.06733,0.08046,1.4805,0.0636,0.5089,0.0287,0.0,0.1249,0.3,0.2,1.0,0.0,0.05,0.5067,0.1429,-2.8083,-3.1195,True,0.3333,0.325,0.2324,0.1059,infection,False,False,False,False,False
1595,Daclizumab,Ocrelizumab,0.8848,0.12469,0.13537,1.0497,0.0631,0.4964,0.019,0.0019,0.1271,0.2,0.2,1.0,0.0,0.05,0.6867,0.1111,-2.1815,-2.7449,True,1.0,0.275,0.4931,0.0471,autoimmunity,False,False,False,False,False
1596,Inebilizumab,Tocilizumab,0.8848,0.03741,0.05212,1.7136,0.0702,0.4864,0.0349,0.0,0.1443,0.3,0.2,1.0,0.0,0.1,0.5067,0.0714,-2.8083,-1.8119,True,0.3333,0.4,0.2637,0.0706,infection,False,False,False,False,False
1597,Alemtuzumab,Ublituximab,0.8847,0.17456,0.18425,0.9418,0.0739,0.4811,0.0327,0.0,0.1537,0.2,0.2,0.8667,0.0,0.05,0.3733,-0.2429,-3.018,-2.5884,False,1.0,0.25,0.4868,0.1005,infection,False,False,False,False,False
1598,Natalizumab,Secukinumab,0.8847,0.00499,0.01301,2.1098,0.0654,0.4391,0.025,0.0,0.1489,0.3,0.2,1.0,0.0,0.05,0.82,0.25,-3.0541,-1.895,True,0.3333,0.35,0.2186,0.0618,infection,False,False,False,False,False
1599,Daclizumab,Ublituximab,0.884,0.14713,0.15794,1.051,0.0582,0.5137,0.019,0.0019,0.1133,0.2,0.2,1.0,0.0,0.05,0.82,0.1429,-2.1815,-2.5884,True,1.0,0.3,0.4725,0.0392,autoimmunity,False,False,False,False,False
1600,Daclizumab,Ofatumumab,0.8832,0.13716,0.14787,1.0694,0.0591,0.5007,0.019,0.0019,0.1181,0.2,0.2,1.0,0.0,0.05,0.82,0.125,-2.1815,-2.3838,True,1.0,0.275,0.4725,0.0392,autoimmunity,False,False,False,False,False
1601,Daclizumab,Orelabrutinib,0.8823,0.09975,0.11228,1.2498,0.0414,0.3745,0.019,0.0019,0.1107,0.4,0.4,1.0,0.5,0.55,0.6867,0.0,-2.1815,-2.8405,False,0.3333,0.4,0.4104,0.0729,autoimmunity,False,False,False,False,False
1602,Methotrexate,Natalizumab,0.8819,0.00499,0.01301,1.9782,0.0597,0.3537,0.0193,0.0,0.1687,0.4,0.2,1.0,0.0,0.2,0.6867,0.0,-2.3127,-3.0541,False,1.0,0.35,0.3971,0.0882,infection,False,False,False,False,False
1603,Oxcarbazepine,Riluzole,0.8819,0.25187,0.25801,0.6699,0.0259,0.3952,0.0078,0.0,0.0656,0.1,0.2,0.7143,1.0,0.7,1.0,-0.25,-0.3516,-2.6115,False,0.3333,0.55,0.1412,0.0137,hepatic,False,False,False,False,False
1604,Firategrast,Frexalimab,0.8813,0.04489,0.05938,1.5689,0.0545,0.4086,0.0192,0.0,0.1334,0.4,0.2,1.0,0.0,0.3,0.6867,0.125,-3.2771,-2.5456,True,0.3333,0.475,0.1373,0.0392,infection,False,False,False,False,False
1605,Alemtuzumab,Ponesimod,0.8796,0.06733,0.08046,1.3992,0.0579,0.4526,0.0167,0.0,0.128,0.3,0.2,0.8333,0.0,0.45,0.42,-0.35,-3.018,-1.5016,False,1.0,0.25,0.5239,0.0751,infection,False,False,False,False,False
1606,Azathioprine,Hydroxychloroquine,0.879,0.01247,0.02374,1.9754,0.0428,0.3132,0.0174,0.0,0.1367,0.4,0.4,1.0,0.5,0.55,0.7333,0.0,-1.9886,-3.2153,False,0.3333,0.5,0.4078,0.0,infection,False,False,False,False,False
1607,Mitoxantrone,Ozanimod,0.879,0.10973,0.12088,1.2935,0.0399,0.3793,0.0181,0.0035,0.1052,0.5,0.2,0.9,0.5,0.5,0.82,-0.0833,-3.0195,-1.8533,False,1.0,0.3,0.5649,0.0841,infection,False,False,False,False,False
1608,Amiloride,Methotrexate,0.8785,0.02494,0.03925,1.8052,0.0298,0.2697,0.0105,0.0,0.1106,0.3,0.4,1.0,1.0,0.45,1.0,-0.125,-2.6837,-2.3127,False,0.3333,0.55,0.3078,0.0,infection,False,False,False,False,False
1609,Epigallocatechin gallate,Nicotinamide riboside,0.8784,0.00499,0.01301,2.7892,0.0274,0.3647,0.012,0.0,0.0752,0.4,0.4,0.9,0.5,0.5,1.0,-0.2,-1.555,-0.7234,False,0.3333,0.7,0.0618,0.0,hepatic,False,False,False,False,False
1610,Mitoxantrone,Nicotinamide riboside,0.878,0.01247,0.02374,2.4477,0.0353,0.3091,0.0154,0.0035,0.1142,0.5,0.6,1.0,0.5,0.5,0.5533,0.15,-3.0195,-0.7234,True,0.3333,0.5,0.4608,0.0,malignancy,False,False,False,False,False
1611,Alemtuzumab,Glatiramer acetate,0.8765,0.02494,0.03925,2.0816,0.0644,0.4406,0.0231,0.0,0.1462,0.4,0.2,0.7143,0.0,0.05,0.42,-0.45,-3.018,-3.0334,False,1.0,0.3,0.449,0.0157,infection,False,False,False,False,False
1612,Cyclophosphamide,Phenytoin,0.8762,0.10224,0.11438,1.2383,0.0356,0.3402,0.0094,0.0009,0.1047,0.3,0.4,0.875,1.0,0.7,0.6867,-0.0833,-3.0549,-2.5343,False,0.3333,0.5,0.4912,0.0745,infection,False,False,False,False,False
1613,Cholecalciferol,Cyclophosphamide,0.8761,0.0399,0.05461,1.6937,0.0426,0.3881,0.0164,0.0035,0.1099,0.3,0.4,0.8,0.5,0.55,0.5533,-0.3333,-2.0037,-3.0549,False,0.6667,0.525,0.4324,0.0,infection,False,False,False,False,False
1614,Azathioprine,Ocrelizumab,0.8758,0.16958,0.17956,0.9437,0.0586,0.4898,0.0145,0.0,0.1197,0.2,0.2,0.8333,0.0,0.25,0.5533,-0.3111,-1.9886,-2.7449,False,1.0,0.325,0.399,0.0912,infection,False,False,False,False,False
1615,Frexalimab,Tocilizumab,0.8756,0.04988,0.06409,1.5082,0.0689,0.4667,0.0336,0.0,0.1477,0.3,0.2,0.9231,0.0,0.1,0.64,-0.0833,-2.5456,-1.8119,False,0.3333,0.425,0.2039,0.0471,infection,False,False,False,False,False
1616,Cyclophosphamide,Vidofludimus calcium,0.875,0.05736,0.0709,1.3755,0.0439,0.4121,0.0176,0.0035,0.1065,0.5,0.4,0.7778,0.5,0.4,0.6867,-0.3667,-3.0549,-1.6832,False,0.6667,0.425,0.4936,0.1044,infection,False,False,False,False,False
1617,Natalizumab-biosimilar,Tocilizumab,0.874,0.00499,0.01301,1.8923,0.064,0.4646,0.0287,0.0,0.1377,0.4,0.2,1.0,0.0,0.1,0.64,0.0833,-3.1195,-1.8119,True,0.3333,0.375,0.2431,0.1059,infection,False,False,False,False,False
1618,Cholecalciferol,Methotrexate,0.8739,0.03242,0.04712,1.7887,0.0365,0.3563,0.0165,0.0,0.1024,0.2,0.4,0.7778,0.5,0.55,0.7333,-0.3667,-2.0037,-2.3127,False,0.6667,0.55,0.2735,0.0,infection,False,False,False,False,False
1619,Inebilizumab,Peginterferon beta-1a,0.8728,0.02244,0.03628,1.8188,0.0628,0.395,0.028,0.003,0.1591,0.3,0.2,1.0,0.0,0.1,0.6867,0.2857,-2.8083,-2.577,True,0.3333,0.325,0.2353,0.0176,infection,False,False,False,False,False
1620,Firategrast,Inebilizumab,0.8726,0.06983,0.08242,1.3825,0.0541,0.4776,0.0192,0.0,0.1132,0.3,0.2,1.0,0.0,0.3,0.5533,0.1429,-3.2771,-2.8083,True,0.3333,0.45,0.201,0.0588,infection,False,False,False,False,False
1621,Inebilizumab,Interferon beta-1b,0.8702,0.01746,0.03019,1.7497,0.0652,0.3808,0.0303,0.0029,0.1713,0.3,0.2,1.0,0.0,0.1,0.5533,0.1964,-2.8083,-3.2696,True,0.3333,0.325,0.2422,0.0176,infection,False,False,False,False,False
1622,Azathioprine,Natalizumab,0.8692,0.01247,0.02374,2.072,0.0578,0.3538,0.0174,0.0,0.1634,0.4,0.2,1.0,0.0,0.25,0.6867,0.0,-1.9886,-3.0541,False,1.0,0.325,0.4343,0.0971,infection,False,False,False,False,False
1623,Azathioprine,Orelabrutinib,0.8689,0.03741,0.05212,1.6413,0.0398,0.3239,0.0174,0.0,0.123,0.4,0.4,1.0,0.5,0.55,1.0,0.0,-1.9886,-2.8405,False,0.3333,0.45,0.379,0.0543,infection,False,False,False,False,False
1624,Interferon beta-1a,Natalizumab-biosimilar,0.8686,0.01496,0.02705,1.9889,0.0586,0.4014,0.0246,0.0031,0.1459,0.4,0.2,0.8333,0.0,0.1,0.6867,-0.3111,-3.5867,-3.1195,False,0.6667,0.3,0.248,0.0265,infection,False,False,False,False,False
1625,Azathioprine,Ofatumumab,0.8685,0.20449,0.2136,0.9207,0.0552,0.4609,0.0151,0.0,0.1197,0.2,0.2,0.9167,0.0,0.25,0.6867,-0.1625,-1.9886,-2.3838,False,1.0,0.325,0.3858,0.076,infection,False,False,False,False,False
1626,Mitoxantrone,Teriflunomide,0.8674,0.18703,0.19669,0.9349,0.0403,0.3703,0.0162,0.0035,0.1089,0.5,0.4,0.7,0.5,0.4,0.82,-0.4643,-3.0195,-3.0107,False,1.0,0.3,0.5853,0.1098,malignancy,False,False,False,False,False
1627,Natalizumab-biosimilar,Secukinumab,0.8667,0.02494,0.03925,1.747,0.0537,0.4936,0.025,0.0,0.1088,0.3,0.2,1.0,0.0,0.05,0.82,0.225,-3.1195,-1.895,True,0.3333,0.4,0.1833,0.0618,infection,False,False,False,False,False
1628,Hydroxychloroquine,Methotrexate,0.8663,0.05736,0.0709,1.5112,0.0439,0.3343,0.0185,0.0,0.1312,0.3,0.4,0.9,0.5,0.55,0.7333,-0.1833,-3.2153,-2.3127,False,0.3333,0.525,0.3618,0.0,infection,False,False,False,False,False
1629,Daclizumab,Hydroxychloroquine,0.8658,0.12718,0.13785,1.1527,0.0444,0.3573,0.019,0.0019,0.1243,0.3,0.4,1.0,0.5,0.55,0.6867,0.0,-2.1815,-3.2153,False,0.3333,0.45,0.4578,0.0,autoimmunity,False,False,False,False,False
1630,Alemtuzumab,Rituximab,0.8654,0.16209,0.17217,0.927,0.0719,0.4677,0.0306,0.0,0.1537,0.2,0.2,0.8667,0.0,0.05,0.5067,-0.2429,-3.018,-2.5884,False,1.0,0.25,0.4931,0.1127,infection,False,False,False,False,False
1631,Mitoxantrone,Natalizumab,0.8654,0.00499,0.01301,2.2311,0.0603,0.3565,0.0199,0.0035,0.1691,0.6,0.2,1.0,0.0,0.2,0.5067,0.0,-3.0195,-3.0541,False,1.0,0.275,0.5667,0.1059,infection,False,False,False,False,False
1632,Cyclophosphamide,Evobrutinib,0.8652,0.03741,0.05212,1.6493,0.0464,0.3603,0.0202,0.0035,0.1289,0.5,0.2,1.0,0.5,0.45,0.82,0.0,-3.0549,-2.076,False,0.6667,0.425,0.5196,0.0471,infection,False,False,False,False,False
1633,Azathioprine,Ublituximab,0.8644,0.17706,0.18669,1.0053,0.0542,0.4715,0.015,0.0,0.1149,0.2,0.2,0.9091,0.0,0.25,0.6867,-0.1714,-1.9886,-2.5884,False,1.0,0.35,0.3858,0.076,infection,False,False,False,False,False
1634,Glatiramer acetate,Sirolimus,0.8643,0.00748,0.01683,2.2473,0.0481,0.4402,0.0197,0.0,0.1093,0.4,0.4,0.7273,0.0,0.35,0.5533,-0.3542,-3.0334,-2.0409,False,0.3333,0.45,0.202,0.0118,infection,False,False,False,False,False
1635,Sirolimus,Teriflunomide,0.864,0.15212,0.16252,1.0107,0.0441,0.4322,0.02,0.0,0.1021,0.3,0.4,0.7,0.5,0.4,1.0,-0.4643,-2.0409,-3.0107,False,0.3333,0.4,0.3684,0.06,infection,False,False,False,False,False
1636,Amiloride,Azathioprine,0.8637,0.02743,0.04221,1.7267,0.028,0.2656,0.0105,0.0,0.1053,0.3,0.4,1.0,1.0,0.45,1.0,0.1,-2.6837,-1.9886,True,0.3333,0.525,0.3539,0.0,infection,False,False,False,False,False
1637,Cholecalciferol,Mitoxantrone,0.8632,0.03242,0.04712,1.8625,0.0383,0.3202,0.0183,0.0035,0.1195,0.4,0.4,0.9091,0.5,0.55,0.82,-0.1667,-2.0037,-3.0195,False,0.6667,0.475,0.4608,0.0,malignancy,False,False,False,False,False
1638,Epigallocatechin gallate,Oxcarbazepine,0.863,0.03242,0.04712,1.9107,0.0216,0.3382,0.0089,0.0,0.0637,0.3,0.4,0.875,0.75,0.7,1.0,0.0,-1.555,-0.3516,False,0.3333,0.675,0.1357,0.0124,hepatic,False,False,False,False,False
1639,Frexalimab,Secukinumab,0.8612,0.06234,0.07553,1.4574,0.0566,0.4761,0.0213,0.0,0.1188,0.3,0.2,0.9091,0.0,0.1,0.82,-0.1875,-2.5456,-1.895,False,0.3333,0.45,0.1196,0.0275,infection,False,False,False,False,False
1640,Amiloride,Lamotrigine,0.8608,0.19451,0.20413,0.8427,0.0215,0.3669,0.0082,0.0,0.0586,0.1,0.2,0.6667,1.0,0.7,1.0,-0.75,-2.6837,-3.0679,False,0.3333,0.575,0.0618,0.0,cardiac,False,False,False,False,False
1641,Firategrast,Glatiramer acetate,0.8606,0.00249,0.00837,2.8862,0.0476,0.3553,0.0192,0.0,0.1339,0.5,0.2,1.0,0.0,0.3,0.82,0.0,-3.2771,-3.0334,False,0.3333,0.45,0.1078,0.0098,infection,False,False,False,False,False
1642,Ponesimod,Tocilizumab,0.8602,0.06484,0.0779,1.5048,0.0535,0.4799,0.0182,0.0,0.1115,0.3,0.2,0.8889,0.0,0.45,0.6867,-0.2083,-1.5016,-1.8119,False,0.3333,0.35,0.2657,0.0608,infection,False,False,False,False,False
1643,Azathioprine,Vidofludimus calcium,0.8573,0.06983,0.08242,1.3959,0.0362,0.3862,0.0143,0.0,0.0937,0.4,0.4,0.75,0.5,0.4,0.8667,-0.4,-1.9886,-1.6832,False,0.6667,0.425,0.3911,0.0942,infection,False,False,False,False,False
1644,Cyclophosphamide,Ocrelizumab,0.8573,0.21945,0.22723,0.8569,0.0629,0.479,0.0188,0.0035,0.1314,0.3,0.2,0.8462,0.0,0.25,0.3733,-0.2778,-3.0549,-2.7449,False,1.0,0.325,0.4665,0.1365,infection,False,False,False,False,False
1645,Daclizumab,Rituximab,0.8564,0.17207,0.18191,0.9818,0.0558,0.4924,0.019,0.0019,0.1133,0.2,0.2,1.0,0.0,0.05,0.6867,0.1429,-2.1815,-2.5884,True,1.0,0.3,0.4873,0.0431,autoimmunity,False,False,False,False,False
1646,Cyclophosphamide,Epigallocatechin gallate,0.8562,0.00998,0.02038,2.2028,0.0389,0.3157,0.0126,0.0035,0.1232,0.5,0.6,1.0,0.5,0.45,0.82,0.0833,-3.0549,-1.555,True,0.3333,0.6,0.4941,0.0,infection,False,False,False,False,False
1647,Alemtuzumab,Interferon beta-1b,0.8558,0.03242,0.04712,1.7855,0.0681,0.3704,0.0268,0.0029,0.1839,0.3,0.2,0.875,0.0,0.1,0.42,-0.225,-3.018,-3.2696,False,1.0,0.275,0.5196,0.0235,infection,False,False,False,False,False
1648,Epigallocatechin gallate,Simvastatin,0.8552,0.1197,0.13023,1.2378,0.0312,0.3501,0.011,0.0,0.0892,0.4,0.4,0.8182,0.5,0.45,1.0,-0.2262,-1.555,-1.7856,False,0.3333,0.6,0.1432,0.0185,hepatic,False,False,False,False,False
1649,Azathioprine,Cholecalciferol,0.8551,0.06234,0.07553,1.5913,0.0348,0.3581,0.0148,0.0,0.097,0.2,0.4,0.7778,0.5,0.55,0.7333,-0.3667,-1.9886,-2.0037,False,0.6667,0.525,0.3196,0.0,infection,False,False,False,False,False
1650,Interferon beta-1a,Ustekinumab,0.854,0.02993,0.04463,1.8435,0.0666,0.4414,0.0273,0.0031,0.1509,0.3,0.2,0.75,0.0,0.1,0.5533,-0.4167,-3.5867,-1.9172,False,0.3333,0.375,0.1647,0.0118,infection,False,False,False,False,False
1651,Mycophenolate mofetil,Vidofludimus calcium,0.8538,0.04738,0.06178,1.5299,0.0393,0.4146,0.0175,0.0,0.0948,0.4,0.4,0.75,0.5,0.4,0.8667,-0.4,-2.0615,-1.6832,False,0.3333,0.45,0.3333,0.0912,infection,False,False,False,False,False
1652,Cladribine,Firategrast,0.8532,0.03741,0.05212,1.6608,0.0461,0.3627,0.0192,0.0,0.127,0.4,0.2,1.0,0.5,0.3,0.6,0.0,-2.961,-3.2771,False,0.3333,0.425,0.3157,0.0588,infection,False,False,False,False,False
1653,Mitoxantrone,Ocrelizumab,0.8531,0.16209,0.17217,1.037,0.0595,0.4748,0.0155,0.0035,0.1254,0.4,0.2,0.8462,0.0,0.2,0.64,-0.2778,-3.0195,-2.7449,False,1.0,0.275,0.5184,0.1129,infection,False,False,False,False,False
1654,Interferon beta-1a,Sirolimus,0.852,0.01496,0.02705,2.1237,0.0549,0.3746,0.0209,0.0031,0.1466,0.4,0.4,0.8462,0.0,0.35,0.5533,-0.1944,-3.5867,-2.0409,False,0.3333,0.425,0.2539,0.0382,infection,False,False,False,False,False
1655,Cyclophosphamide,Ofatumumab,0.8517,0.21197,0.22039,0.8517,0.0592,0.4837,0.0191,0.0035,0.1223,0.3,0.2,0.8333,0.0,0.25,0.6867,-0.2917,-3.0549,-2.3838,False,1.0,0.325,0.4608,0.1137,infection,False,False,False,False,False
1656,Cholecalciferol,Mycophenolate mofetil,0.8514,0.03491,0.0496,1.8388,0.0379,0.3861,0.0172,0.0,0.0982,0.2,0.4,0.7778,0.5,0.55,0.7333,-0.3667,-2.0037,-2.0615,False,0.3333,0.55,0.2588,0.0,infection,False,False,False,False,False
1657,Cyclophosphamide,Remibrutinib,0.8512,0.06733,0.08046,1.4567,0.0461,0.3618,0.0198,0.0035,0.1274,0.4,0.2,1.0,0.5,0.5,0.82,0.0,-3.0549,-1.7308,False,0.6667,0.45,0.5059,0.0471,infection,False,False,False,False,False
1658,Frexalimab,Inebilizumab,0.8511,0.25686,0.26259,0.7307,0.0647,0.543,0.0294,0.0,0.1191,0.2,0.2,0.6364,0.0,0.1,0.5067,-0.5357,-2.5456,-2.8083,False,0.3333,0.375,0.1931,0.0471,infection,False,False,False,False,False
1659,Ponesimod,Sirolimus,0.851,0.04239,0.05693,1.6579,0.0413,0.516,0.0172,0.0,0.08,0.3,0.4,0.75,0.0,0.45,0.7333,-0.3333,-1.5016,-2.0409,False,0.3333,0.4,0.2907,0.0574,infection,False,False,False,False,False
1660,Cladribine,Inebilizumab,0.8509,0.34913,0.3507,0.5009,0.0517,0.5057,0.0168,0.0,0.1023,0.2,0.2,0.6,0.5,0.3,0.6867,-0.5714,-2.961,-2.8083,False,0.3333,0.325,0.35,0.0882,infection,False,False,False,False,False
1661,Firategrast,Tocilizumab,0.8508,0.02244,0.03628,1.8498,0.0545,0.4324,0.0192,0.0,0.126,0.4,0.2,1.0,0.0,0.3,0.6867,0.0833,-3.2771,-1.8119,True,0.3333,0.5,0.2118,0.0588,infection,False,False,False,False,False
1662,Amiloride,Cyclophosphamide,0.8502,0.08479,0.09723,1.2965,0.0339,0.3184,0.0076,0.0006,0.1064,0.3,0.4,0.8889,1.0,0.45,0.82,-0.25,-2.6837,-3.0549,False,0.3333,0.525,0.4564,0.0103,infection,False,False,False,False,False
1663,Hydroxychloroquine,Mitoxantrone,0.8501,0.03242,0.04712,1.7375,0.0445,0.338,0.0191,0.0035,0.1316,0.5,0.4,0.9091,0.5,0.55,0.82,-0.1667,-3.2153,-3.0195,False,0.3333,0.45,0.512,0.0371,malignancy,False,False,False,False,False
1664,Mitoxantrone,Orelabrutinib,0.8501,0.04239,0.05693,1.6452,0.0423,0.3288,0.0199,0.0035,0.1287,0.5,0.4,1.0,0.5,0.55,0.5533,0.0,-3.0195,-2.8405,False,0.3333,0.4,0.5392,0.0353,malignancy,False,False,False,False,False
1665,Sirolimus,Tocilizumab,0.8491,0.04489,0.05938,1.6652,0.0552,0.4862,0.0199,0.0,0.1135,0.3,0.4,0.8,0.0,0.35,0.6867,-0.25,-2.0409,-1.8119,False,0.3333,0.5,0.2796,0.0871,infection,False,False,False,False,False
1666,Glatiramer acetate,Tocilizumab,0.8488,0.00499,0.01301,2.367,0.0616,0.4481,0.0263,0.0,0.1374,0.3,0.2,0.8333,0.0,0.1,0.6867,-0.2917,-3.0334,-1.8119,False,0.3333,0.4,0.1804,0.0118,infection,False,False,False,False,False
1667,Firategrast,Secukinumab,0.8484,0.01746,0.03019,1.7082,0.0442,0.4552,0.0192,0.0,0.0971,0.3,0.2,1.0,0.0,0.3,0.6867,0.25,-3.2771,-1.895,True,0.3333,0.525,0.1324,0.0343,infection,False,False,False,False,False
1668,Alpha-lipoic acid,Epigallocatechin gallate,0.8478,0.04738,0.06178,1.8489,0.0274,0.3718,0.0101,0.0,0.0737,0.4,0.4,0.6,0.5,0.5,1.0,-0.619,-1.7729,-1.555,False,0.3333,0.65,0.0618,0.0,hepatic,False,False,False,False,False
1669,Mitoxantrone,Ofatumumab,0.8472,0.16958,0.17956,0.9763,0.0562,0.4484,0.0161,0.0035,0.1254,0.4,0.2,0.9231,0.0,0.2,0.6867,-0.1458,-3.0195,-2.3838,False,1.0,0.275,0.5088,0.0941,infection,False,False,False,False,False
1670,Amiloride,Daclizumab,0.8465,0.16708,0.17728,0.9742,0.0296,0.3182,0.0105,0.0019,0.0929,0.2,0.4,1.0,1.0,0.45,0.6867,0.0,-2.6837,-2.1815,False,0.3333,0.475,0.4039,0.0,autoimmunity,False,False,False,False,False
1671,Alemtuzumab,Peginterferon beta-1a,0.8462,0.04239,0.05693,1.5581,0.0657,0.3825,0.0244,0.003,0.1717,0.3,0.2,0.8667,0.0,0.1,0.5533,-0.1929,-3.018,-2.577,False,1.0,0.275,0.5127,0.0235,infection,False,False,False,False,False
1672,Cholecalciferol,Daclizumab,0.8462,0.11721,0.12793,1.2021,0.0342,0.4433,0.0143,0.0,0.0772,0.1,0.4,0.5714,0.5,0.55,0.6867,-0.625,-2.0037,-2.1815,False,0.6667,0.475,0.3696,0.0,autoimmunity,False,False,False,False,False
1673,Cyclophosphamide,Ublituximab,0.8455,0.23441,0.2421,0.8157,0.0581,0.494,0.0189,0.0035,0.1175,0.3,0.2,0.8182,0.0,0.25,0.5067,-0.3095,-3.0549,-2.5884,False,1.0,0.35,0.4608,0.1137,infection,False,False,False,False,False
1674,Azathioprine,Epigallocatechin gallate,0.8446,0.00748,0.01683,2.4209,0.0301,0.2723,0.0126,0.0,0.1104,0.5,0.6,1.0,0.5,0.45,1.0,0.0833,-1.9886,-1.555,True,0.3333,0.6,0.3567,0.0247,infection,False,False,False,False,False
1675,Mitoxantrone,Phenytoin,0.8422,0.07232,0.08491,1.3589,0.0293,0.2999,0.0094,0.0009,0.0976,0.4,0.4,0.875,1.0,0.7,0.6867,-0.0833,-3.0195,-2.5343,False,0.3333,0.45,0.5314,0.0627,malignancy,False,False,False,False,False
1676,Mitoxantrone,Ublituximab,0.8415,0.16459,0.17473,1.007,0.0552,0.4577,0.016,0.0035,0.1206,0.4,0.2,0.9167,0.0,0.2,0.5067,-0.1548,-3.0195,-2.5884,False,1.0,0.3,0.5088,0.0941,infection,False,False,False,False,False
1677,Natalizumab-biosimilar,Peginterferon beta-1a,0.8414,0.01746,0.03019,1.8039,0.0541,0.4003,0.0254,0.003,0.1351,0.3,0.2,0.9091,0.0,0.1,0.82,-0.1714,-3.1195,-2.577,False,0.6667,0.3,0.2412,0.0265,infection,False,False,False,False,False
1678,Mycophenolate mofetil,Ozanimod,0.841,0.04239,0.05693,1.4508,0.0396,0.4717,0.0178,0.0,0.0839,0.3,0.2,0.75,0.5,0.5,0.7333,-0.3,-2.0615,-1.8533,False,0.3333,0.375,0.4,0.0471,infection,False,False,False,False,False
1679,Azathioprine,Evobrutinib,0.8396,0.04988,0.06409,1.5464,0.0376,0.324,0.0174,0.0,0.1161,0.4,0.2,1.0,0.5,0.45,1.0,0.0,-1.9886,-2.076,False,0.6667,0.425,0.3914,0.0625,infection,False,False,False,False,False
1680,Glatiramer acetate,Secukinumab,0.8392,0.00499,0.01301,2.3284,0.0496,0.4161,0.0213,0.0,0.1193,0.4,0.2,0.9091,0.0,0.05,0.6867,-0.1875,-3.0334,-1.895,False,0.3333,0.425,0.0814,0.0069,infection,False,False,False,False,True
1681,Mycophenolate mofetil,Teriflunomide,0.8387,0.11721,0.12793,1.1937,0.0406,0.4134,0.0166,0.0,0.0983,0.4,0.4,0.6667,0.5,0.4,0.7333,-0.5143,-2.0615,-3.0107,False,0.3333,0.375,0.374,0.1191,infection,False,False,False,False,False
1682,Azathioprine,Rituximab,0.8385,0.18454,0.19417,0.91,0.0519,0.4517,0.0151,0.0,0.1149,0.2,0.2,0.9091,0.0,0.25,0.5533,-0.1714,-1.9886,-2.5884,False,1.0,0.35,0.3946,0.0858,infection,False,False,False,False,False
1683,Interferon beta-1b,Natalizumab-biosimilar,0.833,0.03741,0.05212,1.5882,0.0551,0.4076,0.0247,0.0029,0.1351,0.3,0.2,0.8182,0.0,0.1,0.6867,-0.325,-3.2696,-3.1195,False,0.6667,0.3,0.248,0.0265,infection,False,False,False,False,False
1684,Mitoxantrone,Vidofludimus calcium,0.8319,0.09975,0.11228,1.2601,0.0392,0.3722,0.0174,0.0035,0.1054,0.5,0.4,0.7778,0.5,0.4,0.6867,-0.3667,-3.0195,-1.6832,False,0.6667,0.375,0.5422,0.0843,malignancy,False,False,False,False,False
1685,Evobrutinib,Mycophenolate mofetil,0.8316,0.04239,0.05693,1.5369,0.0409,0.349,0.0202,0.0,0.1172,0.4,0.2,1.0,0.5,0.45,1.0,0.0,-2.076,-2.0615,False,0.3333,0.45,0.3578,0.0353,infection,False,False,False,False,False
1686,Secukinumab,Sirolimus,0.8313,0.05237,0.06657,1.5013,0.0422,0.4989,0.0172,0.0,0.0846,0.3,0.4,0.75,0.0,0.35,0.6867,-0.3333,-1.895,-2.0409,False,0.3333,0.525,0.2216,0.0412,infection,False,False,False,False,False
1687,Amiloride,Epigallocatechin gallate,0.8309,0.0399,0.05461,1.9837,0.0222,0.3091,0.0096,0.0,0.072,0.3,0.4,0.8889,0.75,0.45,1.0,-0.25,-2.6837,-1.555,False,0.3333,0.675,0.0961,0.0,hepatic,False,False,False,False,False
1688,Ponesimod,Secukinumab,0.8282,0.10474,0.11653,1.2358,0.0409,0.4951,0.0158,0.0,0.0825,0.2,0.2,0.8571,0.0,0.45,0.6867,-0.25,-1.5016,-1.895,False,0.3333,0.375,0.1951,0.0275,infection,False,False,False,False,False
1689,Firategrast,Sirolimus,0.8271,0.04239,0.05693,1.7034,0.0433,0.3848,0.0192,0.0,0.1125,0.4,0.4,1.0,0.0,0.35,0.7333,0.1667,-3.2771,-2.0409,True,0.3333,0.55,0.2333,0.0588,infection,False,False,False,False,False
1690,Cyclophosphamide,Interferon beta-1a,0.8253,0.00748,0.01683,2.1759,0.0564,0.3559,0.0224,0.0066,0.1585,0.5,0.2,0.8462,0.0,0.25,0.82,-0.2778,-3.0549,-3.5867,False,1.0,0.375,0.5069,0.0235,infection,False,False,False,False,False
1691,Azathioprine,Remibrutinib,0.8252,0.10474,0.11653,1.2782,0.0373,0.3252,0.0174,0.0,0.1146,0.3,0.2,1.0,0.5,0.5,1.0,0.0,-1.9886,-1.7308,False,0.6667,0.45,0.3831,0.0571,infection,False,False,False,False,False
1692,Daclizumab,Natalizumab,0.8233,0.07232,0.08491,1.4143,0.0594,0.3934,0.019,0.0019,0.151,0.3,0.2,1.0,0.0,0.05,0.82,0.0,-2.1815,-3.0541,False,1.0,0.275,0.4773,0.1041,infection,False,False,False,False,False
1693,Cyclophosphamide,Rituximab,0.8226,0.22444,0.23216,0.7819,0.0561,0.4769,0.0193,0.0035,0.1175,0.3,0.2,0.8182,0.0,0.25,0.3733,-0.3095,-3.0549,-2.5884,False,1.0,0.35,0.4645,0.1286,infection,False,False,False,False,False
1694,Interferon beta-1b,Ustekinumab,0.8212,0.05985,0.07304,1.5162,0.0633,0.4515,0.024,0.0029,0.1401,0.2,0.2,0.7273,0.0,0.1,0.5533,-0.4375,-3.2696,-1.9172,False,0.3333,0.375,0.1647,0.0118,infection,False,False,False,False,False
1695,Alemtuzumab,Frexalimab,0.8209,0.15212,0.16252,0.9454,0.0717,0.4616,0.0304,0.0,0.1552,0.2,0.2,0.8,0.0,0.1,0.3733,-0.3375,-3.018,-2.5456,False,0.6667,0.325,0.4608,0.0627,infection,False,False,False,False,False
1696,Azathioprine,Glatiramer acetate,0.8208,0.01496,0.02705,2.3576,0.0429,0.3703,0.0145,0.0,0.1158,0.4,0.2,0.8182,0.0,0.25,0.82,-0.325,-1.9886,-3.0334,False,1.0,0.4,0.3284,0.0108,infection,False,False,False,False,False
1697,Evobrutinib,Mitoxantrone,0.8199,0.06484,0.0779,1.3839,0.0401,0.3292,0.0199,0.0035,0.1218,0.5,0.2,1.0,0.5,0.45,0.5533,0.0,-2.076,-3.0195,False,0.6667,0.375,0.5598,0.0353,malignancy,False,False,False,False,False
1698,Peginterferon beta-1a,Ustekinumab,0.8194,0.05736,0.0709,1.5299,0.0607,0.4747,0.0214,0.003,0.1279,0.2,0.2,0.7,0.0,0.1,0.6867,-0.4643,-2.577,-1.9172,False,0.3333,0.375,0.1578,0.0118,infection,False,False,False,False,False
1699,Mycophenolate mofetil,Remibrutinib,0.8178,0.10224,0.11438,1.2459,0.0406,0.3505,0.0198,0.0,0.1157,0.3,0.2,1.0,0.5,0.5,1.0,0.0,-2.0615,-1.7308,False,0.3333,0.475,0.3441,0.0353,infection,False,False,False,False,False
1700,Mitoxantrone,Rituximab,0.8173,0.12219,0.1328,1.0916,0.053,0.4395,0.0162,0.0035,0.1206,0.4,0.2,0.9167,0.0,0.2,0.64,-0.1548,-3.0195,-2.5884,False,1.0,0.3,0.5145,0.1071,infection,False,False,False,False,False
1701,Amiloride,Mitoxantrone,0.817,0.09975,0.11228,1.2424,0.0275,0.2772,0.0076,0.0006,0.0993,0.4,0.4,0.8889,1.0,0.45,0.5533,-0.25,-2.6837,-3.0195,False,0.3333,0.475,0.4642,0.0309,malignancy,False,False,False,False,False
1702,Cyclophosphamide,Glatiramer acetate,0.8169,0.01247,0.02374,2.345,0.0507,0.394,0.0223,0.0035,0.1286,0.4,0.2,0.8333,0.0,0.25,0.82,-0.2917,-3.0549,-3.0334,False,1.0,0.4,0.4363,0.0157,infection,False,False,False,False,False
1703,Amiloride,Oxcarbazepine,0.8164,0.14713,0.15794,1.0545,0.0189,0.3231,0.0084,0.0,0.0586,0.1,0.2,0.8333,1.0,0.7,1.0,-0.0417,-2.6837,-0.3516,False,0.3333,0.6,0.1206,0.0,teratogenicity,False,False,False,False,False
1704,Daclizumab,Ponesimod,0.816,0.10723,0.11865,1.2789,0.0362,0.5426,0.0161,0.0019,0.0667,0.2,0.2,0.6667,0.0,0.45,0.6867,-0.5,-2.1815,-1.5016,False,1.0,0.3,0.4613,0.0623,autoimmunity,False,False,False,False,False
1705,Amiloride,Phenytoin,0.8154,0.13965,0.15031,1.08,0.0202,0.3779,0.0083,0.0,0.0534,0.1,0.2,0.6,1.0,0.7,0.8667,-0.875,-2.6837,-2.5343,False,0.3333,0.575,0.1676,0.0,teratogenicity,False,False,False,False,False
1706,Interferon beta-1b,Sirolimus,0.8142,0.02743,0.04221,1.7031,0.0514,0.3782,0.021,0.0029,0.1359,0.3,0.4,0.8333,0.0,0.35,0.5533,-0.2083,-3.2696,-2.0409,False,0.3333,0.425,0.2539,0.0382,infection,False,False,False,False,False
1707,Azathioprine,Interferon beta-1a,0.8088,0.02743,0.04221,2.0823,0.0486,0.3336,0.0146,0.0031,0.1457,0.4,0.2,0.8333,0.0,0.25,0.82,-0.3111,-1.9886,-3.5867,False,1.0,0.375,0.374,0.0436,infection,False,False,False,False,False
1708,Peginterferon beta-1a,Sirolimus,0.8083,0.03491,0.0496,1.7079,0.0489,0.3958,0.021,0.003,0.1236,0.3,0.4,0.8182,0.0,0.35,0.6867,-0.2262,-2.577,-2.0409,False,0.3333,0.425,0.2491,0.0362,infection,False,False,False,False,False
1709,Glatiramer acetate,Methotrexate,0.805,0.01496,0.02705,2.2116,0.044,0.3985,0.0156,0.0,0.1103,0.3,0.2,0.7,0.0,0.2,0.82,-0.4875,-3.0334,-2.3127,False,1.0,0.425,0.2833,0.0098,infection,False,False,False,False,False
1710,Interferon beta-1a,Secukinumab,0.8007,0.02993,0.04463,1.8278,0.0529,0.3845,0.0189,0.0031,0.1375,0.4,0.2,0.8182,0.0,0.1,0.6867,-0.3056,-3.5867,-1.895,False,0.3333,0.4,0.1564,0.0103,infection,False,False,False,False,False
1711,Cyclophosphamide,Ponesimod,0.7994,0.0798,0.09219,1.3569,0.0427,0.4646,0.0164,0.0035,0.0919,0.4,0.2,0.75,0.0,0.45,0.82,-0.4167,-3.0549,-1.5016,False,1.0,0.35,0.5112,0.0751,infection,False,False,False,False,False
1712,Firategrast,Interferon beta-1a,0.7986,0.02244,0.03628,1.9174,0.0502,0.3738,0.0162,0.0031,0.1342,0.4,0.2,0.8182,0.0,0.3,0.82,-0.3611,-3.2771,-3.5867,False,0.3333,0.425,0.1814,0.0147,infection,False,False,False,False,False
1713,Frexalimab,Methotrexate,0.7982,0.0798,0.09219,1.3356,0.0518,0.4296,0.0165,0.0,0.1206,0.3,0.2,0.8182,0.0,0.2,0.6867,-0.2625,-2.5456,-2.3127,False,0.6667,0.45,0.3127,0.0392,infection,False,False,False,False,False
1714,Mycophenolate mofetil,Natalizumab,0.7981,0.00748,0.01683,2.1859,0.0611,0.3714,0.0207,0.0,0.1645,0.4,0.2,1.0,0.0,0.2,0.6867,0.0,-2.0615,-3.0541,False,0.3333,0.35,0.3647,0.1059,infection,False,False,False,False,False
1715,Methotrexate,Ponesimod,0.7979,0.10973,0.12088,1.2974,0.0365,0.4331,0.0165,0.0,0.0843,0.3,0.2,0.7143,0.0,0.45,1.0,-0.45,-2.3127,-1.5016,False,1.0,0.375,0.3676,0.0598,infection,False,False,False,False,False
1716,Mitoxantrone,Remibrutinib,0.7958,0.11471,0.12568,1.1614,0.039,0.3564,0.0191,0.0035,0.1095,0.4,0.2,0.9,0.5,0.5,0.5533,-0.1833,-3.0195,-1.7308,False,0.6667,0.4,0.5461,0.0353,malignancy,False,False,False,False,False
1717,Cyclophosphamide,Natalizumab-biosimilar,0.7923,0.01995,0.0334,1.7641,0.0549,0.4038,0.0263,0.0035,0.1361,0.5,0.2,1.0,0.0,0.25,0.5067,0.0,-3.0549,-3.1195,False,0.6667,0.375,0.4676,0.1412,infection,False,False,False,False,False
1718,Firategrast,Ponesimod,0.7902,0.10474,0.11653,1.2579,0.0392,0.4041,0.0192,0.0,0.0971,0.3,0.2,1.0,0.0,0.45,1.0,0.0,-3.2771,-1.5016,False,0.3333,0.4,0.2127,0.0392,infection,False,False,False,False,False
1719,Mycophenolate mofetil,Ocrelizumab,0.7884,0.2419,0.24881,0.7942,0.0591,0.494,0.015,0.0,0.1197,0.2,0.2,0.8333,0.0,0.2,0.5533,-0.3111,-2.0615,-2.7449,False,0.3333,0.35,0.3429,0.0865,infection,False,False,False,False,False
1720,Interferon beta-1a,Mitoxantrone,0.788,0.01995,0.0334,2.0745,0.0517,0.3284,0.0177,0.0066,0.1574,0.5,0.2,0.8462,0.0,0.2,0.5533,-0.2778,-3.5867,-3.0195,False,1.0,0.325,0.5412,0.0176,malignancy,False,False,False,False,False
1721,Cladribine,Daclizumab,0.787,0.29925,0.30316,0.6201,0.0411,0.3963,0.0142,0.0019,0.1038,0.2,0.2,0.7778,0.5,0.3,0.5533,-0.3929,-2.961,-2.1815,False,1.0,0.325,0.599,0.0471,autoimmunity,False,False,False,False,False
1722,Epigallocatechin gallate,Mitoxantrone,0.7852,0.02993,0.04463,1.7868,0.0317,0.3013,0.0118,0.0035,0.1053,0.5,0.6,0.9091,0.5,0.45,0.5533,-0.0833,-1.555,-3.0195,False,0.3333,0.55,0.5225,0.0,malignancy,False,False,False,False,False
1723,Cyclophosphamide,Interferon beta-1b,0.7851,0.03491,0.0496,1.8968,0.0529,0.3579,0.0225,0.0064,0.1478,0.4,0.2,0.8333,0.0,0.25,0.82,-0.2917,-3.0549,-3.2696,False,1.0,0.375,0.5069,0.0235,infection,False,False,False,False,False
1724,Mycophenolate mofetil,Ofatumumab,0.7851,0.29177,0.29618,0.6801,0.0553,0.4999,0.0152,0.0,0.1106,0.2,0.2,0.8182,0.0,0.2,0.6867,-0.325,-2.0615,-2.3838,False,0.3333,0.35,0.3289,0.0721,infection,False,False,False,False,False
1725,Alemtuzumab,Firategrast,0.7844,0.02993,0.04463,1.8818,0.0605,0.3766,0.0192,0.0,0.1605,0.4,0.2,1.0,0.0,0.3,0.42,0.1,-3.018,-3.2771,True,0.3333,0.4,0.4647,0.0784,infection,False,False,False,False,False
1726,Azathioprine,Ponesimod,0.7844,0.08229,0.09458,1.3626,0.0348,0.4404,0.0147,0.0,0.079,0.3,0.2,0.7143,0.0,0.45,1.0,-0.45,-1.9886,-1.5016,False,1.0,0.35,0.4167,0.0569,infection,False,False,False,False,False
1727,Alemtuzumab,Ustekinumab,0.7822,0.08479,0.09723,1.4081,0.0731,0.5421,0.0318,0.0,0.1349,0.2,0.2,0.6667,0.0,0.05,0.6867,-0.5333,-3.018,-1.9172,False,0.3333,0.35,0.4608,0.0627,infection,False,False,False,False,False
1728,Methotrexate,Natalizumab-biosimilar,0.7814,0.02494,0.03925,1.784,0.048,0.3731,0.0193,0.0,0.1285,0.4,0.2,1.0,0.0,0.2,0.6867,0.0,-2.3127,-3.1195,False,0.6667,0.4,0.3618,0.0882,infection,False,False,False,False,False
1729,Mycophenolate mofetil,Ublituximab,0.7813,0.22943,0.2372,0.8445,0.0542,0.5125,0.0151,0.0,0.1059,0.2,0.2,0.8,0.0,0.2,0.6867,-0.3429,-2.0615,-2.5884,False,0.3333,0.375,0.3289,0.0721,infection,False,False,False,False,False
1730,Cyclophosphamide,Frexalimab,0.7811,0.11721,0.12793,1.2009,0.0579,0.4524,0.0226,0.0035,0.1281,0.3,0.2,0.8333,0.0,0.25,0.5067,-0.2917,-3.0549,-2.5456,False,0.6667,0.425,0.448,0.0627,infection,False,False,False,False,False
1731,Interferon beta-1b,Mitoxantrone,0.7809,0.00998,0.02038,2.1914,0.0487,0.3093,0.0183,0.0064,0.1574,0.5,0.2,0.9231,0.0,0.2,0.5533,-0.1458,-3.2696,-3.0195,False,1.0,0.325,0.5412,0.0176,malignancy,False,False,False,False,False
1732,Mycophenolate mofetil,Ustekinumab,0.7789,0.03242,0.04712,1.6783,0.056,0.5023,0.0167,0.0,0.1115,0.2,0.2,0.7778,0.0,0.2,0.5533,-0.3667,-2.0615,-1.9172,False,0.3333,0.475,0.2902,0.0471,infection,False,False,False,False,False
1733,Daclizumab,Glatiramer acetate,0.7763,0.04489,0.05938,1.7,0.0424,0.4419,0.014,0.0,0.096,0.3,0.2,0.6667,0.0,0.05,0.6867,-0.5625,-2.1815,-3.0334,False,1.0,0.35,0.3814,0.0078,autoimmunity,False,False,False,False,False
1734,Cyclophosphamide,Peginterferon beta-1a,0.7751,0.03242,0.04712,1.8341,0.0504,0.3721,0.0225,0.0065,0.1355,0.4,0.2,0.8182,0.0,0.25,0.6867,-0.2262,-3.0549,-2.577,False,1.0,0.375,0.5,0.0235,infection,False,False,False,False,False
1735,Mitoxantrone,Ponesimod,0.7718,0.07731,0.08978,1.276,0.0382,0.3765,0.0181,0.0035,0.1015,0.5,0.2,0.8889,0.0,0.45,0.5533,-0.2083,-3.0195,-1.5016,False,1.0,0.3,0.5306,0.0841,infection,False,False,False,False,False
1736,Daclizumab,Frexalimab,0.771,0.15212,0.16252,1.0525,0.0515,0.5,0.0162,0.0019,0.1029,0.2,0.2,0.8,0.0,0.1,0.82,-0.3125,-2.1815,-2.5456,False,0.6667,0.375,0.4167,0.0314,autoimmunity,False,False,False,False,False
1737,Glatiramer acetate,Mitoxantrone,0.7697,0.01496,0.02705,1.9984,0.0454,0.3565,0.0171,0.0035,0.1275,0.4,0.2,0.8333,0.0,0.2,0.5533,-0.2917,-3.0334,-3.0195,False,1.0,0.35,0.4686,0.0118,malignancy,False,False,False,False,False
1738,Azathioprine,Natalizumab-biosimilar,0.7696,0.02993,0.04463,1.6403,0.0461,0.3741,0.0174,0.0,0.1232,0.4,0.2,1.0,0.0,0.25,0.6867,0.0,-1.9886,-3.1195,False,0.6667,0.375,0.399,0.0971,infection,False,False,False,False,False
1739,Mitoxantrone,Peginterferon beta-1a,0.7679,0.01247,0.02374,2.0806,0.0463,0.3189,0.0183,0.0065,0.1452,0.5,0.2,0.9167,0.0,0.2,0.6867,-0.0714,-3.0195,-2.577,False,1.0,0.325,0.5343,0.0176,malignancy,False,False,False,False,False
1740,Azathioprine,Interferon beta-1b,0.7671,0.02993,0.04463,1.7396,0.045,0.3338,0.0147,0.0029,0.1349,0.3,0.2,0.8182,0.0,0.25,0.82,-0.325,-1.9886,-3.2696,False,1.0,0.375,0.374,0.0436,infection,False,False,False,False,False
1741,Firategrast,Peginterferon beta-1a,0.7662,0.04239,0.05693,1.6352,0.0453,0.3667,0.0173,0.003,0.1234,0.3,0.2,0.9,0.0,0.3,0.6867,-0.1964,-3.2771,-2.577,False,0.3333,0.425,0.1745,0.0147,infection,False,False,False,False,False
1742,Interferon beta-1b,Secukinumab,0.7649,0.06234,0.07553,1.5555,0.0496,0.3911,0.0192,0.0029,0.1267,0.3,0.2,0.8,0.0,0.1,0.6867,-0.3125,-3.2696,-1.895,False,0.3333,0.4,0.1564,0.0103,infection,False,False,False,False,False
1743,Alemtuzumab,Tocilizumab,0.7625,0.03741,0.05212,1.7087,0.0726,0.4496,0.0314,0.0,0.1616,0.3,0.2,0.8571,0.0,0.1,0.3733,-0.2667,-3.018,-1.8119,False,0.3333,0.35,0.5235,0.0941,infection,False,False,False,False,False
1744,Mitoxantrone,Natalizumab-biosimilar,0.7625,0.03491,0.0496,1.7101,0.0486,0.3768,0.0199,0.0035,0.1289,0.6,0.2,1.0,0.0,0.2,0.5067,0.0,-3.0195,-3.1195,False,0.6667,0.325,0.5314,0.1059,infection,False,False,False,False,False
1745,Azathioprine,Frexalimab,0.7609,0.202,0.21144,0.9234,0.0488,0.4594,0.0135,0.0,0.1062,0.2,0.2,0.7,0.0,0.25,0.6867,-0.4875,-1.9886,-2.5456,False,0.6667,0.425,0.3549,0.0431,infection,False,False,False,False,False
1746,Firategrast,Interferon beta-1b,0.7602,0.05486,0.06865,1.5402,0.0466,0.3778,0.0163,0.0029,0.1234,0.3,0.2,0.8,0.0,0.3,0.82,-0.375,-3.2771,-3.2696,False,0.3333,0.425,0.1814,0.0147,infection,False,False,False,False,False
1747,Peginterferon beta-1a,Secukinumab,0.7597,0.0399,0.05461,1.6922,0.047,0.4104,0.0191,0.003,0.1145,0.3,0.2,0.7778,0.0,0.1,0.82,-0.3214,-2.577,-1.895,False,0.3333,0.4,0.1495,0.0103,infection,False,False,False,False,False
1748,Inebilizumab,Methotrexate,0.7568,0.08978,0.10226,1.3245,0.0542,0.4008,0.0193,0.0,0.1351,0.3,0.2,1.0,0.0,0.2,0.5533,0.0714,-2.8083,-2.3127,True,0.3333,0.425,0.3765,0.0588,infection,False,False,False,False,False
1749,Azathioprine,Peginterferon beta-1a,0.7566,0.02244,0.03628,1.7491,0.0426,0.3472,0.0147,0.003,0.1227,0.3,0.2,0.8,0.0,0.25,0.6867,-0.2429,-1.9886,-2.577,False,1.0,0.375,0.3699,0.0409,infection,False,False,False,False,False
1750,Mycophenolate mofetil,Rituximab,0.7553,0.2394,0.24637,0.8016,0.0521,0.4926,0.0154,0.0,0.1059,0.2,0.2,0.8,0.0,0.2,0.5533,-0.3429,-2.0615,-2.5884,False,0.3333,0.375,0.339,0.0806,infection,False,False,False,False,False
1751,Glatiramer acetate,Mycophenolate mofetil,0.7552,0.01746,0.03019,2.3301,0.0461,0.3939,0.0177,0.0,0.1169,0.4,0.2,0.8182,0.0,0.2,0.82,-0.325,-3.0334,-2.0615,False,0.3333,0.425,0.2667,0.0118,infection,False,False,False,False,False
1752,Mycophenolate mofetil,Natalizumab-biosimilar,0.754,0.03491,0.0496,1.6732,0.0494,0.3973,0.0207,0.0,0.1244,0.4,0.2,1.0,0.0,0.2,0.6867,0.0,-2.0615,-3.1195,False,0.3333,0.4,0.3294,0.1059,infection,False,False,False,False,False
1753,Frexalimab,Mycophenolate mofetil,0.7539,0.15711,0.16732,1.0741,0.0532,0.4574,0.0179,0.0,0.1164,0.2,0.2,0.8182,0.0,0.2,0.6867,-0.325,-2.5456,-2.0615,False,0.3333,0.45,0.2902,0.0471,infection,False,False,False,False,False
1754,Methotrexate,Ustekinumab,0.7503,0.05736,0.0709,1.5713,0.0546,0.4717,0.0153,0.0,0.1156,0.2,0.2,0.7778,0.0,0.2,0.5533,-0.3667,-2.3127,-1.9172,False,0.3333,0.475,0.3127,0.0392,infection,False,False,False,False,False
1755,Cyclophosphamide,Ustekinumab,0.7495,0.05985,0.07304,1.4385,0.0604,0.4902,0.0211,0.0035,0.1232,0.3,0.2,0.8,0.0,0.25,0.5533,-0.3333,-3.0549,-1.9172,False,0.3333,0.45,0.448,0.0627,infection,False,False,False,False,False
1756,Azathioprine,Ustekinumab,0.7452,0.06234,0.07553,1.4654,0.0529,0.4796,0.0137,0.0,0.1103,0.2,0.2,0.7778,0.0,0.25,0.5533,-0.3667,-1.9886,-1.9172,False,0.3333,0.45,0.3549,0.0431,infection,False,False,False,False,False
1757,Frexalimab,Mitoxantrone,0.7437,0.14963,0.16028,1.1067,0.0517,0.4021,0.0164,0.0035,0.1287,0.4,0.2,0.8333,0.0,0.2,0.5067,-0.2917,-2.5456,-3.0195,False,0.6667,0.375,0.4922,0.0471,infection,False,False,False,False,False
1758,Alemtuzumab,Inebilizumab,0.7409,0.202,0.21144,0.8051,0.0704,0.4458,0.0291,0.0,0.1579,0.2,0.2,0.8667,0.0,0.05,0.5067,-0.2429,-3.018,-2.8083,False,0.3333,0.3,0.4907,0.1162,infection,False,False,False,False,False
1759,Mycophenolate mofetil,Tocilizumab,0.7375,0.02993,0.04463,1.8467,0.0542,0.4263,0.0188,0.0,0.127,0.3,0.2,0.9,0.0,0.2,0.6867,-0.1833,-2.0615,-1.8119,False,0.3333,0.475,0.3608,0.0706,infection,False,False,False,False,False
1760,Interferon beta-1a,Mycophenolate mofetil,0.7371,0.01247,0.02374,2.0155,0.0517,0.3524,0.0177,0.0031,0.1468,0.4,0.2,0.8333,0.0,0.2,0.82,-0.3111,-3.5867,-2.0615,False,0.3333,0.4,0.3392,0.0176,infection,False,False,False,False,False
1761,Daclizumab,Natalizumab-biosimilar,0.7363,0.13716,0.14787,1.1965,0.0477,0.4303,0.019,0.0019,0.1109,0.3,0.2,1.0,0.0,0.05,0.82,0.0,-2.1815,-3.1195,False,0.6667,0.325,0.4755,0.0706,infection,False,False,False,False,False
1762,Mycophenolate mofetil,Ponesimod,0.7354,0.04988,0.06409,1.4885,0.038,0.4736,0.0172,0.0,0.0802,0.3,0.2,0.7143,0.0,0.45,1.0,-0.45,-2.0615,-1.5016,False,0.3333,0.375,0.3657,0.0471,infection,False,False,False,False,False
1763,Mitoxantrone,Ustekinumab,0.7348,0.01995,0.0334,1.656,0.057,0.429,0.0177,0.0035,0.1328,0.4,0.2,0.9091,0.0,0.2,0.82,-0.1667,-3.0195,-1.9172,False,0.3333,0.4,0.4922,0.0471,infection,False,False,False,False,False
1764,Alemtuzumab,Secukinumab,0.7287,0.07731,0.08978,1.2965,0.0596,0.4495,0.0184,0.0,0.1327,0.3,0.2,0.8333,0.0,0.05,0.5533,-0.3,-3.018,-1.895,False,0.3333,0.375,0.4588,0.0549,infection,False,False,False,False,False
1765,Daclizumab,Ustekinumab,0.7242,0.10723,0.11865,1.1516,0.0541,0.5526,0.0149,0.0019,0.098,0.1,0.2,0.75,0.0,0.05,0.6867,-0.4167,-2.1815,-1.9172,False,0.3333,0.4,0.4167,0.0314,autoimmunity,False,False,False,False,False
1766,Cyclophosphamide,Tocilizumab,0.7208,0.02244,0.03628,1.8564,0.0592,0.4269,0.0239,0.0035,0.1387,0.4,0.2,0.9091,0.0,0.25,0.5067,-0.1667,-3.0549,-1.8119,False,0.3333,0.45,0.5108,0.0941,infection,False,False,False,False,False
1767,Inebilizumab,Mycophenolate mofetil,0.72,0.25187,0.25801,0.8029,0.0506,0.4599,0.0157,0.0,0.11,0.2,0.2,0.8,0.0,0.2,0.5533,-0.3429,-2.8083,-2.0615,False,0.3333,0.425,0.3368,0.0838,infection,False,False,False,False,False
1768,Daclizumab,Inebilizumab,0.7135,0.14963,0.16028,1.0022,0.0539,0.4589,0.019,0.0019,0.1175,0.2,0.2,1.0,0.0,0.05,0.6867,0.0714,-2.1815,-2.8083,True,0.3333,0.35,0.4843,0.0471,autoimmunity,False,False,False,False,False
1769,Azathioprine,Inebilizumab,0.7098,0.20948,0.21791,0.8727,0.0507,0.4258,0.0158,0.0,0.1191,0.2,0.2,0.9091,0.0,0.25,0.5533,-0.1714,-1.9886,-2.8083,False,0.3333,0.4,0.3946,0.0868,infection,False,False,False,False,False
1770,Mycophenolate mofetil,Secukinumab,0.7086,0.03491,0.0496,1.5471,0.0415,0.4233,0.0165,0.0,0.0981,0.3,0.2,0.875,0.0,0.2,0.6867,-0.225,-2.0615,-1.895,False,0.3333,0.5,0.2863,0.0412,infection,False,False,False,False,False
1771,Azathioprine,Tocilizumab,0.7067,0.02244,0.03628,1.6454,0.0511,0.4055,0.0157,0.0,0.1259,0.3,0.2,0.9,0.0,0.25,0.6867,-0.1833,-1.9886,-1.8119,False,0.3333,0.45,0.4055,0.0867,infection,False,False,False,False,False
1772,Firategrast,Mycophenolate mofetil,0.705,0.02244,0.03628,1.6983,0.0399,0.3542,0.0192,0.0,0.1127,0.4,0.2,1.0,0.0,0.3,1.0,0.0,-3.2771,-2.0615,False,0.3333,0.525,0.298,0.0588,infection,False,False,False,False,False
1773,Interferon beta-1b,Mycophenolate mofetil,0.6969,0.02743,0.04221,1.795,0.0482,0.3541,0.0178,0.0029,0.1361,0.3,0.2,0.8182,0.0,0.2,0.82,-0.325,-3.2696,-2.0615,False,0.3333,0.4,0.3392,0.0176,infection,False,False,False,False,False
1774,Inebilizumab,Mitoxantrone,0.6939,0.14963,0.16028,1.106,0.0522,0.4184,0.0173,0.0035,0.1248,0.4,0.2,0.9167,0.0,0.2,0.64,-0.1548,-2.8083,-3.0195,False,0.3333,0.35,0.5167,0.1059,infection,False,False,False,False,False
1775,Cyclophosphamide,Inebilizumab,0.6918,0.20698,0.21564,0.8465,0.0546,0.4484,0.0197,0.0035,0.1217,0.3,0.2,0.8182,0.0,0.25,0.3733,-0.3095,-3.0549,-2.8083,False,0.3333,0.4,0.4647,0.1294,infection,False,False,False,False,False
1776,Daclizumab,Sirolimus,0.6909,0.13466,0.14541,1.1731,0.0382,0.5116,0.0141,0.0,0.0746,0.2,0.4,0.5714,0.0,0.35,0.6867,-0.5417,-2.1815,-2.0409,False,0.3333,0.45,0.4796,0.0841,autoimmunity,False,False,False,False,False
1777,Mycophenolate mofetil,Peginterferon beta-1a,0.6885,0.04489,0.05938,1.791,0.0457,0.3693,0.0178,0.003,0.1238,0.3,0.2,0.8,0.0,0.2,0.6867,-0.2429,-2.0615,-2.577,False,0.3333,0.4,0.3324,0.0176,infection,False,False,False,False,False
1778,Cyclophosphamide,Firategrast,0.6884,0.03491,0.0496,1.6669,0.0454,0.3654,0.0192,0.0035,0.1244,0.5,0.2,1.0,0.0,0.3,0.82,0.0,-3.0549,-3.2771,False,0.3333,0.5,0.452,0.0784,infection,False,False,False,False,False
1779,Mitoxantrone,Secukinumab,0.6882,0.01247,0.02374,1.829,0.0449,0.3762,0.0199,0.0035,0.1194,0.5,0.2,1.0,0.0,0.2,0.6867,0.0,-3.0195,-1.895,False,0.3333,0.425,0.4882,0.0412,infection,False,False,False,False,False
1780,Cyclophosphamide,Secukinumab,0.6839,0.06234,0.07553,1.4926,0.046,0.419,0.0197,0.0035,0.1098,0.4,0.2,0.8889,0.0,0.25,0.6867,-0.2083,-3.0549,-1.895,False,0.3333,0.475,0.4461,0.0549,infection,False,False,False,False,False
1781,Firategrast,Methotrexate,0.6819,0.04239,0.05693,1.5796,0.0385,0.3292,0.0192,0.0,0.1168,0.4,0.2,1.0,0.0,0.3,1.0,0.0,-3.2771,-2.3127,False,0.3333,0.525,0.3225,0.049,infection,False,False,False,False,False
1782,Mitoxantrone,Tocilizumab,0.6797,0.03491,0.0496,1.6327,0.0546,0.3966,0.0193,0.0035,0.1376,0.4,0.2,0.9091,0.0,0.2,0.5067,-0.1667,-3.0195,-1.8119,False,0.3333,0.4,0.5627,0.0706,infection,False,False,False,False,False
1783,Methotrexate,Secukinumab,0.6792,0.04239,0.05693,1.5021,0.0401,0.3919,0.0151,0.0,0.1023,0.3,0.2,0.875,0.0,0.2,0.6867,-0.225,-2.3127,-1.895,False,0.3333,0.5,0.3078,0.0343,infection,False,False,False,False,False
1784,Azathioprine,Secukinumab,0.6731,0.04239,0.05693,1.4557,0.0387,0.3988,0.0137,0.0,0.097,0.3,0.2,0.875,0.0,0.25,0.6867,-0.225,-1.9886,-1.895,False,0.3333,0.475,0.3505,0.0377,infection,False,False,False,False,False
1785,Firategrast,Mitoxantrone,0.6618,0.02494,0.03925,1.7819,0.0391,0.3334,0.0192,0.0035,0.1172,0.6,0.2,1.0,0.0,0.3,0.5533,0.0,-3.2771,-3.0195,False,0.3333,0.45,0.5,0.0588,infection,False,False,False,False,False
1786,Azathioprine,Firategrast,0.6604,0.03491,0.0496,1.5825,0.0366,0.3282,0.0174,0.0,0.1115,0.4,0.2,1.0,0.0,0.3,1.0,0.0,-1.9886,-3.2771,False,0.3333,0.5,0.3637,0.0539,infection,False,False,False,False,False
1787,Alemtuzumab,Daclizumab,0.6586,0.27431,0.27902,0.5856,0.0513,0.4537,0.01,0.0004,0.1131,0.2,0.2,0.6,0.0,0.05,0.5533,-0.7,-3.018,-2.1815,False,1.0,0.3,0.6011,0.2136,autoimmunity,False,False,False,False,False
1788,Daclizumab,Firategrast,0.6576,0.15461,0.16492,1.0443,0.0382,0.3852,0.019,0.0019,0.0992,0.3,0.2,1.0,0.0,0.3,0.6867,0.0,-2.1815,-3.2771,False,0.3333,0.45,0.4284,0.0392,autoimmunity,False,False,False,False,False
1789,Daclizumab,Secukinumab,0.6475,0.20948,0.21791,0.9089,0.0395,0.4671,0.0145,0.0019,0.0846,0.2,0.2,0.8571,0.0,0.05,0.82,-0.25,-2.1815,-1.895,False,0.3333,0.425,0.4108,0.0275,autoimmunity,False,False,False,False,False
1790,Cyclophosphamide,Daclizumab,0.5902,0.3192,0.3224,0.5411,0.0375,0.4445,0.0112,0.0054,0.0843,0.3,0.2,0.5714,0.0,0.25,0.6867,-0.625,-3.0549,-2.1815,False,1.0,0.4,0.7392,0.0627,infection,False,False,False,False,False
1791,Azathioprine,Daclizumab,0.5789,0.34663,0.34836,0.4906,0.0306,0.4273,0.0115,0.0019,0.0715,0.2,0.2,0.5,0.0,0.25,0.6867,-0.675,-1.9886,-2.1815,False,1.0,0.4,0.5967,0.0925,autoimmunity,False,False,False,False,False
1792,Daclizumab,Mitoxantrone,0.5623,0.27182,0.27662,0.6494,0.0336,0.3575,0.0137,0.0054,0.094,0.4,0.2,0.75,0.0,0.2,0.6867,-0.4167,-2.1815,-3.0195,False,1.0,0.35,0.7833,0.0471,autoimmunity,False,False,False,False,False
1793,Daclizumab,Mycophenolate mofetil,0.5184,0.25436,0.26017,0.7437,0.0333,0.4581,0.0126,0.0019,0.0726,0.2,0.2,0.5,0.0,0.2,0.6867,-0.675,-2.1815,-2.0615,False,0.3333,0.425,0.5814,0.0471,autoimmunity,False,False,False,False,False
1794,Metformin,Minocycline,1.4326,0.00249,0.00837,4.2842,0.0767,0.3857,0.0272,0.0,0.1988,0.8,0.8,1.0,0.75,0.7,1.0,0.1111,-1.6488,-3.6179,True,0.3333,0.475,0.1172,0.0034,autoimmunity,False,True,False,True,True
1795,Dimethyl fumarate,Minocycline,1.3809,0.00249,0.00837,3.0825,0.0805,0.4817,0.031,0.0,0.167,0.6,0.8,0.8125,0.75,0.7,1.0,-0.3333,-2.3075,-3.6179,False,0.3333,0.35,0.2083,0.0181,infection,False,True,False,True,True
1796,Ibudilast,Metformin,1.3673,0.00249,0.00837,3.3023,0.0675,0.3544,0.0272,0.0,0.1905,0.6,0.8,1.0,0.75,0.7,1.0,0.1111,-4.4103,-1.6488,True,0.3333,0.475,0.058,0.0027,hepatic,False,True,False,True,True
1797,Idebenone,Minocycline,1.3554,0.00249,0.00837,3.8191,0.0666,0.3974,0.0172,0.0,0.1676,0.6,0.6,1.0,1.0,0.7,1.0,0.3056,-0.7029,-3.6179,True,0.3333,0.525,0.1223,0.0051,autoimmunity,False,True,False,True,False
1798,Dimethyl fumarate,Ibudilast,1.3442,0.00499,0.01301,2.7509,0.0732,0.4228,0.0329,0.0,0.1731,0.5,0.8,0.8824,0.75,0.7,1.0,-0.2222,-2.3075,-4.4103,False,0.3333,0.35,0.1506,0.0161,infection,False,True,False,True,True
1799,Minocycline,Mycophenolate mofetil,1.2854,0.00249,0.00837,3.3277,0.0701,0.3838,0.0207,0.0,0.1828,0.7,0.6,1.0,1.0,0.7,1.0,0.0,-3.6179,-2.0615,False,0.3333,0.475,0.3539,0.0118,infection,False,True,False,True,False
1800,Ibudilast,Minocycline,1.2802,0.00748,0.01683,2.2074,0.0788,0.4824,0.0294,0.0,0.1633,0.5,0.4,0.6154,1.0,0.7,1.0,-0.5556,-4.4103,-3.6179,False,0.3333,0.45,0.1451,0.0088,hepatic,False,True,False,True,True
1801,Ibudilast,Idebenone,1.2718,0.00499,0.01301,2.9783,0.0563,0.3916,0.016,0.0,0.1438,0.5,0.6,0.9286,1.0,0.7,1.0,0.0556,-4.4103,-0.7029,True,0.3333,0.525,0.0635,0.0041,hepatic,False,True,False,True,False
1802,Alpha-lipoic acid,Minocycline,1.2498,0.00249,0.00837,2.8335,0.0642,0.4096,0.0147,0.0,0.1567,0.5,0.6,0.9375,0.75,0.7,1.0,-0.0556,-1.7729,-3.6179,False,0.3333,0.5,0.1069,0.0,autoimmunity,False,True,False,True,True
1803,Interferon beta-1b,Tolebrutinib,1.2456,0.00748,0.01683,2.566,0.0731,0.3441,0.0303,0.0029,0.2124,0.5,0.4,1.0,0.5,0.8,0.82,0.1,-3.2696,-3.3227,True,0.6667,0.325,0.2044,0.0583,hepatic,False,True,False,True,True
1804,Interferon beta-1a,Tolebrutinib,1.241,0.00499,0.01301,2.4162,0.0761,0.3583,0.0334,0.0031,0.2124,0.5,0.4,0.9444,0.5,0.8,0.82,-0.0556,-3.5867,-3.3227,False,0.6667,0.325,0.2044,0.0583,hepatic,False,True,False,True,True
1805,Peginterferon beta-1a,Tolebrutinib,1.2392,0.00249,0.00837,2.7206,0.0707,0.3532,0.028,0.003,0.2002,0.5,0.4,1.0,0.5,0.8,0.6867,0.15,-2.577,-3.3227,True,0.6667,0.325,0.2024,0.0535,hepatic,False,True,False,True,True
1806,Riluzole,Tolebrutinib,1.2306,0.02993,0.04463,1.7918,0.0609,0.3797,0.0181,0.0,0.1603,0.4,0.6,1.0,0.75,0.8,1.0,0.2667,-2.6115,-3.3227,True,0.3333,0.425,0.1853,0.048,hepatic,False,True,False,True,False
1807,Alpha-lipoic acid,Ibudilast,1.2254,0.00748,0.01683,2.7577,0.0564,0.3759,0.0162,0.0,0.1501,0.5,0.6,0.9375,0.75,0.7,1.0,-0.0556,-1.7729,-4.4103,False,0.3333,0.5,0.0471,0.0,hepatic,False,True,False,True,True
1808,Clemastine,Opicinumab,1.2218,0.00249,0.00837,3.6074,0.0801,0.5851,0.0304,0.0,0.1369,0.2,0.2,0.3636,1.0,0.75,0.6867,-0.7778,-0.7049,-0.7473,False,0.3333,0.55,0.0191,0.0005,infection,False,False,True,True,True
1809,Ibudilast,Mycophenolate mofetil,1.2172,0.00499,0.01301,2.532,0.061,0.3496,0.0207,0.0,0.1745,0.5,0.6,1.0,1.0,0.7,1.0,0.0,-4.4103,-2.0615,False,0.3333,0.475,0.2941,0.0118,infection,False,True,False,True,False
1810,Teriflunomide,Tolebrutinib,1.2087,0.03242,0.04712,1.7031,0.0662,0.3816,0.0234,0.0,0.1735,0.5,0.6,0.9375,0.5,0.8,0.7333,-0.0714,-3.0107,-3.3227,False,0.6667,0.3,0.3208,0.0782,hepatic,False,True,False,True,True
1811,Tolebrutinib,Vidofludimus calcium,1.2087,0.01995,0.0334,1.8723,0.064,0.3986,0.0212,0.0,0.1605,0.5,0.6,0.9286,0.5,0.8,0.8667,-0.1,-3.3227,-1.6832,False,0.6667,0.375,0.2796,0.0508,hepatic,False,True,False,True,False
1812,Laquinimod,Tolebrutinib,1.1999,0.02244,0.03628,2.0676,0.0694,0.408,0.0266,0.0,0.17,0.5,0.6,0.8,0.5,0.8,0.8667,-0.2875,-4.2322,-3.3227,False,0.6667,0.425,0.299,0.048,hepatic,False,True,False,True,False
1813,Dimethyl fumarate,Idebenone,1.1937,0.00249,0.00837,3.468,0.0535,0.3816,0.0172,0.0,0.1402,0.5,0.6,1.0,0.75,0.55,1.0,0.1111,-2.3075,-0.7029,True,0.3333,0.425,0.134,0.0062,infection,False,True,False,True,False
1814,Dimethyl fumarate,Metformin,1.1838,0.00249,0.00837,3.2646,0.0623,0.4028,0.026,0.0,0.1546,0.5,0.6,0.9444,0.5,0.55,1.0,0.0,-2.3075,-1.6488,False,0.3333,0.375,0.1292,0.0041,infection,False,True,False,True,False
1815,Interferon beta-1a,Riluzole,1.1664,0.00998,0.02038,2.2712,0.0521,0.307,0.0181,0.0031,0.1697,0.4,0.4,1.0,1.0,0.65,0.82,0.2222,-3.5867,-2.6115,True,0.3333,0.4,0.1324,0.0343,hepatic,False,True,False,True,False
1816,Epigallocatechin gallate,Tolebrutinib,1.1625,0.01247,0.02374,2.1079,0.0546,0.3832,0.0118,0.0,0.1424,0.5,0.8,0.9333,0.5,0.8,1.0,0.0,-1.555,-3.3227,False,0.3333,0.55,0.1832,0.0432,hepatic,False,True,False,True,False
1817,Fenebrutinib,Interferon beta-1b,1.1588,0.00249,0.00837,2.6383,0.0601,0.3308,0.0297,0.0029,0.1816,0.5,0.4,1.0,0.5,0.6,0.82,0.1429,-2.6962,-3.2696,True,0.6667,0.325,0.1907,0.0446,hepatic,False,True,False,True,True
1818,Riluzole,Tocilizumab,1.155,0.01746,0.03019,1.946,0.0534,0.4048,0.0181,0.0,0.1319,0.3,0.4,1.0,1.0,0.65,0.6867,0.3333,-2.6115,-1.8119,True,0.3333,0.475,0.2137,0.0275,infection,False,True,False,True,False
1819,Tocilizumab,Tolebrutinib,1.1536,0.01746,0.03019,2.0387,0.0774,0.4432,0.0347,0.0,0.1747,0.4,0.4,0.9333,0.5,0.8,0.6867,-0.0833,-1.8119,-3.3227,False,0.3333,0.4,0.2576,0.0796,infection,False,True,False,True,False
1820,Fenebrutinib,Interferon beta-1a,1.1512,0.00499,0.01301,2.3025,0.0632,0.348,0.0292,0.0031,0.1816,0.5,0.4,0.9333,0.5,0.6,0.82,-0.0556,-2.6962,-3.5867,False,0.6667,0.325,0.1907,0.0446,hepatic,False,True,False,True,True
1821,Fenebrutinib,Peginterferon beta-1a,1.148,0.00249,0.00837,2.6371,0.0577,0.3406,0.028,0.003,0.1694,0.5,0.4,1.0,0.5,0.6,0.6867,0.1429,-2.6962,-2.577,True,0.6667,0.325,0.1873,0.0412,hepatic,False,True,False,True,False
1822,Phenytoin,Tolebrutinib,1.148,0.02993,0.04463,1.7281,0.0547,0.3736,0.0119,0.0,0.1464,0.4,0.6,1.0,0.75,0.8,0.8667,0.0333,-2.5343,-3.3227,True,0.3333,0.45,0.2596,0.0384,hepatic,False,True,False,True,False
1823,Idebenone,Mycophenolate mofetil,1.1428,0.00249,0.00837,3.7179,0.0379,0.329,0.0172,0.0,0.1152,0.5,0.6,1.0,1.0,0.55,1.0,0.8167,-0.7029,-2.0615,True,0.3333,0.55,0.2794,0.0,infection,False,True,False,True,False
1824,Fenebrutinib,Riluzole,1.1414,0.0399,0.05461,1.8166,0.0478,0.3696,0.0181,0.0,0.1294,0.4,0.6,1.0,0.75,0.65,1.0,0.1667,-2.6962,-2.6115,True,0.3333,0.425,0.1716,0.0343,hepatic,False,True,False,True,False
1825,Opicinumab,Temelimab,1.1408,0.00249,0.00837,3.5229,0.0743,0.4373,0.0246,0.0,0.17,0.4,0.4,0.7857,0.75,0.2,0.64,-0.3542,-0.7473,-2.4721,False,0.3333,0.6,0.0284,0.001,infection,False,True,False,True,True
1826,Elezanumab,Opicinumab,1.1398,0.00249,0.00837,3.3025,0.0704,0.4856,0.0207,0.0,0.145,0.2,0.4,0.6667,1.0,0.2,0.64,-0.5079,-2.7183,-0.7473,False,0.3333,0.6,0.0191,0.0005,infection,False,True,False,True,True
1827,Interferon beta-1a,Laquinimod,1.1347,0.00249,0.00837,2.684,0.0621,0.3468,0.0281,0.0031,0.1792,0.5,0.6,0.7857,0.5,0.55,0.6867,-0.3542,-3.5867,-4.2322,False,0.6667,0.4,0.2461,0.0343,hepatic,False,True,False,True,False
1828,Ponesimod,Siponimod,1.1319,0.11721,0.12793,1.1429,0.05,0.3571,0.0116,0.0,0.1401,0.5,0.6,0.7273,0.5,0.65,0.8667,-0.425,-1.5016,-2.5366,False,1.0,0.25,0.333,0.0581,infection,True,True,True,True,False
1829,Dimethyl fumarate,Diroximel fumarate,1.1318,0.03491,0.0496,1.8755,0.0524,0.5813,0.0161,0.0,0.0901,0.3,0.4,0.2,0.5,0.55,1.0,-0.8889,-2.3075,-1.9273,False,1.0,0.275,0.1907,0.0417,infection,True,True,True,True,True
1830,Interferon beta-1b,Laquinimod,1.1299,0.00499,0.01301,2.5923,0.0593,0.3309,0.0277,0.0029,0.1792,0.5,0.6,0.8571,0.5,0.55,0.6867,-0.25,-3.2696,-4.2322,False,0.6667,0.4,0.2461,0.0343,hepatic,False,True,False,True,False
1831,Interferon beta-1b,Riluzole,1.1255,0.01746,0.03019,2.053,0.0484,0.3048,0.0181,0.0029,0.1589,0.3,0.4,1.0,1.0,0.65,0.82,0.2292,-3.2696,-2.6115,True,0.3333,0.4,0.1324,0.0343,hepatic,False,True,False,True,False
1832,Fenebrutinib,Vidofludimus calcium,1.1246,0.01746,0.03019,1.7498,0.0511,0.3939,0.0213,0.0,0.1296,0.5,0.6,0.9091,0.5,0.6,0.8667,-0.1,-2.6962,-1.6832,False,0.6667,0.375,0.2618,0.0412,infection,False,True,False,True,False
1833,Fenebrutinib,Teriflunomide,1.1218,0.05237,0.06657,1.5797,0.0533,0.3735,0.0235,0.0,0.1426,0.5,0.6,0.9231,0.5,0.6,0.7333,-0.0714,-2.6962,-3.0107,False,0.6667,0.3,0.3098,0.0618,hepatic,False,True,False,True,False
1834,Laquinimod,Teriflunomide,1.121,0.01746,0.03019,1.8701,0.0536,0.3589,0.0219,0.0,0.1493,0.5,0.8,0.8462,0.5,0.55,0.8667,-0.2679,-4.2322,-3.0107,False,0.6667,0.375,0.3196,0.0971,hepatic,False,True,False,True,False
1835,Fenebrutinib,Laquinimod,1.12,0.02494,0.03925,1.9173,0.0574,0.4121,0.0257,0.0,0.1392,0.5,0.6,0.75,0.5,0.6,0.8667,-0.3304,-2.6962,-4.2322,False,0.6667,0.425,0.2853,0.0343,hepatic,False,True,False,True,False
1836,Alpha-lipoic acid,Metformin,1.1196,0.00249,0.00837,3.3469,0.0446,0.3239,0.0173,0.0,0.1376,0.6,0.6,1.0,0.5,0.5,1.0,0.127,-1.7729,-1.6488,True,0.3333,0.525,0.0137,0.0,hepatic,False,True,False,True,False
1837,Laquinimod,Peginterferon beta-1a,1.1171,0.00249,0.00837,2.7569,0.0568,0.3403,0.0252,0.003,0.167,0.5,0.6,0.8462,0.5,0.55,0.82,-0.2679,-4.2322,-2.577,False,0.6667,0.4,0.2426,0.0309,hepatic,False,True,False,True,False
1838,Laquinimod,Vidofludimus calcium,1.1169,0.01746,0.03019,2.088,0.0511,0.3749,0.0194,0.0,0.1363,0.5,0.8,0.8182,0.5,0.55,1.0,-0.325,-4.2322,-1.6832,False,0.6667,0.45,0.2828,0.0652,hepatic,False,True,False,True,False
1839,Masitinib,Tolebrutinib,1.1151,0.13716,0.14787,1.0601,0.0654,0.5124,0.0226,0.0,0.1276,0.3,0.4,0.5833,0.5,0.8,0.8667,-0.5571,-3.6789,-3.3227,False,0.6667,0.425,0.2553,0.0673,hepatic,False,True,False,True,False
1840,Peginterferon beta-1a,Riluzole,1.1146,0.01496,0.02705,2.2055,0.046,0.3139,0.0181,0.003,0.1467,0.3,0.4,1.0,1.0,0.65,0.6867,0.2381,-2.577,-2.6115,True,0.3333,0.4,0.1289,0.0309,hepatic,False,True,False,True,False
1841,Ozanimod,Siponimod,1.1127,0.20698,0.21564,0.8689,0.0509,0.3629,0.0124,0.0,0.1401,0.5,0.6,0.6364,0.5,0.65,0.8667,-0.5,-1.8533,-2.5366,False,1.0,0.25,0.3557,0.0698,infection,True,True,True,True,False
1842,Idebenone,Metformin,1.1107,0.00748,0.01683,2.8739,0.0422,0.3649,0.015,0.0,0.1157,0.5,0.6,0.8462,0.75,0.55,1.0,-0.1667,-0.7029,-1.6488,False,0.3333,0.55,0.0323,0.0021,hepatic,False,True,False,True,False
1843,Masitinib,Riluzole,1.107,0.04988,0.06409,1.5714,0.0486,0.3616,0.0181,0.0,0.1343,0.3,0.6,1.0,0.75,0.65,0.8667,0.2381,-3.6789,-2.6115,True,0.3333,0.5,0.1956,0.0309,hepatic,False,True,False,True,False
1844,Fingolimod,Siponimod,1.106,0.19701,0.20643,0.8342,0.0576,0.3796,0.0192,0.0,0.1518,0.5,0.6,0.5,0.5,0.65,0.8667,-0.675,-1.9414,-2.5366,False,1.0,0.25,0.3998,0.0982,infection,True,True,True,True,False
1845,Alpha-lipoic acid,Dimethyl fumarate,1.1003,0.00748,0.01683,2.5823,0.0507,0.3783,0.0144,0.0,0.1341,0.5,0.6,0.8,0.5,0.55,1.0,-0.254,-1.7729,-2.3075,False,0.3333,0.4,0.1196,0.0,infection,False,True,False,True,False
1846,Interferon beta-1a,Masitinib,1.0972,0.00748,0.01683,2.1941,0.0638,0.3423,0.0298,0.0031,0.1865,0.4,0.4,0.9333,0.5,0.5,0.6867,-0.127,-3.5867,-3.6789,False,0.6667,0.4,0.2147,0.0412,hepatic,False,True,False,True,False
1847,Riluzole,Vidofludimus calcium,1.0946,0.02993,0.04463,1.6853,0.0399,0.3394,0.0181,0.0,0.1177,0.4,0.6,1.0,0.75,0.65,0.8667,0.3667,-2.6115,-1.6832,True,0.3333,0.45,0.2103,0.024,hepatic,False,True,False,True,False
1848,Interferon beta-1b,Masitinib,1.0915,0.00249,0.00837,2.3624,0.0608,0.3261,0.0303,0.0029,0.1865,0.4,0.4,1.0,0.5,0.5,0.6867,0.0,-3.2696,-3.6789,False,0.6667,0.4,0.2147,0.0412,hepatic,False,True,False,True,False
1849,Interferon beta-1a,Phenytoin,1.0913,0.00249,0.00837,2.632,0.0459,0.2948,0.0119,0.0031,0.1558,0.4,0.4,1.0,1.0,0.7,0.6867,0.0556,-3.5867,-2.5343,True,0.3333,0.425,0.2039,0.0275,hepatic,False,True,False,True,False
1850,Phenytoin,Tocilizumab,1.0884,0.01995,0.0334,1.8767,0.0472,0.4002,0.0119,0.0,0.118,0.3,0.4,1.0,1.0,0.7,0.82,0.1667,-2.5343,-1.8119,True,0.3333,0.5,0.2839,0.022,infection,False,True,False,True,False
1851,Laquinimod,Remibrutinib,1.0858,0.00998,0.02038,2.0142,0.0508,0.3648,0.0191,0.0,0.1392,0.5,0.6,0.9167,0.5,0.55,0.8667,-0.0625,-4.2322,-1.7308,False,0.6667,0.475,0.2721,0.0309,hepatic,False,True,False,True,False
1852,Evobrutinib,Laquinimod,1.0851,0.00748,0.01683,2.226,0.0506,0.3635,0.019,0.0,0.1392,0.5,0.6,0.9167,0.5,0.55,0.8667,-0.0625,-2.076,-4.2322,False,0.6667,0.45,0.2789,0.0377,hepatic,False,True,False,True,False
1853,Elezanumab,Temelimab,1.083,0.00249,0.00837,2.8065,0.0548,0.3838,0.0245,0.0,0.1428,0.4,0.6,0.75,0.75,0.2,0.64,-0.4018,-2.7183,-2.4721,False,0.3333,0.6,0.0284,0.001,infection,False,True,False,True,False
1854,Masitinib,Peginterferon beta-1a,1.0801,0.00998,0.02038,2.301,0.0584,0.3353,0.028,0.003,0.1743,0.4,0.4,1.0,0.5,0.5,0.82,0.0,-3.6789,-2.577,False,0.6667,0.4,0.2109,0.0381,hepatic,False,True,False,True,False
1855,Fenebrutinib,Tocilizumab,1.0799,0.01496,0.02705,1.9208,0.0645,0.4484,0.0292,0.0,0.1438,0.4,0.4,0.9167,0.5,0.6,0.6867,-0.0833,-2.6962,-1.8119,False,0.3333,0.4,0.2412,0.0686,infection,False,True,False,True,False
1856,Fenebrutinib,Tolebrutinib,1.0771,0.34663,0.34836,0.3871,0.0568,0.5318,0.0141,0.0,0.1069,0.3,0.4,0.3,0.5,0.8,1.0,-0.85,-2.6962,-3.3227,False,0.6667,0.35,0.2299,0.0721,hepatic,True,True,True,True,True
1857,Epigallocatechin gallate,Fenebrutinib,1.074,0.00998,0.02038,2.1332,0.0417,0.3737,0.012,0.0,0.1116,0.5,0.8,0.9167,0.5,0.6,1.0,0.0,-1.555,-2.6962,False,0.3333,0.55,0.1681,0.0309,hepatic,False,True,False,True,False
1858,Daclizumab,Tolebrutinib,1.0728,0.05486,0.06865,1.5407,0.0618,0.3895,0.019,0.0019,0.1586,0.4,0.4,1.0,0.5,0.8,0.6867,0.05,-2.1815,-3.3227,True,0.6667,0.35,0.4204,0.1139,autoimmunity,False,True,False,True,False
1859,Methotrexate,Tolebrutinib,1.0724,0.02494,0.03925,1.6811,0.0611,0.369,0.0183,0.0,0.1655,0.4,0.4,0.9286,0.5,0.8,1.0,-0.1,-2.3127,-3.3227,False,0.6667,0.425,0.3463,0.092,infection,False,True,False,True,False
1860,Riluzole,Teriflunomide,1.072,0.09227,0.10468,1.3243,0.0422,0.3226,0.0181,0.0,0.1307,0.4,0.6,1.0,0.75,0.65,0.7333,0.1548,-2.6115,-3.0107,True,0.3333,0.375,0.2618,0.0412,hepatic,False,True,False,True,False
1861,Fenebrutinib,Phenytoin,1.0703,0.03491,0.0496,1.5959,0.0417,0.3607,0.0119,0.0,0.1155,0.4,0.6,1.0,0.75,0.7,0.8667,-0.0238,-2.6962,-2.5343,False,0.3333,0.45,0.2431,0.0275,hepatic,False,True,False,True,False
1862,Laquinimod,Riluzole,1.0703,0.03741,0.05212,1.7644,0.0475,0.378,0.0158,0.0,0.1256,0.4,0.6,0.8333,0.75,0.65,0.8667,-0.2917,-4.2322,-2.6115,False,0.3333,0.5,0.2167,0.0343,hepatic,False,True,False,True,False
1863,Laquinimod,Tocilizumab,1.0677,0.00748,0.01683,2.1675,0.0643,0.4272,0.029,0.0,0.1505,0.4,0.6,0.8333,0.5,0.55,0.82,-0.2917,-4.2322,-1.8119,False,0.3333,0.475,0.3275,0.0275,infection,False,True,False,True,False
1864,Masitinib,Vidofludimus calcium,1.0665,0.04489,0.05938,1.4963,0.0517,0.3842,0.0212,0.0,0.1345,0.4,0.6,0.9091,0.5,0.5,1.0,-0.1714,-3.6789,-1.6832,False,0.6667,0.45,0.2848,0.0388,infection,False,True,False,True,False
1865,Laquinimod,Masitinib,1.0653,0.01746,0.03019,1.8358,0.0573,0.3979,0.0257,0.0,0.1441,0.4,0.6,0.75,0.5,0.55,1.0,-0.4018,-4.2322,-3.6789,False,0.6667,0.5,0.2983,0.0419,hepatic,False,True,False,True,False
1866,Masitinib,Teriflunomide,1.0651,0.05736,0.0709,1.4823,0.0539,0.3655,0.0234,0.0,0.1476,0.4,0.6,0.9231,0.5,0.5,0.8667,-0.1429,-3.6789,-3.0107,False,0.6667,0.375,0.3345,0.0576,hepatic,False,True,False,True,False
1867,Fenebrutinib,Masitinib,1.0638,0.08978,0.10226,1.3592,0.0547,0.5201,0.0242,0.0,0.1052,0.3,0.4,0.6,0.5,0.6,0.8667,-0.5,-2.6962,-3.6789,False,0.6667,0.425,0.2402,0.0549,infection,False,True,False,True,False
1868,Interferon beta-1a,Teriflunomide,1.061,0.05486,0.06865,1.5071,0.0546,0.3681,0.0206,0.0031,0.1482,0.4,0.4,0.7692,0.5,0.4,0.5533,-0.381,-3.5867,-3.0107,False,1.0,0.275,0.2824,0.05,hepatic,False,True,False,True,False
1869,Interferon beta-1b,Teriflunomide,1.052,0.04988,0.06409,1.5873,0.0514,0.347,0.0211,0.0029,0.1482,0.4,0.4,0.8462,0.5,0.4,0.5533,-0.2679,-3.2696,-3.0107,False,1.0,0.275,0.2824,0.05,hepatic,False,True,False,True,False
1870,Interferon beta-1b,Phenytoin,1.0491,0.00249,0.00837,2.4287,0.0423,0.2915,0.0119,0.0029,0.145,0.3,0.4,1.0,1.0,0.7,0.6867,0.0625,-3.2696,-2.5343,True,0.3333,0.425,0.2039,0.0275,hepatic,False,True,False,True,False
1871,Remibrutinib,Tolebrutinib,1.0483,0.36409,0.36518,0.3854,0.051,0.4776,0.0083,0.0,0.1069,0.3,0.4,0.5,0.5,0.8,1.0,-0.75,-1.7308,-3.3227,False,0.6667,0.4,0.2215,0.0638,hepatic,True,True,True,True,False
1872,Evobrutinib,Tolebrutinib,1.0482,0.36908,0.36981,0.4769,0.051,0.4768,0.0082,0.0,0.1069,0.3,0.4,0.5,0.5,0.8,1.0,-0.75,-2.076,-3.3227,False,0.6667,0.375,0.2256,0.0734,hepatic,True,True,True,True,False
1873,Evobrutinib,Interferon beta-1a,1.0442,0.00499,0.01301,2.6606,0.0542,0.3219,0.0202,0.0031,0.1683,0.5,0.2,1.0,0.5,0.45,0.82,0.1,-2.076,-3.5867,True,0.6667,0.35,0.1858,0.0466,hepatic,False,True,False,True,False
1874,Peginterferon beta-1a,Teriflunomide,1.0423,0.04988,0.06409,1.5449,0.049,0.3602,0.021,0.003,0.136,0.4,0.4,0.8333,0.5,0.4,0.6867,-0.2857,-2.577,-3.0107,False,1.0,0.275,0.2796,0.0459,hepatic,False,True,False,True,False
1875,Evobrutinib,Riluzole,1.0379,0.05736,0.0709,1.4727,0.0383,0.3633,0.0181,0.0,0.1054,0.4,0.4,1.0,0.75,0.65,1.0,0.1667,-2.076,-2.6115,True,0.3333,0.45,0.1652,0.0377,hepatic,False,True,False,True,False
1876,Peginterferon beta-1a,Phenytoin,1.0378,0.01496,0.02705,2.2101,0.0399,0.3003,0.0119,0.003,0.1328,0.3,0.4,1.0,1.0,0.7,0.82,0.0714,-2.577,-2.5343,True,0.3333,0.425,0.1998,0.0247,hepatic,False,True,False,True,False
1877,Evobrutinib,Interferon beta-1b,1.0335,0.00499,0.01301,2.5442,0.0505,0.3207,0.0202,0.0029,0.1575,0.5,0.2,1.0,0.5,0.45,0.82,0.2,-2.076,-3.2696,True,0.6667,0.35,0.1858,0.0466,hepatic,False,True,False,True,False
1878,Ofatumumab,Ublituximab,1.0332,0.21446,0.22275,0.8115,0.0537,0.8089,0.0136,0.0,0.0664,0.1,0.2,0.125,0.0,0.05,0.82,-0.9375,-2.3838,-2.5884,False,1.0,0.225,0.2243,0.06,infection,True,True,True,True,True
1879,Masitinib,Phenytoin,1.0283,0.06484,0.0779,1.4188,0.0424,0.3522,0.0119,0.0,0.1204,0.3,0.6,1.0,0.75,0.7,1.0,-0.0952,-3.6789,-2.5343,False,0.3333,0.525,0.2665,0.0247,hepatic,False,True,False,True,False
1880,Evobrutinib,Peginterferon beta-1a,1.0232,0.00249,0.00837,2.4621,0.0481,0.3312,0.0202,0.003,0.1453,0.5,0.2,1.0,0.5,0.45,0.6867,0.2,-2.076,-2.577,True,0.6667,0.35,0.1827,0.0428,hepatic,False,True,False,True,False
1881,Phenytoin,Teriflunomide,1.0217,0.03741,0.05212,1.6701,0.036,0.3082,0.0119,0.0,0.1168,0.4,0.6,1.0,0.75,0.7,0.8667,0.2143,-2.5343,-3.0107,True,0.3333,0.4,0.2602,0.1075,hepatic,False,True,False,True,False
1882,Phenytoin,Vidofludimus calcium,1.0213,0.03491,0.0496,1.5921,0.0338,0.3254,0.0119,0.0,0.1038,0.4,0.6,1.0,0.75,0.7,1.0,0.2,-2.5343,-1.6832,True,0.3333,0.475,0.2249,0.0741,teratogenicity,False,True,False,True,False
1883,Masitinib,Tocilizumab,1.0208,0.01746,0.03019,1.7128,0.0651,0.4379,0.0298,0.0,0.1487,0.3,0.4,0.9167,0.5,0.5,0.82,-0.1548,-3.6789,-1.8119,False,0.3333,0.475,0.2645,0.0659,infection,False,True,False,True,False
1884,Epigallocatechin gallate,Laquinimod,1.0197,0.00249,0.00837,2.3914,0.0425,0.3562,0.0109,0.0,0.1194,0.5,0.8,0.8333,0.5,0.55,0.8667,-0.2083,-1.555,-4.2322,False,0.3333,0.625,0.2132,0.0309,hepatic,False,True,False,True,False
1885,Rituximab,Ublituximab,1.0191,0.21446,0.22275,0.816,0.0513,0.8335,0.0122,0.0,0.0616,0.1,0.2,0.0,0.0,0.05,0.5067,-1.0,-2.5884,-2.5884,False,1.0,0.25,0.2358,0.0672,infection,True,True,True,True,True
1886,Interferon beta-1b,Remibrutinib,1.0186,0.00249,0.00837,2.2117,0.0502,0.3216,0.0198,0.0029,0.1561,0.4,0.2,1.0,0.5,0.5,0.82,0.2,-3.2696,-1.7308,True,0.6667,0.375,0.1789,0.0397,hepatic,False,True,False,True,False
1887,Ocrelizumab,Ublituximab,1.017,0.25935,0.265,0.6725,0.0567,0.7512,0.0126,0.0,0.0754,0.2,0.2,0.2222,0.0,0.05,0.5067,-0.8889,-2.7449,-2.5884,False,1.0,0.225,0.2407,0.0721,infection,True,True,True,True,False
1888,Remibrutinib,Riluzole,1.0167,0.09726,0.10985,1.2322,0.0379,0.3652,0.0181,0.0,0.1039,0.3,0.4,1.0,0.75,0.65,1.0,0.1667,-1.7308,-2.6115,True,0.3333,0.475,0.1583,0.0309,hepatic,False,True,False,True,False
1889,Ocrelizumab,Ofatumumab,1.016,0.32918,0.33165,0.4728,0.0575,0.762,0.0134,0.0,0.0754,0.2,0.2,0.1111,0.0,0.05,0.6867,-0.9444,-2.7449,-2.3838,False,1.0,0.2,0.2407,0.0721,infection,True,True,True,True,True
1890,Masitinib,Remibrutinib,1.0157,0.08728,0.09969,1.3546,0.0485,0.4615,0.018,0.0,0.1052,0.3,0.4,0.8,0.5,0.5,0.8667,-0.2429,-3.6789,-1.7308,False,0.6667,0.475,0.23,0.0484,infection,False,True,False,True,False
1891,Evobrutinib,Vidofludimus calcium,1.0153,0.05985,0.07304,1.5491,0.042,0.3613,0.0202,0.0,0.1163,0.5,0.4,1.0,0.5,0.45,0.8667,0.1,-2.076,-1.6832,True,0.6667,0.4,0.2589,0.0411,hepatic,False,True,False,True,False
1892,Epigallocatechin gallate,Masitinib,1.0149,0.01995,0.0334,2.0412,0.0423,0.3632,0.0118,0.0,0.1165,0.4,0.8,0.9167,0.5,0.5,0.8667,-0.0714,-1.555,-3.6789,False,0.3333,0.625,0.1918,0.0278,hepatic,False,True,False,True,False
1893,Evobrutinib,Masitinib,1.0145,0.06983,0.08242,1.4124,0.0483,0.4598,0.0179,0.0,0.1052,0.3,0.4,0.8,0.5,0.5,0.8667,-0.2429,-2.076,-3.6789,False,0.6667,0.45,0.2376,0.0546,infection,False,True,False,True,False
1894,Epigallocatechin gallate,Interferon beta-1a,1.0141,0.00748,0.01683,2.7583,0.0461,0.3036,0.0121,0.0031,0.1519,0.5,0.6,0.9286,0.5,0.45,0.82,-0.0556,-1.555,-3.5867,False,0.3333,0.525,0.1289,0.0309,hepatic,False,True,False,True,False
1895,Ofatumumab,Rituximab,1.0139,0.25436,0.26017,0.6786,0.0528,0.7958,0.0127,0.0,0.0664,0.1,0.2,0.125,0.0,0.05,0.6867,-0.9375,-2.3838,-2.5884,False,1.0,0.225,0.2358,0.0672,infection,True,True,True,True,False
1896,Epigallocatechin gallate,Interferon beta-1b,1.0132,0.00499,0.01301,2.9641,0.043,0.283,0.0126,0.0029,0.1519,0.5,0.6,1.0,0.5,0.45,0.82,0.0833,-1.555,-3.2696,True,0.3333,0.525,0.1289,0.0309,hepatic,False,True,False,True,False
1897,Evobrutinib,Teriflunomide,1.0117,0.05237,0.06657,1.5242,0.0443,0.3422,0.0202,0.0,0.1294,0.5,0.4,1.0,0.5,0.45,0.7333,0.1,-2.076,-3.0107,True,0.6667,0.325,0.3057,0.0629,hepatic,False,True,False,True,False
1898,Alpha-lipoic acid,Idebenone,1.0116,0.00748,0.01683,2.8538,0.0336,0.3692,0.0162,0.0,0.0909,0.4,0.4,0.9231,0.75,0.55,1.0,-0.1548,-1.7729,-0.7029,False,0.3333,0.575,0.0206,0.0,hepatic,False,True,False,True,False
1899,Orelabrutinib,Tolebrutinib,1.0116,0.27182,0.27662,0.7092,0.0522,0.4887,0.0095,0.0,0.1069,0.3,0.4,0.5,0.5,0.8,1.0,-0.75,-2.8405,-3.3227,False,0.3333,0.4,0.2194,0.059,hepatic,True,True,True,True,False
1900,Laquinimod,Phenytoin,1.0107,0.00748,0.01683,2.0461,0.0413,0.3698,0.0097,0.0,0.1117,0.4,0.6,0.7778,0.75,0.7,1.0,-0.625,-4.2322,-2.5343,False,0.3333,0.525,0.2412,0.0745,hepatic,False,True,False,True,False
1901,Peginterferon beta-1a,Remibrutinib,1.0085,0.00748,0.01683,2.1863,0.0478,0.3323,0.0198,0.003,0.1438,0.4,0.2,1.0,0.5,0.5,0.6867,0.2,-2.577,-1.7308,True,0.6667,0.375,0.1751,0.0366,hepatic,False,True,False,True,False
1902,Interferon beta-1a,Remibrutinib,1.0069,0.01247,0.02374,1.9621,0.0534,0.342,0.0194,0.0031,0.1561,0.4,0.2,0.9231,0.5,0.5,0.82,-0.0556,-3.5867,-1.7308,False,0.6667,0.375,0.1789,0.0397,hepatic,False,True,False,True,False
1903,Interferon beta-1a,Vidofludimus calcium,1.0051,0.04239,0.05693,1.6782,0.052,0.3848,0.018,0.0031,0.1352,0.4,0.4,0.7273,0.5,0.4,0.6867,-0.4667,-3.5867,-1.6832,False,0.6667,0.35,0.2324,0.0314,hepatic,False,True,False,True,False
1904,Epigallocatechin gallate,Tocilizumab,1.0039,0.01247,0.02374,2.2678,0.0474,0.4154,0.0121,0.0,0.1141,0.4,0.6,0.9091,0.5,0.45,0.6867,-0.0833,-1.555,-1.8119,False,0.3333,0.6,0.2096,0.0247,infection,False,True,False,True,False
1905,Ocrelizumab,Rituximab,1.0001,0.3192,0.3224,0.5529,0.0558,0.7405,0.0118,0.0,0.0754,0.2,0.2,0.2222,0.0,0.05,0.64,-0.8889,-2.7449,-2.5884,False,1.0,0.225,0.2508,0.0806,infection,True,True,True,True,False
1906,Epigallocatechin gallate,Peginterferon beta-1a,1.0,0.00499,0.01301,2.805,0.0406,0.2907,0.0126,0.003,0.1396,0.5,0.6,1.0,0.5,0.45,0.6867,0.0833,-1.555,-2.577,True,0.3333,0.525,0.1251,0.0278,hepatic,False,True,False,True,False
1907,Dimethyl fumarate,Mycophenolate mofetil,0.9973,0.01995,0.0334,2.2551,0.0556,0.4012,0.0193,0.0,0.1386,0.4,0.4,0.9286,0.5,0.55,1.0,-0.1,-2.3075,-2.0615,False,0.3333,0.375,0.3314,0.0471,infection,False,True,False,True,False
1908,Interferon beta-1b,Vidofludimus calcium,0.9964,0.04239,0.05693,1.7554,0.0489,0.3618,0.0186,0.0029,0.1352,0.4,0.4,0.8182,0.5,0.4,0.6867,-0.325,-3.2696,-1.6832,False,0.6667,0.35,0.2324,0.0314,hepatic,False,True,False,True,False
1909,Daclizumab,Fenebrutinib,0.9885,0.08229,0.09458,1.3754,0.0488,0.3817,0.019,0.0019,0.1278,0.4,0.4,1.0,0.5,0.6,0.6867,0.0714,-2.1815,-2.6962,True,0.6667,0.35,0.4176,0.0892,autoimmunity,False,True,False,True,False
1910,Peginterferon beta-1a,Vidofludimus calcium,0.9885,0.03242,0.04712,1.6591,0.0465,0.3779,0.0185,0.003,0.123,0.4,0.4,0.8,0.5,0.4,0.82,-0.3429,-2.577,-1.6832,False,0.6667,0.35,0.2279,0.029,hepatic,False,True,False,True,False
1911,Remibrutinib,Vidofludimus calcium,0.9884,0.05985,0.07304,1.3483,0.0412,0.396,0.0194,0.0,0.1041,0.4,0.4,0.8889,0.5,0.5,0.8667,-0.1,-1.7308,-1.6832,False,0.6667,0.425,0.25,0.0363,infection,False,True,False,True,False
1912,Metformin,Mycophenolate mofetil,0.984,0.00748,0.01683,2.5778,0.0468,0.3609,0.0195,0.0,0.1297,0.4,0.6,0.9231,0.5,0.4,1.0,0.0667,-1.6488,-2.0615,True,0.3333,0.5,0.2725,0.0,infection,False,True,False,True,False
1913,Methotrexate,Riluzole,0.9819,0.04239,0.05693,1.632,0.0374,0.3045,0.0181,0.0,0.1228,0.3,0.4,1.0,1.0,0.65,1.0,0.1667,-2.3127,-2.6115,True,0.3333,0.5,0.301,0.0412,hepatic,False,True,False,True,False
1914,Fenebrutinib,Methotrexate,0.9818,0.0399,0.05461,1.626,0.0482,0.358,0.0185,0.0,0.1347,0.4,0.4,0.9091,0.5,0.6,1.0,-0.1,-2.6962,-2.3127,False,0.6667,0.425,0.3353,0.0755,infection,False,True,False,True,False
1915,Remibrutinib,Teriflunomide,0.9818,0.13217,0.14295,1.1627,0.0435,0.371,0.0194,0.0,0.1171,0.4,0.4,0.9091,0.5,0.5,0.7333,-0.0714,-1.7308,-3.0107,False,0.6667,0.35,0.3002,0.0547,hepatic,False,True,False,True,False
1916,Alpha-lipoic acid,Mycophenolate mofetil,0.9784,0.00499,0.01301,2.5679,0.0381,0.3129,0.0173,0.0,0.1216,0.5,0.6,1.0,0.5,0.5,1.0,0.1714,-1.7729,-2.0615,True,0.3333,0.525,0.2588,0.0,infection,False,True,False,True,False
1917,Evobrutinib,Tocilizumab,0.9784,0.01746,0.03019,1.8755,0.0555,0.425,0.0202,0.0,0.1305,0.4,0.2,1.0,0.5,0.45,0.6867,0.1,-2.076,-1.8119,True,0.3333,0.425,0.2414,0.0655,infection,False,True,False,True,False
1918,Laquinimod,Methotrexate,0.9784,0.00998,0.02038,2.189,0.0485,0.3436,0.0169,0.0,0.1413,0.4,0.6,0.8182,0.5,0.55,0.8667,-0.325,-4.2322,-2.3127,False,0.6667,0.5,0.3588,0.0971,hepatic,False,True,False,True,False
1919,Evobrutinib,Fenebrutinib,0.975,0.35411,0.35552,0.4503,0.039,0.5124,0.0092,0.0,0.076,0.3,0.4,0.2857,0.5,0.6,1.0,-0.8571,-2.076,-2.6962,False,0.6667,0.375,0.2132,0.0583,infection,True,True,True,True,False
1920,Daclizumab,Laquinimod,0.9745,0.02993,0.04463,1.8329,0.0492,0.3657,0.0175,0.0019,0.1344,0.4,0.6,0.9091,0.5,0.55,0.82,-0.1875,-2.1815,-4.2322,False,0.6667,0.425,0.4902,0.0618,autoimmunity,False,True,False,True,False
1921,Fingolimod,Ponesimod,0.9741,0.37406,0.37462,0.3733,0.0391,0.4246,0.0093,0.0,0.0922,0.3,0.4,0.5,0.5,0.6,0.7333,-0.6875,-1.9414,-1.5016,False,1.0,0.25,0.3405,0.0742,infection,True,True,True,True,False
1922,Fenebrutinib,Remibrutinib,0.9734,0.33167,0.33382,0.4823,0.0389,0.5113,0.0091,0.0,0.076,0.3,0.4,0.2857,0.5,0.6,1.0,-0.8571,-2.6962,-1.7308,False,0.6667,0.4,0.2064,0.0515,infection,True,True,True,True,False
1923,Ozanimod,Ponesimod,0.9679,0.23691,0.24405,0.8021,0.0317,0.5939,0.0099,0.0,0.0534,0.2,0.2,0.2,0.5,0.5,0.7333,-0.9,-1.8533,-1.5016,False,1.0,0.25,0.2881,0.054,infection,True,True,True,True,True
1924,Evobrutinib,Phenytoin,0.9668,0.05486,0.06865,1.4712,0.0321,0.351,0.0119,0.0,0.0915,0.4,0.4,1.0,0.75,0.7,0.8667,0.0333,-2.076,-2.5343,True,0.3333,0.475,0.2375,0.0302,hepatic,False,True,False,True,False
1925,Epigallocatechin gallate,Evobrutinib,0.9647,0.00499,0.01301,2.1541,0.0328,0.3338,0.0126,0.0,0.0983,0.5,0.6,1.0,0.5,0.45,1.0,0.1833,-1.555,-2.076,True,0.3333,0.575,0.1621,0.034,hepatic,False,True,False,True,False
1926,Tocilizumab,Vidofludimus calcium,0.9636,0.05486,0.06865,1.4767,0.0528,0.5171,0.0175,0.0,0.1021,0.3,0.4,0.625,0.5,0.4,0.82,-0.55,-1.8119,-1.6832,False,0.3333,0.425,0.2896,0.0486,infection,False,True,False,True,False
1927,Phenytoin,Remibrutinib,0.9624,0.05486,0.06865,1.4219,0.0318,0.353,0.0119,0.0,0.09,0.3,0.4,1.0,0.75,0.7,0.8667,0.2,-2.5343,-1.7308,True,0.3333,0.5,0.2292,0.0247,hepatic,False,True,False,True,False
1928,Daclizumab,Riluzole,0.9607,0.15461,0.16492,1.0043,0.0371,0.3532,0.0181,0.0019,0.1051,0.2,0.4,1.0,1.0,0.65,0.6867,0.25,-2.1815,-2.6115,True,0.3333,0.425,0.3765,0.0618,autoimmunity,False,True,False,True,False
1929,Teriflunomide,Tocilizumab,0.9584,0.05486,0.06865,1.4742,0.057,0.4435,0.0216,0.0,0.1284,0.3,0.4,0.8182,0.5,0.4,0.6867,-0.3095,-3.0107,-1.8119,False,0.3333,0.35,0.3386,0.0682,infection,False,True,False,True,False
1930,Fingolimod,Ozanimod,0.9561,0.4813,0.4813,0.1206,0.0402,0.4366,0.0104,0.0,0.0922,0.3,0.4,0.375,0.5,0.6,1.0,-0.75,-1.9414,-1.8533,False,1.0,0.25,0.359,0.09,infection,True,True,True,True,False
1931,Remibrutinib,Tocilizumab,0.9555,0.05985,0.07304,1.4996,0.0547,0.4621,0.0194,0.0,0.1183,0.3,0.2,0.9,0.5,0.5,0.6867,-0.0833,-1.7308,-1.8119,False,0.3333,0.45,0.2331,0.06,infection,False,True,False,True,False
1932,Alemtuzumab,Natalizumab,0.948,0.00499,0.01301,2.3304,0.0817,0.3845,0.0404,0.0,0.2124,0.4,0.2,1.0,0.0,0.05,0.3733,0.1,-3.018,-3.0541,True,1.0,0.225,0.4839,0.1729,infection,False,True,False,True,True
1933,Fenebrutinib,Orelabrutinib,0.9477,0.25436,0.26017,0.724,0.0406,0.5334,0.0108,0.0,0.076,0.3,0.4,0.2857,0.5,0.6,1.0,-0.8571,-2.6962,-2.8405,False,0.3333,0.4,0.2029,0.048,infection,True,True,True,True,False
1934,Memantine,Riluzole,0.9361,0.43142,0.43163,0.251,0.026,0.4866,0.0079,0.0,0.0534,0.1,0.2,0.3333,1.0,0.75,0.8667,-0.9583,-2.6276,-2.6115,False,0.3333,0.525,0.0686,0.0,hepatic,False,False,True,True,True
1935,Epigallocatechin gallate,Remibrutinib,0.933,0.02244,0.03628,1.846,0.0319,0.3705,0.012,0.0,0.0861,0.4,0.6,0.9,0.5,0.5,1.0,0.0,-1.555,-1.7308,False,0.3333,0.6,0.1546,0.0278,hepatic,False,True,False,True,False
1936,Epigallocatechin gallate,Riluzole,0.9304,0.07481,0.08723,1.3938,0.0298,0.3542,0.0117,0.0,0.0841,0.3,0.4,0.9091,0.75,0.65,1.0,-0.0833,-1.555,-2.6115,False,0.3333,0.625,0.0995,0.0309,hepatic,False,True,False,True,False
1937,Epigallocatechin gallate,Vidofludimus calcium,0.9287,0.03242,0.04712,1.9843,0.034,0.3399,0.0121,0.0,0.0999,0.5,0.6,0.9,0.5,0.45,0.8667,-0.1,-1.555,-1.6832,False,0.3333,0.575,0.2058,0.0216,hepatic,False,True,False,True,False
1938,Epigallocatechin gallate,Teriflunomide,0.927,0.02743,0.04221,1.7578,0.0362,0.3205,0.0121,0.0,0.1129,0.5,0.6,0.9167,0.5,0.45,0.7333,-0.0714,-1.555,-3.0107,False,0.3333,0.5,0.259,0.0371,hepatic,False,True,False,True,False
1939,Masitinib,Methotrexate,0.9248,0.04489,0.05938,1.5923,0.0488,0.3496,0.0183,0.0,0.1396,0.3,0.4,0.9091,0.5,0.5,0.8667,-0.1714,-3.6789,-2.3127,False,0.6667,0.5,0.36,0.0714,infection,False,True,False,True,False
1940,Daclizumab,Masitinib,0.9245,0.1197,0.13023,1.1963,0.0495,0.3732,0.019,0.0019,0.1327,0.3,0.4,1.0,0.5,0.5,0.82,0.0,-2.1815,-3.6789,False,0.6667,0.425,0.4444,0.083,autoimmunity,False,True,False,True,False
1941,Methotrexate,Phenytoin,0.9157,0.00748,0.01683,1.836,0.0312,0.2867,0.0119,0.0,0.1089,0.3,0.4,1.0,1.0,0.7,0.8667,0.1,-2.3127,-2.5343,True,0.3333,0.525,0.2994,0.1075,hepatic,False,True,False,True,False
1942,Amiloride,Riluzole,0.8976,0.20698,0.21564,0.8127,0.0256,0.48,0.0075,0.0,0.0534,0.1,0.2,0.3333,1.0,0.65,1.0,-0.9583,-2.6837,-2.6115,False,0.3333,0.55,0.1029,0.0,hepatic,False,False,True,True,False
1943,Phenytoin,Riluzole,0.8969,0.20449,0.2136,0.8305,0.0276,0.421,0.0095,0.0,0.0656,0.1,0.2,0.7143,1.0,0.7,0.8667,-0.6667,-2.5343,-2.6115,False,0.3333,0.525,0.1745,0.0275,hepatic,False,True,False,True,False
1944,Evobrutinib,Orelabrutinib,0.8961,0.24439,0.25099,0.8031,0.033,0.5055,0.0106,0.0,0.0653,0.3,0.4,0.3333,0.5,0.55,1.0,-0.8,-2.076,-2.8405,False,0.3333,0.425,0.2002,0.0478,hepatic,True,True,True,True,False
1945,Methotrexate,Teriflunomide,0.8908,0.21945,0.22723,0.8167,0.039,0.4251,0.0149,0.0,0.0917,0.3,0.4,0.5,0.5,0.4,0.7333,-0.6857,-2.3127,-3.0107,False,1.0,0.375,0.3405,0.1673,infection,False,True,False,True,False
1946,Daclizumab,Phenytoin,0.8873,0.20698,0.21564,0.9461,0.031,0.3394,0.0119,0.0019,0.0912,0.2,0.4,1.0,1.0,0.7,0.82,0.125,-2.1815,-2.5343,True,0.3333,0.45,0.4535,0.0494,autoimmunity,False,True,False,True,False
1947,Orelabrutinib,Remibrutinib,0.8842,0.29426,0.29825,0.6686,0.0334,0.439,0.011,0.0,0.076,0.3,0.4,0.5714,0.5,0.55,1.0,-0.6,-2.8405,-1.7308,False,0.3333,0.45,0.192,0.0424,infection,True,True,True,True,False
1948,Teriflunomide,Vidofludimus calcium,0.8815,0.38653,0.38691,0.4092,0.0383,0.4229,0.0143,0.0,0.0907,0.3,0.4,0.5,0.5,0.4,0.8667,-0.8571,-3.0107,-1.6832,False,0.6667,0.325,0.2913,0.1087,hepatic,True,True,True,True,False
1949,Daclizumab,Teriflunomide,0.88,0.26434,0.26983,0.6969,0.0374,0.441,0.0133,0.0019,0.0848,0.3,0.4,0.625,0.5,0.4,0.6867,-0.5893,-2.1815,-3.0107,False,1.0,0.3,0.5063,0.0976,autoimmunity,False,True,False,True,False
1950,Cladribine,Sirolimus,0.8762,0.04738,0.06178,1.5708,0.0499,0.3938,0.023,0.0,0.1266,0.3,0.4,0.9167,0.5,0.35,0.8667,-0.0714,-2.961,-2.0409,False,0.3333,0.425,0.3859,0.0847,infection,False,True,False,True,False
1951,Evobrutinib,Methotrexate,0.8721,0.01746,0.03019,1.7447,0.0395,0.3251,0.0193,0.0,0.1214,0.4,0.2,1.0,0.5,0.45,1.0,0.1,-2.076,-2.3127,True,0.6667,0.45,0.3331,0.0747,infection,False,True,False,True,False
1952,Tocilizumab,Ustekinumab,0.8688,0.02743,0.04221,1.659,0.0694,0.5362,0.0302,0.0,0.1295,0.2,0.2,0.8,0.0,0.1,0.6867,-0.3333,-1.8119,-1.9172,False,0.3333,0.45,0.2039,0.0471,infection,False,True,False,True,False
1953,Daclizumab,Evobrutinib,0.8664,0.0798,0.09219,1.309,0.0392,0.378,0.019,0.0019,0.1037,0.4,0.2,1.0,0.5,0.45,0.6867,0.1,-2.1815,-2.076,True,0.6667,0.375,0.4125,0.0915,autoimmunity,False,True,False,True,False
1954,Alemtuzumab,Cladribine,0.8648,0.29426,0.29825,0.6032,0.0608,0.4502,0.0196,0.0,0.1351,0.2,0.2,0.5833,0.5,0.3,0.82,-0.6071,-3.018,-2.961,False,1.0,0.275,0.5922,0.1294,infection,False,True,False,True,False
1955,Daclizumab,Vidofludimus calcium,0.8639,0.15711,0.16732,1.0179,0.0375,0.461,0.0156,0.0019,0.0814,0.3,0.4,0.7143,0.5,0.4,0.82,-0.45,-2.1815,-1.6832,False,0.6667,0.375,0.4725,0.0628,autoimmunity,False,True,False,True,False
1956,Evobrutinib,Remibrutinib,0.8612,0.33666,0.33868,0.5067,0.0304,0.4849,0.0103,0.0,0.0628,0.3,0.2,0.3333,0.5,0.5,1.0,-0.8,-2.076,-1.7308,False,0.6667,0.425,0.2033,0.0516,hepatic,True,True,True,True,False
1957,Inebilizumab,Ublituximab,0.8612,0.31172,0.31532,0.5892,0.0541,0.6884,0.0149,0.0,0.0786,0.1,0.2,0.4444,0.0,0.05,0.5067,-0.7143,-2.8083,-2.5884,False,0.3333,0.3,0.2341,0.0699,infection,False,True,True,True,False
1958,Epigallocatechin gallate,Phenytoin,0.8599,0.03491,0.0496,1.947,0.0235,0.3343,0.0108,0.0,0.0703,0.3,0.4,0.875,0.75,0.7,0.8667,-0.3333,-1.555,-2.5343,False,0.3333,0.65,0.1704,0.0247,hepatic,False,True,False,True,False
1959,Lamotrigine,Phenytoin,0.8594,0.12718,0.13785,1.075,0.0215,0.4823,0.0082,0.0,0.0447,0.1,0.2,0.25,1.0,0.7,0.8667,-1.1667,-3.0679,-2.5343,False,0.3333,0.55,0.1498,0.011,teratogenicity,True,True,True,True,False
1960,Inebilizumab,Ocrelizumab,0.8582,0.36658,0.36749,0.4252,0.0578,0.6601,0.0138,0.0,0.0876,0.2,0.2,0.4,0.0,0.05,0.64,-0.7619,-2.8083,-2.7449,False,0.3333,0.275,0.2485,0.0838,infection,False,True,True,True,True
1961,Inebilizumab,Ofatumumab,0.8572,0.32668,0.32946,0.5022,0.0547,0.6961,0.0146,0.0,0.0786,0.1,0.2,0.3333,0.0,0.05,0.6867,-0.8036,-2.8083,-2.3838,False,0.3333,0.275,0.2341,0.0699,infection,False,True,True,True,True
1962,Daclizumab,Remibrutinib,0.8525,0.17456,0.18425,0.997,0.0389,0.3802,0.019,0.0019,0.1022,0.3,0.2,1.0,0.5,0.5,0.6867,0.1,-2.1815,-1.7308,True,0.6667,0.4,0.4111,0.0791,autoimmunity,False,True,False,True,False
1963,Secukinumab,Ustekinumab,0.8512,0.06234,0.07553,1.4404,0.0536,0.6031,0.0143,0.0,0.0889,0.2,0.2,0.5714,0.0,0.05,0.6867,-0.625,-1.895,-1.9172,False,0.3333,0.475,0.1196,0.0275,infection,False,True,False,True,True
1964,Methotrexate,Vidofludimus calcium,0.8487,0.13466,0.14541,1.1109,0.0372,0.4219,0.0154,0.0,0.0883,0.3,0.4,0.5714,0.5,0.4,0.8667,-0.6,-2.3127,-1.6832,False,0.6667,0.45,0.3207,0.1185,infection,False,True,False,True,False
1965,Alemtuzumab,Natalizumab-biosimilar,0.8482,0.02244,0.03628,1.8722,0.07,0.4062,0.0287,0.0,0.1722,0.4,0.2,1.0,0.0,0.05,0.3733,0.1,-3.018,-3.1195,True,0.6667,0.275,0.4804,0.1412,infection,False,True,False,True,False
1966,Cladribine,Methotrexate,0.8395,0.12219,0.1328,1.1814,0.0439,0.3613,0.017,0.0,0.1214,0.3,0.2,0.8,0.5,0.3,0.6,-0.3429,-2.961,-2.3127,False,1.0,0.4,0.4074,0.1426,infection,False,True,False,True,False
1967,Inebilizumab,Rituximab,0.8394,0.33167,0.33382,0.5229,0.0529,0.6727,0.0161,0.0,0.0786,0.1,0.2,0.4444,0.0,0.05,0.64,-0.7143,-2.8083,-2.5884,False,0.3333,0.3,0.2446,0.0779,infection,False,True,True,True,False
1968,Lamotrigine,Oxcarbazepine,0.8382,0.18953,0.19911,0.831,0.0201,0.4499,0.0068,0.0,0.0447,0.1,0.2,0.25,1.0,0.7,1.0,-0.875,-3.0679,-0.3516,False,0.3333,0.575,0.1082,0.0055,teratogenicity,True,True,True,True,False
1969,Daclizumab,Epigallocatechin gallate,0.8376,0.04239,0.05693,1.6798,0.0317,0.323,0.0126,0.0019,0.098,0.4,0.6,1.0,0.5,0.45,0.6867,0.0833,-2.1815,-1.555,True,0.3333,0.55,0.3758,0.0556,autoimmunity,False,True,False,True,False
1970,Methotrexate,Remibrutinib,0.8372,0.09726,0.10985,1.2891,0.0384,0.352,0.0186,0.0,0.1091,0.3,0.2,0.8889,0.5,0.5,1.0,-0.1,-2.3127,-1.7308,False,0.6667,0.475,0.3276,0.0665,infection,False,True,False,True,False
1971,Epigallocatechin gallate,Methotrexate,0.8274,0.01746,0.03019,2.1626,0.0311,0.2965,0.0118,0.0,0.1049,0.4,0.6,0.9,0.5,0.45,1.0,-0.1,-1.555,-2.3127,False,0.3333,0.625,0.2982,0.0371,hepatic,False,True,False,True,False
1972,Interferon beta-1a,Tocilizumab,0.824,0.00998,0.02038,2.0243,0.0665,0.3975,0.0312,0.0031,0.1674,0.3,0.2,0.8462,0.0,0.1,0.6867,-0.2778,-3.5867,-1.8119,False,0.3333,0.375,0.2255,0.0451,infection,False,True,False,True,False
1973,Secukinumab,Tocilizumab,0.821,0.02743,0.04221,1.5861,0.0524,0.5342,0.0171,0.0,0.0982,0.3,0.2,0.75,0.0,0.1,0.82,-0.4167,-1.895,-1.8119,False,0.3333,0.475,0.2,0.0412,infection,False,True,False,True,False
1974,Interferon beta-1a,Peginterferon beta-1a,0.8189,0.16209,0.17217,1.0292,0.052,0.4474,0.018,0.005,0.1163,0.3,0.2,0.2222,0.0,0.1,0.6867,-0.8889,-3.5867,-2.577,False,1.0,0.3,0.1539,0.0353,hepatic,True,True,True,True,False
1975,Interferon beta-1b,Tocilizumab,0.8176,0.01247,0.02374,2.0532,0.0634,0.3791,0.0281,0.0029,0.1674,0.3,0.2,0.9231,0.0,0.1,0.6867,-0.1458,-3.2696,-1.8119,False,0.3333,0.375,0.2255,0.0451,infection,False,True,False,True,False
1976,Interferon beta-1a,Interferon beta-1b,0.8163,0.25187,0.25801,0.7165,0.0539,0.4634,0.0199,0.005,0.1163,0.3,0.2,0.1111,0.0,0.1,0.82,-0.9444,-3.5867,-3.2696,False,1.0,0.3,0.1574,0.0387,hepatic,True,True,True,True,True
1977,Oxcarbazepine,Phenytoin,0.8146,0.14713,0.15794,1.1312,0.0189,0.4232,0.007,0.0,0.0447,0.1,0.2,0.5,1.0,0.7,0.8667,-0.6667,-0.3516,-2.5343,False,0.3333,0.575,0.1616,0.058,teratogenicity,True,True,True,True,False
1978,Peginterferon beta-1a,Tocilizumab,0.8099,0.00748,0.01683,1.9423,0.061,0.3931,0.0257,0.003,0.1551,0.3,0.2,0.9167,0.0,0.1,0.82,-0.1548,-2.577,-1.8119,False,0.3333,0.375,0.2214,0.0424,infection,False,True,False,True,False
1979,Interferon beta-1a,Methotrexate,0.7873,0.04988,0.06409,1.6814,0.0497,0.354,0.0157,0.0031,0.1402,0.3,0.2,0.7273,0.0,0.2,0.82,-0.4667,-3.5867,-2.3127,False,1.0,0.4,0.3157,0.0559,infection,False,True,False,True,False
1980,Interferon beta-1b,Methotrexate,0.7807,0.02244,0.03628,1.8024,0.0467,0.3332,0.0164,0.0029,0.1402,0.3,0.2,0.8182,0.0,0.2,0.82,-0.325,-3.2696,-2.3127,False,1.0,0.4,0.3157,0.0559,infection,False,True,False,True,False
1981,Cladribine,Cyclophosphamide,0.7794,0.23691,0.24405,0.7516,0.0458,0.4242,0.0189,0.0035,0.108,0.3,0.2,0.5556,0.5,0.3,0.42,-0.619,-2.961,-3.0549,False,1.0,0.375,0.4744,0.2344,infection,False,True,False,True,False
1982,Interferon beta-1b,Peginterferon beta-1a,0.7794,0.23192,0.23965,0.7122,0.0489,0.4635,0.0186,0.0049,0.1055,0.2,0.2,0.125,0.0,0.1,0.6867,-0.9375,-3.2696,-2.577,False,1.0,0.3,0.1539,0.0353,hepatic,True,True,True,True,True
1983,Natalizumab,Natalizumab-biosimilar,0.7793,0.35661,0.35785,0.4458,0.0521,0.5248,0.0117,0.0,0.0993,0.2,0.2,0.375,0.0,0.05,0.64,-0.8125,-3.0541,-3.1195,False,0.6667,0.25,0.2294,0.1588,infection,True,True,True,True,True
1984,Alemtuzumab,Sirolimus,0.7718,0.06983,0.08242,1.3665,0.0597,0.4867,0.0184,0.0,0.1226,0.3,0.4,0.6667,0.0,0.35,0.6867,-0.45,-3.018,-2.0409,False,0.3333,0.4,0.5275,0.1118,infection,False,True,False,True,False
1985,Azathioprine,Cladribine,0.7718,0.2793,0.2838,0.6082,0.0399,0.4139,0.013,0.0,0.0963,0.2,0.2,0.5,0.5,0.3,0.6,-0.6857,-1.9886,-2.961,False,1.0,0.375,0.4343,0.1618,infection,True,True,True,True,False
1986,Methotrexate,Peginterferon beta-1a,0.7696,0.03491,0.0496,1.8479,0.0443,0.346,0.0163,0.003,0.128,0.3,0.2,0.8,0.0,0.2,0.6867,-0.3429,-2.3127,-2.577,False,1.0,0.4,0.3129,0.0518,infection,False,True,False,True,False
1987,Daclizumab,Interferon beta-1a,0.7685,0.07232,0.08491,1.5337,0.0499,0.3744,0.0159,0.005,0.1333,0.3,0.2,0.8182,0.0,0.1,0.6867,-0.3611,-2.1815,-3.5867,False,1.0,0.325,0.3941,0.0735,autoimmunity,False,True,False,True,False
1988,Cladribine,Mitoxantrone,0.7642,0.2394,0.24637,0.7013,0.0411,0.4026,0.0142,0.0035,0.102,0.4,0.2,0.5556,0.5,0.3,0.6867,-0.619,-2.961,-3.0195,False,1.0,0.325,0.5396,0.1976,infection,False,True,False,True,False
1989,Firategrast,Natalizumab-biosimilar,0.7521,0.26683,0.27223,0.7881,0.0359,0.6072,0.0072,0.0,0.0592,0.2,0.2,0.2,0.0,0.3,0.6867,-0.9,-3.2771,-3.1195,False,0.3333,0.425,0.1863,0.0882,infection,False,False,True,True,True
1990,Firategrast,Natalizumab,0.7361,0.27182,0.27662,0.6426,0.0473,0.4764,0.0069,0.0,0.0993,0.2,0.2,0.5,0.0,0.3,0.6867,-0.75,-3.2771,-3.0541,False,0.3333,0.375,0.2216,0.0882,infection,False,False,True,True,False
1991,Alemtuzumab,Methotrexate,0.7336,0.10973,0.12088,1.1899,0.056,0.405,0.0147,0.0,0.1382,0.3,0.2,0.75,0.0,0.2,0.42,-0.45,-3.018,-2.3127,False,1.0,0.375,0.6402,0.0784,infection,False,True,False,True,False
1992,Mycophenolate mofetil,Sirolimus,0.7295,0.02993,0.04463,1.6833,0.0418,0.4379,0.0177,0.0,0.0955,0.3,0.4,0.7778,0.0,0.35,0.7333,-0.2833,-2.0615,-2.0409,False,0.3333,0.525,0.3718,0.0812,infection,False,True,False,True,False
1993,Daclizumab,Interferon beta-1b,0.7294,0.10224,0.11438,1.2694,0.0464,0.3783,0.016,0.0048,0.1226,0.2,0.2,0.8,0.0,0.1,0.6867,-0.375,-2.1815,-3.2696,False,1.0,0.325,0.3941,0.0735,autoimmunity,False,True,False,True,False
1994,Daclizumab,Peginterferon beta-1a,0.7234,0.11222,0.12336,1.255,0.0439,0.3981,0.016,0.0049,0.1103,0.2,0.2,0.7778,0.0,0.1,0.82,-0.3929,-2.1815,-2.577,False,1.0,0.325,0.3934,0.0674,autoimmunity,False,True,False,True,False
1995,Cladribine,Mycophenolate mofetil,0.7087,0.30673,0.31043,0.5609,0.0418,0.4342,0.0149,0.0,0.0963,0.2,0.2,0.5,0.5,0.3,0.6,-0.6857,-2.961,-2.0615,False,0.3333,0.4,0.3641,0.1712,infection,False,True,False,True,False
1996,Cyclophosphamide,Sirolimus,0.6998,0.04738,0.06178,1.5192,0.0465,0.4338,0.0202,0.0035,0.1072,0.4,0.4,0.8,0.0,0.35,0.5533,-0.25,-3.0549,-2.0409,False,0.3333,0.5,0.5041,0.1224,infection,False,True,False,True,False
1997,Methotrexate,Sirolimus,0.6993,0.07481,0.08723,1.4656,0.0404,0.4051,0.0163,0.0,0.0997,0.3,0.4,0.7778,0.0,0.35,0.7333,-0.2833,-2.3127,-2.0409,False,0.3333,0.525,0.3841,0.0835,infection,False,True,False,True,False
1998,Alemtuzumab,Azathioprine,0.6876,0.24688,0.25329,0.7322,0.0523,0.4627,0.011,0.0,0.1131,0.2,0.2,0.5,0.0,0.25,0.42,-0.75,-3.018,-1.9886,False,1.0,0.35,0.6343,0.1304,infection,False,True,False,True,False
1999,Alemtuzumab,Cyclophosphamide,0.6854,0.23691,0.24405,0.7715,0.0577,0.4623,0.0164,0.0035,0.1248,0.3,0.2,0.5455,0.0,0.25,0.24,-0.6667,-3.018,-3.0549,False,1.0,0.35,0.669,0.2084,infection,False,True,False,True,False
2000,Azathioprine,Sirolimus,0.6843,0.06983,0.08242,1.3999,0.0387,0.4101,0.0146,0.0,0.0944,0.3,0.4,0.7778,0.0,0.35,0.7333,-0.2833,-1.9886,-2.0409,False,0.3333,0.5,0.4149,0.0988,infection,False,True,False,True,False
2001,Mitoxantrone,Sirolimus,0.683,0.03491,0.0496,1.7166,0.0424,0.3631,0.0183,0.0035,0.1168,0.5,0.4,0.9091,0.0,0.35,0.82,-0.0833,-3.0195,-2.0409,False,0.3333,0.45,0.5561,0.0988,infection,False,True,False,True,False
2002,Daclizumab,Tocilizumab,0.6804,0.08229,0.09458,1.3065,0.0523,0.4609,0.017,0.0019,0.1135,0.2,0.2,0.8889,0.0,0.1,0.82,-0.2083,-2.1815,-1.8119,False,0.3333,0.4,0.4457,0.0965,autoimmunity,False,True,False,True,False
2003,Alemtuzumab,Mitoxantrone,0.6797,0.20449,0.2136,0.8767,0.055,0.4057,0.0137,0.0035,0.1355,0.4,0.2,0.6667,0.0,0.2,0.5067,-0.5333,-3.018,-3.0195,False,1.0,0.3,0.7041,0.2018,infection,False,True,False,True,False
2004,Methotrexate,Tocilizumab,0.6703,0.10474,0.11653,1.2903,0.049,0.4621,0.0137,0.0,0.1061,0.2,0.2,0.625,0.0,0.2,0.6867,-0.55,-2.3127,-1.8119,False,0.3333,0.475,0.3543,0.0918,infection,False,True,False,True,False
2005,Cyclophosphamide,Methotrexate,0.6427,0.08978,0.10226,1.3868,0.0407,0.3987,0.0144,0.0035,0.102,0.4,0.2,0.625,0.0,0.25,0.82,-0.55,-3.0549,-2.3127,False,1.0,0.475,0.539,0.1669,infection,False,True,False,True,False
2006,Azathioprine,Methotrexate,0.6197,0.08728,0.09969,1.3354,0.0331,0.3709,0.0138,0.0,0.0892,0.3,0.2,0.5714,0.0,0.25,1.0,-0.6,-1.9886,-2.3127,False,1.0,0.475,0.4411,0.1521,infection,False,True,False,True,False
2007,Alemtuzumab,Mycophenolate mofetil,0.6123,0.23691,0.24405,0.7418,0.0542,0.4792,0.0129,0.0,0.1131,0.2,0.2,0.5,0.0,0.2,0.42,-0.75,-3.018,-2.0615,False,0.3333,0.375,0.5833,0.1206,infection,False,True,False,True,False
2008,Daclizumab,Methotrexate,0.598,0.32668,0.32946,0.5526,0.0331,0.4312,0.0138,0.0019,0.0768,0.2,0.2,0.5,0.0,0.2,0.6867,-0.675,-2.1815,-2.3127,False,1.0,0.425,0.5298,0.1133,autoimmunity,False,True,False,True,False
2009,Azathioprine,Cyclophosphamide,0.5885,0.26933,0.2745,0.6868,0.0373,0.4345,0.0111,0.0035,0.0859,0.3,0.2,0.4286,0.0,0.25,0.82,-0.7333,-1.9886,-3.0549,False,1.0,0.45,0.5299,0.2221,infection,False,True,False,True,False
2010,Methotrexate,Mitoxantrone,0.5833,0.16958,0.17956,0.9286,0.0354,0.3507,0.0155,0.0035,0.1009,0.4,0.2,0.625,0.0,0.2,0.5533,-0.55,-2.3127,-3.0195,False,1.0,0.425,0.601,0.1333,infection,False,True,False,True,False
2011,Cyclophosphamide,Mitoxantrone,0.5726,0.29177,0.29618,0.6463,0.04,0.4136,0.0137,0.006,0.0967,0.4,0.2,0.5,0.0,0.25,0.3733,-0.6667,-3.0549,-3.0195,False,1.0,0.4,0.5745,0.3186,infection,False,True,False,True,False
2012,Methotrexate,Mycophenolate mofetil,0.559,0.09227,0.10468,1.3239,0.0361,0.3999,0.0154,0.0,0.0903,0.3,0.2,0.5714,0.0,0.2,1.0,-0.6,-2.3127,-2.0615,False,0.3333,0.5,0.3897,0.1426,infection,False,True,False,True,False
2013,Azathioprine,Mitoxantrone,0.5501,0.32918,0.33165,0.5376,0.0326,0.3764,0.0127,0.0035,0.0865,0.4,0.2,0.4286,0.0,0.25,0.5533,-0.7333,-1.9886,-3.0195,False,1.0,0.4,0.5902,0.1902,infection,False,True,False,True,False
2014,Azathioprine,Mycophenolate mofetil,0.5168,0.20948,0.21791,0.9186,0.0331,0.4455,0.0124,0.0,0.0742,0.2,0.2,0.3333,0.0,0.25,1.0,-0.8,-1.9886,-2.0615,False,0.3333,0.475,0.4255,0.1529,infection,False,True,True,True,False
2015,Cyclophosphamide,Mycophenolate mofetil,0.5135,0.29426,0.29825,0.5987,0.0385,0.5013,0.0123,0.0035,0.0769,0.3,0.2,0.1667,0.0,0.25,0.82,-0.9167,-3.0549,-2.0615,False,0.3333,0.475,0.4709,0.2203,infection,False,True,True,True,False
2016,Mitoxantrone,Mycophenolate mofetil,0.5012,0.18953,0.19911,0.8954,0.0357,0.3692,0.015,0.0035,0.0967,0.4,0.2,0.625,0.0,0.2,0.5533,-0.55,-3.0195,-2.0615,False,0.3333,0.425,0.5361,0.1835,infection,False,True,False,True,False
